date,GME,log_return,"Core, influential Redditors",Highly controversial,Scriptophobic,Unpopular,"Diamond Hands, Trading GME","GME Observations (Price, Volume, Holders, etc.)","MOD Posts, Many Links",News/Press Releases,Platform Terms/Government Regulations,Posts about shorts/short squeeze,Posts of Memes and Photos,Unclear Topic - lots of Twitter Links,"Unclear Topic - mix between future of gamestop, wealth, others",Users Commenting on Other Posts,"Core, influential Redditors community talking about Diamond Hands, Trading GME","Core, influential Redditors community talking about GME Observations (Price, Volume, Holders, etc.)","Core, influential Redditors community talking about MOD Posts, Many Links","Core, influential Redditors community talking about News/Press Releases","Core, influential Redditors community talking about Platform Terms/Government Regulations","Core, influential Redditors community talking about Posts about shorts/short squeeze","Core, influential Redditors community talking about Posts of Memes and Photos","Core, influential Redditors community talking about Unclear Topic - lots of Twitter Links","Core, influential Redditors community talking about Unclear Topic - mix between future of gamestop, wealth, others","Core, influential Redditors community talking about Users Commenting on Other Posts","Highly controversial community talking about Diamond Hands, Trading GME","Highly controversial community talking about GME Observations (Price, Volume, Holders, etc.)","Highly controversial community talking about MOD Posts, Many Links",Highly controversial community talking about News/Press Releases,Highly controversial community talking about Platform Terms/Government Regulations,Highly controversial community talking about Posts about shorts/short squeeze,Highly controversial community talking about Posts of Memes and Photos,Highly controversial community talking about Unclear Topic - lots of Twitter Links,"Highly controversial community talking about Unclear Topic - mix between future of gamestop, wealth, others",Highly controversial community talking about Users Commenting on Other Posts,"Scriptophobic community talking about Diamond Hands, Trading GME","Scriptophobic community talking about GME Observations (Price, Volume, Holders, etc.)","Scriptophobic community talking about MOD Posts, Many Links",Scriptophobic community talking about News/Press Releases,Scriptophobic community talking about Platform Terms/Government Regulations,Scriptophobic community talking about Posts about shorts/short squeeze,Scriptophobic community talking about Posts of Memes and Photos,Scriptophobic community talking about Unclear Topic - lots of Twitter Links,"Scriptophobic community talking about Unclear Topic - mix between future of gamestop, wealth, others",Scriptophobic community talking about Users Commenting on Other Posts,"Unpopular community talking about Diamond Hands, Trading GME","Unpopular community talking about GME Observations (Price, Volume, Holders, etc.)","Unpopular community talking about MOD Posts, Many Links",Unpopular community talking about News/Press Releases,Unpopular community talking about Platform Terms/Government Regulations,Unpopular community talking about Posts about shorts/short squeeze,Unpopular community talking about Posts of Memes and Photos,Unpopular community talking about Unclear Topic - lots of Twitter Links,"Unpopular community talking about Unclear Topic - mix between future of gamestop, wealth, others",Unpopular community talking about Users Commenting on Other Posts
2021-01-04,4.3125,0.0,0.0,0.0,0.0,1.0,0.0,0.0,0.0,0.0,0.0,0.0,0.0,0.0,1.0,0.0,0.0,0.0,0.0,0.0,0.0,0.0,0.0,0.0,0.0,0.0,0.0,0.0,0.0,0.0,0.0,0.0,0.0,0.0,0.0,0.0,0.0,0.0,0.0,0.0,0.0,0.0,0.0,0.0,0.0,0.0,0.0,0.0,0.0,0.0,0.0,0.0,0.0,0.0,1.0,0.0
2021-01-05,4.34250020980835,0.006932485090750144,0.0,0.0,0.0,1.0,0.0,1.0,0.0,0.0,0.0,0.0,0.0,0.0,0.0,0.0,0.0,0.0,0.0,0.0,0.0,0.0,0.0,0.0,0.0,0.0,0.0,0.0,0.0,0.0,0.0,0.0,0.0,0.0,0.0,0.0,0.0,0.0,0.0,0.0,0.0,0.0,0.0,0.0,0.0,0.0,0.0,1.0,0.0,0.0,0.0,0.0,0.0,0.0,0.0,0.0
2021-01-06,4.590000152587891,0.05542978986777424,0.0,0.0,1.0,0.0,0.0,0.0,0.0,0.0,0.0,0.0,0.0,0.0,1.0,0.0,0.0,0.0,0.0,0.0,0.0,0.0,0.0,0.0,0.0,0.0,0.0,0.0,0.0,0.0,0.0,0.0,0.0,0.0,0.0,0.0,0.0,0.0,0.0,0.0,0.0,0.0,0.0,0.0,1.0,0.0,0.0,0.0,0.0,0.0,0.0,0.0,0.0,0.0,0.0,0.0
2021-01-12,4.987500190734863,0.0005013902615282695,0.0,0.0,1.0,0.0,0.0,0.0,0.0,0.0,0.0,1.0,0.0,0.0,0.0,0.0,0.0,0.0,0.0,0.0,0.0,0.0,0.0,0.0,0.0,0.0,0.0,0.0,0.0,0.0,0.0,0.0,0.0,0.0,0.0,0.0,0.0,0.0,0.0,0.0,0.0,1.0,0.0,0.0,0.0,0.0,0.0,0.0,0.0,0.0,0.0,0.0,0.0,0.0,0.0,0.0
2021-01-14,9.977499961853027,0.23981903447185263,0.0,0.0,1.0,1.0,2.0,0.0,0.0,0.0,0.0,0.0,0.0,0.0,0.0,0.0,0.0,0.0,0.0,0.0,0.0,0.0,0.0,0.0,0.0,0.0,0.0,0.0,0.0,0.0,0.0,0.0,0.0,0.0,0.0,0.0,1.0,0.0,0.0,0.0,0.0,0.0,0.0,0.0,0.0,0.0,1.0,0.0,0.0,0.0,0.0,0.0,0.0,0.0,0.0,0.0
2021-01-15,8.875,-0.1170942187559727,0.0,0.0,1.0,2.0,1.0,1.0,0.0,0.0,0.0,1.0,0.0,0.0,0.0,0.0,0.0,0.0,0.0,0.0,0.0,0.0,0.0,0.0,0.0,0.0,0.0,0.0,0.0,0.0,0.0,0.0,0.0,0.0,0.0,0.0,1.0,0.0,0.0,0.0,0.0,0.0,0.0,0.0,0.0,0.0,0.0,1.0,0.0,0.0,0.0,1.0,0.0,0.0,0.0,0.0
2021-01-19,9.84000015258789,0.10321739120958194,0.0,0.0,0.0,3.0,1.0,0.0,0.0,0.0,0.0,1.0,0.0,0.0,0.0,1.0,0.0,0.0,0.0,0.0,0.0,0.0,0.0,0.0,0.0,0.0,0.0,0.0,0.0,0.0,0.0,0.0,0.0,0.0,0.0,0.0,0.0,0.0,0.0,0.0,0.0,0.0,0.0,0.0,0.0,0.0,1.0,0.0,0.0,0.0,0.0,1.0,0.0,0.0,0.0,1.0
2021-01-21,10.75749969482422,0.09526370061879834,0.0,0.0,0.0,3.0,1.0,0.0,0.0,0.0,0.0,1.0,0.0,0.0,1.0,0.0,0.0,0.0,0.0,0.0,0.0,0.0,0.0,0.0,0.0,0.0,0.0,0.0,0.0,0.0,0.0,0.0,0.0,0.0,0.0,0.0,0.0,0.0,0.0,0.0,0.0,0.0,0.0,0.0,0.0,0.0,1.0,0.0,0.0,0.0,0.0,1.0,0.0,0.0,1.0,0.0
2021-01-22,16.252500534057617,0.4126436185945502,1.0,0.0,3.0,9.0,6.0,0.0,0.0,1.0,0.0,2.0,0.0,0.0,2.0,2.0,0.0,0.0,0.0,0.0,0.0,0.0,0.0,0.0,1.0,0.0,0.0,0.0,0.0,0.0,0.0,0.0,0.0,0.0,0.0,0.0,1.0,0.0,0.0,0.0,0.0,0.0,0.0,0.0,1.0,1.0,5.0,0.0,0.0,1.0,0.0,2.0,0.0,0.0,0.0,1.0
2021-01-25,19.19750022888184,0.16653329818852816,3.0,0.0,14.0,48.0,29.0,1.0,3.0,1.0,1.0,10.0,8.0,2.0,4.0,6.0,1.0,0.0,1.0,0.0,0.0,0.0,0.0,0.0,0.0,1.0,0.0,0.0,0.0,0.0,0.0,0.0,0.0,0.0,0.0,0.0,4.0,0.0,0.0,0.0,0.0,2.0,6.0,0.0,1.0,1.0,24.0,1.0,2.0,1.0,1.0,8.0,2.0,2.0,3.0,4.0
2021-01-26,36.994998931884766,0.6560026653605899,1.0,1.0,6.0,35.0,12.0,2.0,2.0,0.0,1.0,12.0,1.0,0.0,8.0,5.0,0.0,0.0,0.0,0.0,0.0,1.0,0.0,0.0,0.0,0.0,0.0,0.0,0.0,0.0,0.0,0.0,0.0,0.0,0.0,1.0,1.0,1.0,0.0,0.0,0.0,1.0,1.0,0.0,1.0,1.0,11.0,1.0,2.0,0.0,1.0,10.0,0.0,0.0,7.0,3.0
2021-01-27,86.87750244140625,0.8537163690454002,1.0,5.0,10.0,130.0,66.0,7.0,4.0,3.0,6.0,12.0,3.0,7.0,18.0,20.0,1.0,0.0,0.0,0.0,0.0,0.0,0.0,0.0,0.0,0.0,4.0,1.0,0.0,0.0,0.0,0.0,0.0,0.0,0.0,0.0,3.0,0.0,1.0,0.0,0.0,2.0,0.0,1.0,2.0,1.0,58.0,6.0,3.0,3.0,6.0,10.0,3.0,6.0,16.0,19.0
2021-01-28,48.400001525878906,-0.5849992633020238,6.0,15.0,35.0,384.0,197.0,10.0,18.0,4.0,30.0,48.0,12.0,20.0,44.0,57.0,1.0,0.0,1.0,1.0,0.0,3.0,0.0,0.0,0.0,0.0,8.0,0.0,0.0,1.0,0.0,0.0,1.0,0.0,4.0,1.0,13.0,2.0,2.0,0.0,6.0,2.0,2.0,1.0,3.0,4.0,175.0,8.0,15.0,2.0,24.0,43.0,9.0,19.0,37.0,52.0
2021-01-29,81.25,0.5180309759608377,0.0,7.0,43.0,274.0,146.0,20.0,11.0,5.0,12.0,40.0,6.0,15.0,36.0,33.0,0.0,0.0,0.0,0.0,0.0,0.0,0.0,0.0,0.0,0.0,2.0,0.0,1.0,0.0,1.0,0.0,0.0,2.0,1.0,0.0,17.0,1.0,3.0,1.0,1.0,7.0,1.0,2.0,4.0,6.0,127.0,19.0,7.0,4.0,10.0,33.0,5.0,11.0,31.0,27.0
2021-02-01,56.25,-0.3677247801253174,1.0,7.0,25.0,177.0,82.0,8.0,11.0,7.0,10.0,21.0,8.0,6.0,21.0,36.0,0.0,0.0,0.0,1.0,0.0,0.0,0.0,0.0,0.0,0.0,4.0,0.0,0.0,0.0,0.0,1.0,0.0,0.0,1.0,1.0,6.0,1.0,2.0,2.0,1.0,3.0,0.0,1.0,4.0,5.0,72.0,7.0,9.0,4.0,9.0,17.0,8.0,5.0,16.0,30.0
2021-02-02,22.5,-0.916290731874155,1.0,5.0,28.0,235.0,99.0,12.0,13.0,6.0,9.0,47.0,9.0,10.0,30.0,34.0,0.0,0.0,0.0,0.0,0.0,1.0,0.0,0.0,0.0,0.0,3.0,0.0,0.0,0.0,0.0,0.0,1.0,1.0,0.0,0.0,8.0,2.0,3.0,2.0,1.0,3.0,1.0,0.0,3.0,5.0,88.0,10.0,10.0,4.0,8.0,43.0,7.0,9.0,27.0,29.0
2021-02-03,23.102500915527344,0.026425567198612724,2.0,4.0,25.0,140.0,63.0,4.0,10.0,6.0,4.0,30.0,4.0,8.0,20.0,22.0,1.0,0.0,0.0,0.0,0.0,0.0,0.0,1.0,0.0,0.0,3.0,0.0,0.0,0.0,0.0,1.0,0.0,0.0,0.0,0.0,9.0,1.0,2.0,0.0,2.0,4.0,1.0,1.0,4.0,1.0,50.0,3.0,8.0,6.0,2.0,25.0,3.0,6.0,16.0,21.0
2021-02-04,13.375,-0.546553583626917,3.0,7.0,18.0,125.0,54.0,5.0,7.0,5.0,4.0,24.0,5.0,5.0,21.0,23.0,1.0,0.0,1.0,0.0,0.0,1.0,0.0,0.0,0.0,0.0,3.0,0.0,0.0,0.0,0.0,0.0,0.0,1.0,1.0,2.0,4.0,0.0,2.0,2.0,0.0,6.0,0.0,0.0,4.0,0.0,46.0,5.0,4.0,3.0,4.0,17.0,5.0,4.0,16.0,21.0
2021-02-08,15.0,-0.060938305283434094,6.0,1.0,17.0,62.0,17.0,5.0,4.0,5.0,3.0,18.0,3.0,4.0,9.0,18.0,2.0,0.0,0.0,1.0,0.0,2.0,0.0,0.0,1.0,0.0,0.0,0.0,0.0,0.0,0.0,0.0,0.0,0.0,1.0,0.0,2.0,2.0,2.0,0.0,0.0,2.0,2.0,0.0,1.0,6.0,13.0,3.0,2.0,4.0,3.0,14.0,1.0,4.0,6.0,12.0
2021-02-09,12.577500343322754,-0.17614067042229237,8.0,1.0,22.0,85.0,37.0,4.0,6.0,7.0,2.0,20.0,3.0,3.0,16.0,18.0,1.0,0.0,2.0,2.0,0.0,2.0,0.0,0.0,1.0,0.0,0.0,0.0,0.0,0.0,0.0,0.0,0.0,0.0,0.0,1.0,6.0,1.0,3.0,0.0,0.0,5.0,0.0,0.0,4.0,3.0,30.0,3.0,1.0,5.0,2.0,13.0,3.0,3.0,11.0,14.0
2021-02-10,12.800000190734863,0.01753565514681486,14.0,2.0,43.0,170.0,50.0,10.0,39.0,6.0,1.0,38.0,9.0,6.0,19.0,51.0,2.0,1.0,1.0,0.0,0.0,4.0,0.0,0.0,0.0,6.0,0.0,0.0,1.0,0.0,0.0,0.0,0.0,0.0,1.0,0.0,9.0,2.0,2.0,1.0,0.0,13.0,2.0,2.0,1.0,11.0,39.0,7.0,35.0,5.0,1.0,21.0,7.0,4.0,17.0,34.0
2021-02-11,12.774999618530272,-0.0019550795976089478,21.0,2.0,61.0,274.0,87.0,12.0,21.0,19.0,12.0,61.0,10.0,6.0,55.0,75.0,4.0,0.0,2.0,0.0,2.0,2.0,0.0,0.0,0.0,11.0,0.0,0.0,0.0,0.0,0.0,1.0,0.0,0.0,1.0,0.0,11.0,3.0,0.0,4.0,2.0,12.0,0.0,2.0,15.0,12.0,72.0,9.0,19.0,15.0,8.0,46.0,10.0,4.0,39.0,52.0
2021-02-12,13.100000381469728,0.025122153097808488,18.0,2.0,73.0,334.0,114.0,27.0,15.0,14.0,20.0,68.0,16.0,10.0,66.0,77.0,0.0,3.0,1.0,2.0,0.0,6.0,0.0,0.0,3.0,3.0,0.0,0.0,1.0,0.0,0.0,0.0,0.0,0.0,0.0,1.0,16.0,4.0,4.0,2.0,5.0,9.0,3.0,1.0,11.0,18.0,98.0,20.0,9.0,10.0,15.0,53.0,13.0,9.0,52.0,55.0
2021-02-16,12.3774995803833,-0.056731984975062884,14.0,3.0,28.0,89.0,35.0,3.0,11.0,1.0,6.0,27.0,5.0,6.0,12.0,28.0,1.0,0.0,1.0,0.0,0.0,6.0,0.0,2.0,0.0,4.0,1.0,0.0,1.0,0.0,0.0,0.0,0.0,0.0,1.0,0.0,4.0,2.0,3.0,0.0,3.0,5.0,2.0,2.0,1.0,6.0,29.0,1.0,6.0,1.0,3.0,16.0,3.0,2.0,10.0,18.0
2021-02-17,11.484999656677246,-0.07483846810395155,7.0,0.0,33.0,136.0,38.0,6.0,5.0,17.0,11.0,21.0,5.0,4.0,43.0,26.0,0.0,1.0,0.0,1.0,1.0,1.0,1.0,0.0,2.0,0.0,0.0,0.0,0.0,0.0,0.0,0.0,0.0,0.0,0.0,0.0,6.0,1.0,1.0,7.0,2.0,4.0,1.0,1.0,9.0,1.0,32.0,4.0,4.0,9.0,8.0,16.0,3.0,3.0,32.0,25.0
2021-02-18,10.172499656677246,-0.12135383910429662,35.0,3.0,202.0,751.0,178.0,40.0,31.0,20.0,85.0,101.0,45.0,66.0,261.0,164.0,6.0,1.0,0.0,1.0,3.0,8.0,1.0,1.0,9.0,5.0,0.0,0.0,0.0,0.0,0.0,1.0,0.0,0.0,1.0,1.0,33.0,5.0,2.0,4.0,16.0,27.0,14.0,17.0,56.0,28.0,139.0,34.0,29.0,15.0,66.0,65.0,30.0,48.0,195.0,130.0
2021-02-19,10.147500038146973,-0.0024605936534568885,38.0,7.0,132.0,504.0,191.0,28.0,28.0,12.0,30.0,95.0,26.0,24.0,106.0,141.0,6.0,3.0,1.0,0.0,2.0,11.0,2.0,0.0,8.0,5.0,3.0,0.0,1.0,0.0,0.0,0.0,0.0,0.0,1.0,2.0,42.0,5.0,6.0,2.0,8.0,14.0,8.0,6.0,19.0,22.0,140.0,20.0,20.0,10.0,20.0,70.0,16.0,18.0,78.0,112.0
2021-02-22,11.5,0.12511966187904028,25.0,6.0,87.0,383.0,121.0,27.0,13.0,12.0,27.0,61.0,26.0,12.0,83.0,119.0,1.0,1.0,0.0,0.0,1.0,5.0,4.0,1.0,6.0,6.0,2.0,1.0,1.0,0.0,0.0,2.0,0.0,0.0,0.0,0.0,16.0,2.0,2.0,5.0,6.0,9.0,5.0,2.0,17.0,23.0,102.0,23.0,10.0,7.0,20.0,45.0,17.0,9.0,60.0,90.0
2021-02-23,11.24250030517578,-0.022645768561646795,36.0,5.0,89.0,397.0,139.0,38.0,21.0,21.0,20.0,66.0,23.0,20.0,82.0,97.0,8.0,1.0,1.0,0.0,3.0,9.0,4.0,1.0,6.0,3.0,2.0,0.0,1.0,1.0,0.0,0.0,0.0,0.0,0.0,1.0,25.0,6.0,2.0,4.0,3.0,10.0,2.0,3.0,21.0,13.0,104.0,31.0,17.0,16.0,14.0,47.0,17.0,16.0,55.0,80.0
2021-02-24,22.927499771118164,0.7126357866605528,57.0,11.0,219.0,1001.0,379.0,70.0,32.0,32.0,43.0,130.0,46.0,71.0,111.0,374.0,18.0,2.0,0.0,2.0,5.0,10.0,3.0,3.0,3.0,11.0,4.0,0.0,0.0,0.0,1.0,1.0,1.0,0.0,0.0,4.0,55.0,10.0,2.0,4.0,10.0,25.0,5.0,14.0,17.0,77.0,302.0,58.0,30.0,26.0,27.0,94.0,37.0,54.0,91.0,282.0
2021-02-25,27.1825008392334,0.17023636129568961,72.0,21.0,268.0,1429.0,595.0,107.0,49.0,28.0,44.0,193.0,56.0,76.0,199.0,443.0,20.0,8.0,5.0,1.0,1.0,10.0,4.0,0.0,7.0,16.0,10.0,1.0,0.0,1.0,1.0,2.0,0.0,0.0,0.0,6.0,81.0,11.0,8.0,9.0,8.0,28.0,9.0,10.0,33.0,71.0,484.0,87.0,36.0,17.0,34.0,153.0,43.0,66.0,159.0,350.0
2021-02-26,25.434999465942383,-0.06644725748602932,61.0,12.0,208.0,970.0,362.0,74.0,37.0,31.0,23.0,171.0,40.0,40.0,175.0,298.0,14.0,7.0,2.0,0.0,2.0,17.0,4.0,1.0,9.0,5.0,2.0,2.0,1.0,1.0,0.0,0.0,2.0,0.0,1.0,3.0,54.0,14.0,7.0,7.0,7.0,20.0,8.0,6.0,33.0,52.0,292.0,51.0,27.0,23.0,14.0,134.0,26.0,33.0,132.0,238.0
2021-03-01,30.100000381469727,0.16839902715047234,38.0,7.0,101.0,588.0,189.0,50.0,18.0,14.0,21.0,98.0,24.0,27.0,106.0,187.0,9.0,3.0,0.0,0.0,0.0,9.0,0.0,1.0,12.0,4.0,2.0,1.0,1.0,0.0,0.0,1.0,0.0,0.0,1.0,1.0,17.0,8.0,4.0,4.0,5.0,8.0,4.0,6.0,17.0,28.0,161.0,38.0,13.0,10.0,16.0,80.0,20.0,20.0,76.0,154.0
2021-03-02,29.545000076293945,-0.01861065704830851,38.0,9.0,115.0,630.0,216.0,54.0,26.0,20.0,20.0,111.0,35.0,28.0,120.0,162.0,10.0,5.0,0.0,2.0,0.0,10.0,2.0,2.0,4.0,3.0,2.0,2.0,0.0,0.0,0.0,0.0,2.0,0.0,1.0,2.0,25.0,8.0,8.0,0.0,4.0,14.0,8.0,3.0,24.0,21.0,179.0,39.0,18.0,18.0,16.0,87.0,23.0,23.0,91.0,136.0
2021-03-03,31.045000076293945,0.049523239894449594,43.0,11.0,135.0,624.0,211.0,47.0,19.0,23.0,28.0,97.0,45.0,19.0,98.0,226.0,6.0,5.0,1.0,0.0,0.0,8.0,4.0,1.0,5.0,13.0,4.0,1.0,0.0,0.0,0.0,2.0,1.0,0.0,1.0,2.0,29.0,5.0,2.0,8.0,6.0,13.0,7.0,1.0,17.0,47.0,172.0,36.0,16.0,15.0,22.0,74.0,33.0,17.0,75.0,164.0
2021-03-04,33.087501525878906,0.0637178463953111,48.0,17.0,141.0,670.0,260.0,61.0,27.0,20.0,23.0,102.0,25.0,24.0,121.0,213.0,11.0,6.0,3.0,1.0,3.0,5.0,4.0,0.0,9.0,6.0,10.0,0.0,1.0,1.0,0.0,2.0,0.0,1.0,1.0,1.0,38.0,9.0,4.0,4.0,2.0,19.0,3.0,6.0,22.0,34.0,201.0,46.0,19.0,14.0,18.0,76.0,18.0,17.0,89.0,172.0
2021-03-05,34.435001373291016,0.039917915207640264,52.0,15.0,136.0,647.0,250.0,48.0,28.0,9.0,24.0,108.0,25.0,34.0,129.0,195.0,9.0,6.0,1.0,0.0,2.0,11.0,4.0,2.0,7.0,10.0,3.0,0.0,0.0,1.0,1.0,1.0,0.0,0.0,1.0,8.0,37.0,5.0,8.0,1.0,4.0,19.0,4.0,2.0,29.0,27.0,201.0,37.0,19.0,7.0,17.0,77.0,17.0,30.0,92.0,150.0
2021-03-08,48.625,0.3450642730612754,33.0,15.0,86.0,468.0,204.0,40.0,12.0,12.0,22.0,49.0,18.0,28.0,76.0,141.0,6.0,1.0,2.0,0.0,0.0,9.0,4.0,2.0,4.0,5.0,7.0,0.0,0.0,0.0,0.0,0.0,2.0,0.0,3.0,3.0,27.0,5.0,2.0,2.0,2.0,7.0,5.0,4.0,12.0,20.0,164.0,34.0,8.0,10.0,20.0,33.0,7.0,22.0,57.0,113.0
2021-03-09,61.72499847412109,0.23855120857203452,61.0,24.0,195.0,1004.0,380.0,77.0,35.0,29.0,37.0,100.0,49.0,31.0,224.0,322.0,6.0,12.0,2.0,0.0,0.0,12.0,2.0,2.0,10.0,15.0,6.0,1.0,1.0,1.0,0.0,1.0,1.0,1.0,6.0,6.0,49.0,9.0,5.0,5.0,6.0,12.0,8.0,2.0,47.0,52.0,319.0,55.0,27.0,23.0,31.0,75.0,38.0,26.0,161.0,249.0
2021-03-10,66.25,0.07074645435568679,104.0,66.0,446.0,2225.0,931.0,148.0,60.0,50.0,43.0,290.0,128.0,103.0,299.0,789.0,21.0,6.0,2.0,3.0,3.0,19.0,7.0,2.0,13.0,28.0,24.0,2.0,1.0,2.0,2.0,6.0,3.0,1.0,6.0,19.0,130.0,24.0,8.0,12.0,7.0,48.0,15.0,16.0,46.0,140.0,756.0,116.0,49.0,33.0,31.0,217.0,103.0,84.0,234.0,602.0
2021-03-11,65.0,-0.019048194970694474,83.0,25.0,219.0,1194.0,351.0,135.0,49.0,37.0,35.0,180.0,83.0,41.0,213.0,397.0,7.0,12.0,6.0,4.0,0.0,16.0,7.0,2.0,13.0,16.0,4.0,4.0,2.0,2.0,1.0,6.0,1.0,0.0,1.0,4.0,55.0,22.0,3.0,1.0,6.0,20.0,17.0,7.0,31.0,57.0,285.0,97.0,38.0,30.0,28.0,138.0,58.0,32.0,168.0,320.0
2021-03-12,66.125,0.017159620282826284,61.0,22.0,184.0,938.0,279.0,56.0,43.0,29.0,29.0,154.0,62.0,45.0,178.0,330.0,10.0,2.0,5.0,0.0,1.0,15.0,5.0,3.0,5.0,15.0,5.0,2.0,1.0,0.0,1.0,0.0,0.0,0.0,4.0,9.0,35.0,7.0,6.0,4.0,4.0,24.0,12.0,8.0,33.0,51.0,229.0,45.0,31.0,25.0,23.0,115.0,45.0,34.0,136.0,255.0
2021-03-15,55.03499984741211,-0.18357754647566926,82.0,30.0,231.0,1250.0,497.0,100.0,30.0,29.0,34.0,156.0,60.0,82.0,172.0,433.0,20.0,5.0,4.0,3.0,2.0,17.0,6.0,3.0,5.0,17.0,11.0,2.0,1.0,1.0,1.0,4.0,0.0,1.0,2.0,7.0,75.0,11.0,3.0,6.0,4.0,11.0,11.0,14.0,30.0,66.0,391.0,82.0,22.0,19.0,27.0,124.0,43.0,64.0,135.0,343.0
2021-03-16,52.04249954223633,-0.05590866003907613,81.0,31.0,300.0,1528.0,569.0,86.0,38.0,38.0,45.0,221.0,63.0,83.0,260.0,537.0,17.0,6.0,1.0,2.0,7.0,14.0,2.0,2.0,11.0,19.0,5.0,2.0,1.0,0.0,3.0,3.0,2.0,1.0,3.0,11.0,84.0,11.0,2.0,5.0,4.0,26.0,15.0,14.0,43.0,96.0,463.0,67.0,34.0,31.0,31.0,178.0,44.0,66.0,203.0,411.0
2021-03-17,52.45249938964844,0.007847302848728518,69.0,21.0,229.0,1160.0,396.0,60.0,35.0,31.0,90.0,137.0,37.0,103.0,222.0,368.0,9.0,4.0,2.0,2.0,6.0,11.0,1.0,8.0,10.0,16.0,6.0,1.0,1.0,0.0,2.0,3.0,1.0,0.0,1.0,6.0,45.0,10.0,1.0,5.0,12.0,25.0,9.0,13.0,41.0,68.0,336.0,45.0,31.0,24.0,70.0,98.0,26.0,82.0,170.0,278.0
2021-03-18,50.4375,-0.03917304048227906,79.0,24.0,214.0,1206.0,390.0,77.0,42.0,23.0,88.0,153.0,65.0,66.0,198.0,421.0,13.0,5.0,5.0,4.0,9.0,7.0,5.0,0.0,9.0,22.0,5.0,1.0,1.0,0.0,2.0,3.0,1.0,0.0,2.0,9.0,47.0,17.0,6.0,3.0,12.0,15.0,11.0,8.0,32.0,63.0,325.0,54.0,30.0,16.0,65.0,128.0,48.0,58.0,155.0,327.0
2021-03-19,50.067501068115234,-0.0073628296992218,102.0,50.0,369.0,1862.0,562.0,115.0,50.0,44.0,61.0,216.0,79.0,132.0,313.0,811.0,14.0,4.0,3.0,3.0,2.0,14.0,4.0,8.0,17.0,33.0,12.0,1.0,1.0,2.0,0.0,5.0,1.0,2.0,7.0,19.0,69.0,24.0,8.0,7.0,9.0,40.0,12.0,19.0,58.0,123.0,467.0,86.0,38.0,32.0,50.0,157.0,62.0,103.0,231.0,636.0
2021-03-22,48.622501373291016,-0.02928570135188194,63.0,22.0,225.0,1087.0,306.0,58.0,48.0,38.0,66.0,130.0,85.0,63.0,226.0,377.0,8.0,4.0,5.0,3.0,2.0,13.0,5.0,0.0,8.0,15.0,4.0,3.0,1.0,2.0,0.0,1.0,3.0,1.0,1.0,6.0,55.0,11.0,5.0,6.0,14.0,14.0,13.0,9.0,47.0,51.0,239.0,40.0,37.0,27.0,50.0,102.0,64.0,53.0,170.0,305.0
2021-03-23,45.4375,-0.06774865968532577,89.0,44.0,355.0,1645.0,481.0,104.0,48.0,104.0,61.0,184.0,89.0,122.0,346.0,594.0,14.0,5.0,1.0,10.0,6.0,7.0,8.0,3.0,18.0,17.0,14.0,2.0,4.0,1.0,2.0,3.0,2.0,1.0,7.0,8.0,73.0,19.0,11.0,16.0,10.0,32.0,18.0,21.0,67.0,88.0,380.0,78.0,32.0,77.0,43.0,142.0,61.0,97.0,254.0,481.0
2021-03-24,30.084999084472656,-0.41231107705277953,119.0,64.0,435.0,2206.0,822.0,113.0,74.0,89.0,69.0,339.0,125.0,135.0,365.0,693.0,26.0,9.0,7.0,5.0,2.0,11.0,12.0,6.0,13.0,28.0,24.0,3.0,0.0,1.0,1.0,13.0,1.0,3.0,3.0,15.0,106.0,18.0,16.0,16.0,9.0,58.0,22.0,24.0,64.0,102.0,666.0,83.0,51.0,67.0,57.0,257.0,90.0,102.0,285.0,548.0
2021-03-25,45.9375,0.4232550987320968,95.0,59.0,352.0,1732.0,487.0,94.0,60.0,65.0,83.0,250.0,126.0,115.0,372.0,586.0,12.0,10.0,7.0,2.0,3.0,11.0,14.0,2.0,14.0,20.0,12.0,2.0,0.0,2.0,2.0,8.0,2.0,2.0,10.0,19.0,71.0,14.0,17.0,10.0,12.0,44.0,19.0,18.0,65.0,82.0,392.0,68.0,36.0,51.0,66.0,187.0,91.0,93.0,283.0,465.0
2021-03-26,45.25,-0.015079106827120305,78.0,33.0,235.0,1240.0,364.0,88.0,51.0,27.0,63.0,147.0,83.0,59.0,321.0,383.0,9.0,8.0,3.0,0.0,5.0,14.0,6.0,3.0,21.0,9.0,6.0,0.0,3.0,0.0,2.0,3.0,5.0,1.0,7.0,6.0,46.0,17.0,7.0,9.0,9.0,15.0,11.0,7.0,50.0,64.0,303.0,63.0,38.0,18.0,47.0,115.0,61.0,48.0,243.0,304.0
2021-03-29,45.32500076293945,0.0016561033276205144,40.0,27.0,149.0,760.0,181.0,40.0,34.0,43.0,55.0,109.0,41.0,36.0,134.0,303.0,4.0,5.0,4.0,3.0,1.0,7.0,2.0,1.0,3.0,10.0,6.0,4.0,0.0,1.0,0.0,5.0,2.0,1.0,1.0,7.0,19.0,6.0,0.0,8.0,10.0,18.0,11.0,7.0,23.0,47.0,152.0,25.0,30.0,31.0,44.0,79.0,26.0,27.0,107.0,239.0
2021-03-30,48.6150016784668,0.07007338631376198,73.0,45.0,193.0,788.0,152.0,52.0,41.0,45.0,36.0,112.0,45.0,55.0,203.0,358.0,3.0,5.0,4.0,3.0,2.0,7.0,6.0,4.0,17.0,22.0,11.0,1.0,1.0,1.0,1.0,6.0,2.0,2.0,10.0,10.0,19.0,8.0,11.0,11.0,7.0,10.0,7.0,12.0,41.0,67.0,119.0,38.0,25.0,30.0,26.0,89.0,30.0,37.0,135.0,259.0
2021-03-31,47.45500183105469,-0.024150227619788807,53.0,31.0,135.0,656.0,141.0,55.0,48.0,35.0,57.0,90.0,51.0,29.0,161.0,208.0,3.0,6.0,4.0,3.0,9.0,4.0,4.0,1.0,9.0,10.0,9.0,2.0,3.0,0.0,3.0,0.0,1.0,1.0,5.0,7.0,12.0,11.0,10.0,3.0,11.0,8.0,12.0,2.0,24.0,42.0,117.0,36.0,31.0,29.0,34.0,78.0,34.0,25.0,123.0,149.0
2021-04-01,47.86249923706055,0.008550368695649931,57.0,28.0,128.0,708.0,163.0,50.0,37.0,31.0,29.0,95.0,62.0,52.0,150.0,252.0,2.0,9.0,2.0,4.0,3.0,7.0,13.0,5.0,7.0,5.0,3.0,2.0,1.0,1.0,2.0,3.0,5.0,1.0,4.0,6.0,20.0,9.0,5.0,5.0,5.0,10.0,6.0,8.0,23.0,37.0,138.0,30.0,29.0,21.0,19.0,75.0,38.0,38.0,116.0,204.0
2021-04-05,46.73749923706055,-0.02378547688387186,79.0,73.0,298.0,1189.0,204.0,24.0,85.0,41.0,16.0,94.0,39.0,80.0,206.0,850.0,5.0,2.0,6.0,4.0,1.0,11.0,10.0,4.0,5.0,31.0,12.0,0.0,4.0,0.0,1.0,0.0,1.0,4.0,12.0,39.0,22.0,5.0,21.0,5.0,5.0,17.0,3.0,18.0,41.0,161.0,165.0,17.0,54.0,32.0,9.0,66.0,25.0,54.0,148.0,619.0
2021-04-06,46.125,-0.013191721618615527,15.0,4.0,30.0,171.0,26.0,7.0,21.0,4.0,4.0,13.0,4.0,7.0,36.0,98.0,1.0,0.0,2.0,0.0,1.0,4.0,0.0,1.0,1.0,5.0,0.0,0.0,0.0,0.0,0.0,0.0,0.0,0.0,1.0,3.0,5.0,2.0,0.0,0.0,2.0,1.0,0.0,1.0,4.0,15.0,20.0,5.0,19.0,4.0,1.0,8.0,4.0,5.0,30.0,75.0
2021-04-07,44.49250030517578,-0.03603445985964885,8.0,2.0,11.0,85.0,17.0,8.0,6.0,3.0,4.0,8.0,3.0,9.0,18.0,30.0,0.0,2.0,2.0,0.0,0.0,1.0,0.0,0.0,1.0,2.0,0.0,0.0,0.0,0.0,0.0,1.0,0.0,0.0,0.0,1.0,1.0,1.0,0.0,0.0,1.0,0.0,0.0,0.0,3.0,5.0,16.0,5.0,4.0,3.0,3.0,6.0,3.0,9.0,14.0,22.0
2021-04-08,42.56499862670898,-0.044288355428408505,17.0,8.0,34.0,108.0,31.0,2.0,5.0,18.0,24.0,20.0,16.0,8.0,25.0,18.0,0.0,0.0,2.0,3.0,2.0,5.0,3.0,1.0,1.0,0.0,0.0,0.0,0.0,1.0,1.0,1.0,2.0,1.0,1.0,1.0,7.0,1.0,1.0,5.0,4.0,2.0,4.0,2.0,7.0,1.0,24.0,1.0,2.0,9.0,17.0,12.0,7.0,4.0,16.0,16.0
2021-04-09,39.59000015258789,-0.07245572210039185,17.0,4.0,27.0,139.0,41.0,2.0,14.0,8.0,16.0,18.0,12.0,11.0,33.0,32.0,1.0,0.0,5.0,1.0,2.0,1.0,2.0,2.0,3.0,0.0,1.0,0.0,1.0,1.0,0.0,0.0,0.0,0.0,1.0,0.0,4.0,2.0,1.0,0.0,2.0,4.0,3.0,1.0,8.0,2.0,35.0,0.0,7.0,6.0,12.0,13.0,7.0,8.0,21.0,30.0
2021-04-12,35.272499084472656,-0.11547296742290604,7.0,2.0,26.0,142.0,34.0,5.0,8.0,4.0,12.0,23.0,11.0,16.0,19.0,45.0,1.0,0.0,4.0,0.0,0.0,1.0,0.0,0.0,0.0,1.0,0.0,0.0,0.0,0.0,0.0,0.0,0.0,1.0,0.0,1.0,2.0,1.0,0.0,1.0,5.0,3.0,3.0,1.0,6.0,4.0,31.0,4.0,4.0,3.0,7.0,19.0,8.0,14.0,13.0,39.0
2021-04-13,35.247501373291016,-0.0007089538305840706,6.0,3.0,23.0,98.0,23.0,0.0,7.0,3.0,9.0,18.0,9.0,7.0,24.0,30.0,1.0,0.0,1.0,0.0,0.0,0.0,2.0,0.0,2.0,0.0,1.0,0.0,0.0,0.0,0.0,0.0,0.0,1.0,1.0,0.0,1.0,0.0,0.0,2.0,1.0,4.0,2.0,1.0,5.0,7.0,20.0,0.0,6.0,1.0,8.0,14.0,5.0,5.0,16.0,23.0
2021-04-14,41.63249969482422,0.16648646120130753,8.0,5.0,29.0,120.0,30.0,7.0,11.0,11.0,9.0,18.0,5.0,5.0,35.0,31.0,1.0,0.0,1.0,0.0,1.0,3.0,1.0,0.0,1.0,0.0,1.0,0.0,2.0,0.0,1.0,0.0,0.0,0.0,0.0,1.0,5.0,1.0,3.0,1.0,0.0,4.0,1.0,1.0,7.0,6.0,23.0,6.0,5.0,10.0,7.0,11.0,3.0,4.0,27.0,24.0
2021-04-15,39.11000061035156,-0.06250290054661377,13.0,3.0,21.0,88.0,22.0,3.0,9.0,4.0,3.0,13.0,7.0,6.0,25.0,33.0,1.0,0.0,3.0,0.0,0.0,4.0,1.0,1.0,2.0,1.0,1.0,0.0,0.0,0.0,0.0,0.0,0.0,0.0,2.0,0.0,4.0,1.0,0.0,0.0,0.0,3.0,2.0,0.0,5.0,6.0,16.0,2.0,6.0,4.0,3.0,6.0,4.0,5.0,16.0,26.0
2021-04-16,38.67250061035156,-0.011249435462189676,4.0,3.0,23.0,106.0,32.0,5.0,6.0,7.0,3.0,12.0,11.0,5.0,23.0,32.0,1.0,0.0,0.0,0.0,1.0,0.0,1.0,0.0,0.0,1.0,1.0,0.0,0.0,0.0,0.0,0.0,0.0,0.0,0.0,2.0,3.0,2.0,0.0,1.0,0.0,3.0,2.0,2.0,6.0,4.0,27.0,3.0,6.0,6.0,2.0,9.0,8.0,3.0,17.0,25.0
2021-04-19,41.09249877929688,0.06069682448106026,5.0,5.0,20.0,86.0,34.0,6.0,4.0,6.0,4.0,10.0,4.0,2.0,20.0,26.0,0.0,0.0,1.0,0.0,0.0,1.0,0.0,0.0,2.0,1.0,3.0,0.0,0.0,0.0,0.0,2.0,0.0,0.0,0.0,0.0,8.0,0.0,0.0,1.0,2.0,0.0,1.0,0.0,4.0,4.0,23.0,6.0,3.0,5.0,2.0,7.0,3.0,2.0,14.0,21.0
2021-04-20,39.63249969482422,-0.036176112357210126,4.0,1.0,23.0,78.0,18.0,3.0,7.0,2.0,5.0,6.0,4.0,1.0,25.0,35.0,0.0,0.0,1.0,0.0,0.0,0.0,2.0,0.0,1.0,0.0,0.0,0.0,0.0,0.0,0.0,0.0,0.0,0.0,1.0,0.0,1.0,0.0,0.0,1.0,0.0,1.0,0.0,0.0,8.0,12.0,17.0,3.0,6.0,1.0,5.0,5.0,2.0,1.0,15.0,23.0
2021-04-21,39.62749862670898,-0.0001261940001963804,4.0,5.0,20.0,93.0,31.0,3.0,6.0,1.0,9.0,13.0,9.0,5.0,19.0,26.0,0.0,0.0,1.0,0.0,0.0,0.0,0.0,1.0,1.0,1.0,3.0,0.0,0.0,0.0,1.0,0.0,0.0,0.0,1.0,0.0,5.0,0.0,2.0,1.0,1.0,0.0,2.0,1.0,4.0,4.0,23.0,3.0,3.0,0.0,7.0,13.0,7.0,3.0,13.0,21.0
2021-04-22,37.79249954223633,-0.04741262890673744,4.0,5.0,35.0,111.0,37.0,2.0,8.0,7.0,10.0,20.0,13.0,4.0,21.0,33.0,0.0,0.0,1.0,0.0,0.0,2.0,0.0,1.0,0.0,0.0,0.0,0.0,0.0,0.0,0.0,2.0,1.0,0.0,1.0,1.0,11.0,1.0,1.0,2.0,3.0,1.0,6.0,0.0,3.0,7.0,26.0,1.0,6.0,5.0,7.0,15.0,6.0,3.0,17.0,25.0
2021-04-23,37.79499816894531,6.61121689580103e-05,9.0,8.0,43.0,139.0,29.0,3.0,10.0,10.0,37.0,10.0,18.0,5.0,37.0,40.0,0.0,0.0,1.0,0.0,2.0,1.0,3.0,0.0,2.0,0.0,1.0,0.0,1.0,0.0,2.0,0.0,0.0,0.0,1.0,3.0,4.0,0.0,2.0,3.0,9.0,1.0,6.0,0.0,8.0,10.0,24.0,3.0,6.0,7.0,24.0,8.0,9.0,5.0,26.0,27.0
2021-04-26,42.23249816894531,0.11101325316108407,5.0,13.0,46.0,150.0,46.0,10.0,6.0,9.0,36.0,16.0,21.0,4.0,21.0,45.0,1.0,0.0,1.0,0.0,0.0,0.0,0.0,0.0,1.0,2.0,3.0,0.0,0.0,1.0,2.0,1.0,2.0,0.0,2.0,2.0,8.0,3.0,0.0,3.0,8.0,3.0,7.0,2.0,3.0,9.0,34.0,7.0,5.0,5.0,26.0,12.0,12.0,2.0,15.0,32.0
2021-04-27,44.442501068115234,0.051006219390133015,11.0,9.0,32.0,130.0,41.0,8.0,5.0,6.0,19.0,22.0,12.0,4.0,22.0,43.0,0.0,0.0,1.0,0.0,0.0,3.0,2.0,0.0,3.0,2.0,3.0,1.0,0.0,1.0,1.0,0.0,2.0,0.0,0.0,1.0,5.0,1.0,1.0,0.0,3.0,4.0,3.0,2.0,6.0,7.0,33.0,6.0,3.0,5.0,15.0,15.0,5.0,2.0,13.0,33.0
2021-04-28,44.64500045776367,0.00454608637424639,7.0,5.0,39.0,110.0,36.0,7.0,10.0,4.0,20.0,27.0,6.0,2.0,29.0,20.0,2.0,0.0,1.0,0.0,0.0,1.0,1.0,0.0,2.0,0.0,2.0,0.0,0.0,0.0,0.0,2.0,1.0,0.0,0.0,0.0,6.0,1.0,5.0,1.0,5.0,6.0,2.0,0.0,8.0,5.0,26.0,6.0,4.0,3.0,15.0,18.0,2.0,2.0,19.0,15.0
2021-04-29,44.04750061035156,-0.013473718283279212,10.0,5.0,40.0,132.0,33.0,9.0,6.0,4.0,19.0,18.0,26.0,2.0,34.0,36.0,1.0,0.0,1.0,0.0,1.0,0.0,4.0,0.0,1.0,2.0,1.0,0.0,0.0,0.0,0.0,2.0,2.0,0.0,0.0,0.0,6.0,0.0,3.0,1.0,5.0,3.0,4.0,1.0,7.0,10.0,25.0,9.0,2.0,3.0,13.0,13.0,16.0,1.0,26.0,24.0
2021-04-30,43.397499084472656,-0.01486679627506295,4.0,10.0,32.0,113.0,33.0,3.0,7.0,5.0,18.0,13.0,14.0,4.0,17.0,45.0,0.0,0.0,1.0,1.0,0.0,0.0,1.0,0.0,1.0,0.0,2.0,0.0,0.0,0.0,3.0,0.0,3.0,0.0,2.0,0.0,6.0,1.0,0.0,1.0,4.0,2.0,2.0,2.0,5.0,9.0,25.0,2.0,6.0,3.0,11.0,11.0,8.0,2.0,9.0,36.0
2021-05-03,40.54999923706055,-0.06786605291761291,3.0,12.0,31.0,109.0,45.0,7.0,6.0,3.0,15.0,14.0,19.0,3.0,17.0,26.0,0.0,1.0,0.0,0.0,0.0,1.0,0.0,0.0,1.0,0.0,5.0,0.0,0.0,0.0,2.0,2.0,1.0,0.0,0.0,2.0,12.0,1.0,0.0,1.0,4.0,1.0,3.0,1.0,5.0,3.0,28.0,5.0,6.0,2.0,9.0,10.0,15.0,2.0,11.0,21.0
2021-05-04,40.182498931884766,-0.009104210867082272,4.0,7.0,31.0,133.0,45.0,1.0,4.0,5.0,20.0,23.0,14.0,4.0,23.0,36.0,2.0,0.0,1.0,0.0,1.0,0.0,0.0,0.0,0.0,0.0,4.0,0.0,0.0,0.0,0.0,0.0,1.0,0.0,0.0,2.0,9.0,0.0,1.0,1.0,6.0,1.0,3.0,0.0,7.0,3.0,30.0,1.0,2.0,4.0,13.0,22.0,10.0,4.0,16.0,31.0
2021-05-05,39.869998931884766,-0.007807416276241293,7.0,22.0,46.0,187.0,51.0,13.0,9.0,13.0,57.0,15.0,20.0,3.0,29.0,52.0,0.0,0.0,1.0,0.0,1.0,2.0,2.0,0.0,1.0,0.0,4.0,2.0,0.0,1.0,3.0,1.0,4.0,0.0,3.0,4.0,9.0,1.0,4.0,4.0,11.0,1.0,2.0,2.0,3.0,9.0,38.0,10.0,4.0,8.0,42.0,11.0,12.0,1.0,22.0,39.0
2021-05-06,40.25249862670898,0.009547945016728308,6.0,19.0,29.0,142.0,36.0,6.0,6.0,13.0,36.0,11.0,20.0,5.0,42.0,21.0,0.0,0.0,1.0,0.0,2.0,0.0,1.0,0.0,1.0,1.0,4.0,0.0,0.0,2.0,6.0,1.0,0.0,0.0,4.0,2.0,4.0,1.0,0.0,4.0,6.0,1.0,4.0,2.0,5.0,2.0,28.0,5.0,5.0,7.0,22.0,9.0,15.0,3.0,32.0,16.0
2021-05-07,40.27750015258789,0.0006209245513763472,4.0,2.0,25.0,88.0,16.0,2.0,5.0,6.0,16.0,7.0,9.0,6.0,29.0,23.0,0.0,0.0,0.0,0.0,1.0,0.0,1.0,0.0,2.0,0.0,0.0,0.0,0.0,0.0,0.0,0.0,0.0,0.0,0.0,2.0,5.0,2.0,0.0,2.0,1.0,1.0,3.0,1.0,5.0,5.0,11.0,0.0,5.0,4.0,14.0,6.0,5.0,5.0,22.0,16.0
2021-05-10,35.80500030517578,-0.1177054471892439,2.0,4.0,23.0,93.0,30.0,5.0,3.0,2.0,13.0,10.0,11.0,1.0,22.0,25.0,0.0,0.0,1.0,0.0,0.0,0.0,0.0,0.0,0.0,1.0,1.0,0.0,0.0,0.0,0.0,0.0,1.0,0.0,0.0,2.0,4.0,1.0,1.0,0.0,5.0,1.0,3.0,1.0,5.0,2.0,25.0,4.0,1.0,2.0,8.0,9.0,7.0,0.0,17.0,20.0
2021-05-11,36.72999954223633,0.0255062903864632,1.0,6.0,15.0,76.0,25.0,5.0,8.0,2.0,10.0,11.0,10.0,1.0,10.0,16.0,1.0,0.0,0.0,0.0,0.0,0.0,0.0,0.0,0.0,0.0,2.0,1.0,1.0,0.0,0.0,1.0,0.0,0.0,0.0,1.0,2.0,2.0,0.0,0.0,1.0,1.0,3.0,0.0,3.0,3.0,20.0,2.0,7.0,2.0,9.0,9.0,7.0,1.0,7.0,12.0
2021-05-12,36.1974983215332,-0.014603838064888802,4.0,5.0,20.0,82.0,19.0,2.0,1.0,2.0,9.0,12.0,15.0,4.0,14.0,33.0,0.0,0.0,0.0,0.0,0.0,0.0,2.0,0.0,2.0,0.0,1.0,0.0,0.0,0.0,2.0,0.0,0.0,0.0,0.0,2.0,2.0,0.0,0.0,0.0,4.0,2.0,3.0,1.0,2.0,6.0,16.0,2.0,1.0,2.0,3.0,10.0,10.0,3.0,10.0,25.0
2021-05-13,41.125,0.1276261997817858,4.0,4.0,23.0,100.0,41.0,6.0,2.0,6.0,5.0,8.0,10.0,9.0,21.0,23.0,0.0,0.0,1.0,0.0,0.0,1.0,1.0,1.0,0.0,0.0,2.0,0.0,0.0,1.0,0.0,0.0,0.0,0.0,0.0,1.0,3.0,2.0,1.0,1.0,1.0,3.0,5.0,1.0,5.0,1.0,36.0,4.0,0.0,4.0,4.0,4.0,4.0,7.0,16.0,21.0
2021-05-14,39.97999954223633,-0.02823689146309877,3.0,4.0,25.0,65.0,23.0,2.0,3.0,4.0,8.0,8.0,14.0,1.0,16.0,18.0,1.0,0.0,0.0,0.0,0.0,0.0,1.0,0.0,1.0,0.0,0.0,0.0,0.0,0.0,0.0,0.0,0.0,0.0,1.0,3.0,4.0,0.0,1.0,1.0,2.0,1.0,6.0,0.0,5.0,5.0,18.0,2.0,2.0,3.0,6.0,7.0,7.0,1.0,9.0,10.0
2021-05-17,45.150001525878906,0.12161099603632422,1.0,4.0,16.0,61.0,14.0,8.0,5.0,5.0,4.0,4.0,10.0,3.0,8.0,21.0,0.0,0.0,1.0,0.0,0.0,0.0,0.0,0.0,0.0,0.0,0.0,0.0,1.0,0.0,0.0,0.0,1.0,1.0,0.0,1.0,2.0,0.0,1.0,1.0,2.0,1.0,1.0,0.0,3.0,5.0,12.0,8.0,2.0,4.0,2.0,3.0,8.0,2.0,5.0,15.0
2021-05-18,45.16749954223633,0.00038747787238162663,2.0,4.0,21.0,58.0,11.0,8.0,6.0,5.0,10.0,5.0,3.0,6.0,9.0,22.0,0.0,0.0,1.0,1.0,0.0,0.0,0.0,0.0,0.0,0.0,0.0,0.0,0.0,0.0,2.0,0.0,0.0,0.0,1.0,1.0,1.0,3.0,3.0,1.0,4.0,0.0,1.0,2.0,1.0,5.0,10.0,5.0,2.0,3.0,4.0,5.0,2.0,4.0,7.0,16.0
2021-05-19,42.20750045776367,-0.06777985031637868,5.0,4.0,8.0,52.0,14.0,4.0,2.0,1.0,5.0,9.0,6.0,3.0,14.0,11.0,2.0,0.0,1.0,1.0,0.0,1.0,0.0,0.0,0.0,0.0,0.0,0.0,0.0,0.0,2.0,0.0,0.0,0.0,1.0,1.0,1.0,1.0,0.0,0.0,0.0,0.0,1.0,0.0,2.0,3.0,11.0,3.0,1.0,0.0,3.0,8.0,5.0,3.0,11.0,7.0
2021-05-20,42.622501373291016,0.009784373862344984,1.0,3.0,12.0,41.0,10.0,3.0,3.0,1.0,6.0,3.0,4.0,1.0,13.0,13.0,0.0,0.0,1.0,0.0,0.0,0.0,0.0,0.0,0.0,0.0,0.0,0.0,0.0,0.0,1.0,0.0,1.0,0.0,0.0,1.0,2.0,0.0,1.0,0.0,2.0,0.0,1.0,0.0,4.0,2.0,8.0,3.0,1.0,1.0,3.0,3.0,2.0,1.0,9.0,10.0
2021-05-21,44.1974983215332,0.03628587334442094,2.0,5.0,14.0,44.0,13.0,0.0,5.0,2.0,7.0,3.0,6.0,2.0,15.0,12.0,0.0,0.0,0.0,0.0,1.0,0.0,0.0,0.0,0.0,1.0,3.0,0.0,0.0,0.0,0.0,0.0,0.0,1.0,1.0,0.0,2.0,0.0,0.0,1.0,2.0,0.0,1.0,1.0,4.0,3.0,8.0,0.0,5.0,1.0,4.0,3.0,5.0,0.0,10.0,8.0
2021-05-24,45.00249862670898,0.018049824845308784,0.0,6.0,11.0,36.0,13.0,2.0,3.0,1.0,1.0,3.0,2.0,5.0,13.0,10.0,0.0,0.0,0.0,0.0,0.0,0.0,0.0,0.0,0.0,0.0,1.0,0.0,0.0,0.0,0.0,0.0,0.0,0.0,3.0,2.0,3.0,0.0,0.0,0.0,0.0,2.0,0.0,1.0,3.0,2.0,9.0,2.0,3.0,1.0,1.0,1.0,2.0,4.0,7.0,6.0
2021-05-25,52.35749816894531,0.1513771452915328,4.0,9.0,24.0,110.0,33.0,10.0,5.0,7.0,9.0,13.0,10.0,2.0,18.0,40.0,3.0,0.0,0.0,0.0,0.0,0.0,1.0,0.0,0.0,0.0,0.0,0.0,0.0,1.0,0.0,0.0,1.0,0.0,2.0,5.0,2.0,2.0,1.0,1.0,2.0,5.0,0.0,0.0,2.0,9.0,28.0,8.0,4.0,5.0,7.0,8.0,8.0,2.0,14.0,26.0
2021-05-26,60.63999938964844,0.14685957271057998,4.0,8.0,22.0,83.0,33.0,3.0,1.0,6.0,4.0,14.0,13.0,3.0,15.0,25.0,1.0,0.0,0.0,0.0,1.0,1.0,0.0,0.0,0.0,1.0,2.0,1.0,0.0,0.0,0.0,1.0,1.0,0.0,3.0,0.0,5.0,1.0,0.0,2.0,1.0,6.0,1.0,0.0,3.0,3.0,25.0,1.0,1.0,4.0,2.0,6.0,11.0,3.0,9.0,21.0
2021-05-27,63.532501220703125,0.046596873936564066,1.0,5.0,22.0,62.0,18.0,6.0,1.0,3.0,7.0,13.0,7.0,1.0,12.0,22.0,0.0,0.0,0.0,0.0,0.0,0.0,1.0,0.0,0.0,0.0,1.0,0.0,0.0,0.0,0.0,1.0,0.0,0.0,1.0,2.0,5.0,2.0,0.0,1.0,3.0,1.0,2.0,1.0,2.0,5.0,12.0,4.0,1.0,2.0,4.0,11.0,4.0,0.0,9.0,15.0
2021-05-28,55.5,-0.13516858445312704,2.0,5.0,17.0,76.0,23.0,0.0,2.0,1.0,7.0,15.0,8.0,3.0,12.0,29.0,0.0,0.0,0.0,0.0,0.0,1.0,1.0,0.0,0.0,0.0,3.0,0.0,0.0,0.0,0.0,0.0,0.0,1.0,1.0,0.0,1.0,0.0,0.0,1.0,0.0,3.0,1.0,0.0,1.0,10.0,19.0,0.0,2.0,0.0,7.0,11.0,6.0,2.0,10.0,19.0
