,date,0:0,0:1,0:2,0:3,0:4,0:5,0:6,0:7,0:8,0:9,1:0,1:1,1:2,1:3,1:4,1:5,1:6,1:7,1:8,1:9,2:0,2:1,2:2,2:3,2:4,2:5,2:6,2:7,2:8,2:9,3:0,3:1,3:2,3:3,3:4,3:5,3:6,3:7,3:8,3:9,4:0,4:1,4:2,4:3,4:4,4:5,4:6,4:7,4:8,4:9,5:0,5:1,5:2,5:3,5:4,5:5,5:6,5:7,5:8,5:9,6:0,6:1,6:2,6:3,6:4,6:5,6:6,6:7,6:8,6:9,7:0,7:1,7:2,7:3,7:4,7:5,7:6,7:7,7:8,7:9,all
0,2021-01-04,0.0,0.0,0.0,0.0,0.0,0.0,0.0,0.0,0.0,0.0,0.0,0.0,0.0,0.0,0.0,0.0,0.0,0.0,0.0,0.0,0.0,0.0,0.0,0.0,0.0,0.0,0.0,0.0,0.0,0.0,0.0,0.0,0.0,0.0,0.0,0.0,0.0,0.0,0.0,0.0,0.0,0.0,0.0,0.0,0.0,0.0,0.0,0.0,0.0,0.0,0.0,0.0,0.0,0.0,0.0,1.0,0.0,0.0,0.0,0.0,0.0,0.0,0.0,0.0,0.0,0.0,0.0,0.0,0.0,0.0,0.0,0.0,0.0,0.0,0.0,0.0,0.0,0.0,0.0,0.0,1.0
1,2021-01-05,0.0,0.0,0.0,0.0,0.0,0.0,0.0,0.0,0.0,0.0,0.0,0.0,0.0,0.0,0.0,0.0,0.0,0.0,0.0,0.0,0.0,0.0,0.0,0.0,0.0,0.0,0.0,0.0,0.0,0.0,0.0,0.0,0.0,0.0,0.0,0.0,0.0,0.0,0.0,0.0,0.0,0.0,0.0,0.0,0.0,0.0,0.0,0.0,0.0,0.0,0.0,0.0,0.0,0.0,1.0,0.0,0.0,0.0,0.0,0.0,0.0,0.0,0.0,0.0,0.0,0.0,0.0,0.0,0.0,0.0,0.0,0.0,0.0,0.0,0.0,0.0,0.0,0.0,0.0,0.0,1.0
2,2021-01-06,0.0,0.0,0.0,0.0,0.0,0.0,0.0,0.0,0.0,1.0,0.0,0.0,0.0,0.0,0.0,0.0,0.0,0.0,0.0,0.0,0.0,0.0,0.0,0.0,0.0,0.0,0.0,0.0,0.0,0.0,0.0,0.0,0.0,0.0,0.0,0.0,0.0,0.0,0.0,0.0,0.0,0.0,0.0,0.0,0.0,0.0,0.0,0.0,0.0,0.0,0.0,0.0,0.0,0.0,0.0,0.0,0.0,0.0,0.0,0.0,0.0,0.0,0.0,0.0,0.0,0.0,0.0,0.0,0.0,0.0,0.0,0.0,0.0,0.0,0.0,0.0,0.0,0.0,0.0,0.0,1.0
3,2021-01-10,0.0,0.0,0.0,0.0,0.0,0.0,0.0,0.0,0.0,0.0,0.0,0.0,0.0,0.0,0.0,0.0,0.0,0.0,0.0,0.0,0.0,0.0,0.0,0.0,0.0,0.0,0.0,0.0,0.0,0.0,0.0,0.0,0.0,0.0,0.0,0.0,0.0,0.0,0.0,0.0,0.0,0.0,0.0,0.0,0.0,0.0,0.0,0.0,0.0,0.0,0.0,0.0,0.0,0.0,0.0,0.0,1.0,0.0,0.0,0.0,0.0,0.0,0.0,0.0,0.0,0.0,0.0,0.0,0.0,0.0,0.0,0.0,0.0,0.0,0.0,0.0,0.0,0.0,0.0,0.0,1.0
4,2021-01-12,0.0,0.0,0.0,0.0,0.0,0.0,1.0,0.0,0.0,0.0,0.0,0.0,0.0,0.0,0.0,0.0,0.0,0.0,0.0,0.0,0.0,0.0,0.0,0.0,0.0,0.0,0.0,0.0,0.0,0.0,0.0,0.0,0.0,0.0,0.0,0.0,0.0,0.0,0.0,0.0,0.0,0.0,0.0,0.0,0.0,0.0,0.0,0.0,0.0,0.0,0.0,0.0,0.0,0.0,0.0,0.0,0.0,0.0,0.0,0.0,0.0,0.0,0.0,0.0,0.0,0.0,0.0,0.0,0.0,0.0,0.0,0.0,0.0,0.0,0.0,0.0,0.0,0.0,0.0,0.0,1.0
5,2021-01-14,0.0,0.0,0.0,0.0,0.0,0.0,0.0,0.0,0.0,0.0,0.0,0.0,0.0,0.0,0.0,0.0,0.0,0.0,0.0,0.0,0.0,0.0,0.0,0.0,0.0,0.0,0.0,0.0,0.0,0.0,0.0,0.0,1.0,0.0,0.0,0.0,0.0,0.0,0.0,0.0,0.0,0.0,1.0,0.0,0.0,0.0,0.0,0.0,0.0,0.0,0.0,0.0,0.0,0.0,0.0,0.0,0.0,0.0,0.0,0.0,0.0,0.0,0.0,0.0,0.0,0.0,0.0,0.0,0.0,0.0,0.0,0.0,0.0,0.0,0.0,0.0,0.0,0.0,0.0,0.0,2.0
6,2021-01-15,0.0,0.0,0.0,0.0,0.0,0.0,0.0,0.0,0.0,0.0,0.0,0.0,0.0,1.0,0.0,0.0,0.0,0.0,0.0,0.0,0.0,0.0,0.0,0.0,0.0,0.0,0.0,0.0,0.0,0.0,0.0,0.0,1.0,0.0,0.0,0.0,0.0,0.0,0.0,0.0,0.0,0.0,1.0,0.0,0.0,0.0,0.0,0.0,0.0,0.0,0.0,0.0,0.0,0.0,0.0,0.0,0.0,0.0,0.0,0.0,0.0,0.0,0.0,0.0,0.0,0.0,0.0,0.0,0.0,0.0,0.0,0.0,0.0,0.0,0.0,0.0,0.0,0.0,0.0,0.0,3.0
7,2021-01-16,0.0,0.0,0.0,0.0,0.0,0.0,0.0,0.0,0.0,0.0,0.0,0.0,0.0,0.0,0.0,0.0,0.0,0.0,0.0,0.0,0.0,0.0,0.0,0.0,0.0,0.0,0.0,0.0,0.0,0.0,0.0,0.0,0.0,0.0,0.0,0.0,0.0,0.0,0.0,0.0,0.0,0.0,0.0,0.0,0.0,0.0,0.0,0.0,0.0,0.0,0.0,0.0,0.0,1.0,0.0,0.0,0.0,0.0,1.0,0.0,0.0,0.0,0.0,0.0,0.0,0.0,0.0,0.0,0.0,0.0,0.0,0.0,0.0,0.0,0.0,0.0,0.0,0.0,0.0,0.0,2.0
8,2021-01-17,0.0,0.0,0.0,0.0,0.0,0.0,0.0,0.0,0.0,0.0,0.0,0.0,0.0,0.0,0.0,0.0,0.0,0.0,0.0,0.0,0.0,0.0,0.0,0.0,0.0,0.0,0.0,0.0,0.0,0.0,0.0,0.0,0.0,0.0,0.0,0.0,0.0,0.0,0.0,0.0,0.0,0.0,0.0,0.0,0.0,0.0,0.0,0.0,0.0,0.0,0.0,0.0,0.0,0.0,0.0,0.0,0.0,0.0,0.0,0.0,0.0,0.0,0.0,0.0,0.0,0.0,0.0,0.0,1.0,0.0,0.0,0.0,0.0,0.0,0.0,0.0,0.0,0.0,0.0,0.0,1.0
9,2021-01-18,0.0,0.0,0.0,0.0,0.0,0.0,0.0,0.0,0.0,0.0,0.0,0.0,0.0,0.0,0.0,0.0,0.0,0.0,0.0,0.0,0.0,0.0,0.0,0.0,0.0,0.0,0.0,0.0,0.0,0.0,0.0,0.0,0.0,0.0,0.0,0.0,0.0,0.0,0.0,0.0,0.0,0.0,0.0,0.0,0.0,0.0,0.0,0.0,0.0,0.0,0.0,0.0,0.0,0.0,0.0,0.0,0.0,0.0,0.0,0.0,0.0,0.0,0.0,0.0,1.0,0.0,1.0,0.0,1.0,1.0,0.0,0.0,0.0,0.0,0.0,0.0,0.0,0.0,0.0,0.0,4.0
10,2021-01-19,0.0,0.0,0.0,0.0,0.0,0.0,0.0,0.0,0.0,0.0,0.0,0.0,0.0,0.0,0.0,0.0,0.0,0.0,0.0,0.0,0.0,0.0,0.0,0.0,0.0,0.0,0.0,0.0,0.0,0.0,0.0,0.0,0.0,0.0,0.0,0.0,0.0,2.0,0.0,0.0,0.0,0.0,0.0,0.0,0.0,0.0,0.0,0.0,0.0,0.0,0.0,0.0,0.0,0.0,0.0,0.0,0.0,0.0,1.0,0.0,0.0,0.0,0.0,0.0,0.0,0.0,0.0,0.0,0.0,0.0,0.0,0.0,0.0,0.0,0.0,0.0,0.0,0.0,0.0,0.0,3.0
11,2021-01-21,0.0,0.0,0.0,0.0,0.0,0.0,0.0,0.0,0.0,0.0,0.0,0.0,0.0,0.0,0.0,0.0,0.0,1.0,0.0,0.0,0.0,0.0,0.0,0.0,0.0,0.0,0.0,0.0,0.0,0.0,0.0,0.0,0.0,0.0,0.0,0.0,0.0,0.0,0.0,0.0,0.0,0.0,1.0,0.0,0.0,0.0,0.0,0.0,0.0,1.0,0.0,0.0,0.0,0.0,0.0,0.0,0.0,0.0,0.0,0.0,0.0,0.0,0.0,0.0,0.0,0.0,0.0,0.0,0.0,0.0,0.0,0.0,0.0,0.0,0.0,0.0,0.0,0.0,0.0,0.0,3.0
12,2021-01-22,0.0,0.0,0.0,0.0,0.0,0.0,0.0,0.0,0.0,0.0,0.0,0.0,1.0,0.0,0.0,0.0,0.0,1.0,0.0,0.0,0.0,0.0,0.0,0.0,0.0,1.0,1.0,1.0,0.0,0.0,0.0,0.0,0.0,0.0,0.0,0.0,0.0,0.0,0.0,0.0,0.0,0.0,0.0,0.0,0.0,0.0,2.0,2.0,0.0,0.0,0.0,0.0,0.0,0.0,0.0,0.0,0.0,0.0,0.0,1.0,0.0,0.0,0.0,1.0,0.0,0.0,1.0,0.0,0.0,0.0,0.0,0.0,0.0,0.0,0.0,0.0,0.0,1.0,0.0,0.0,13.0
13,2021-01-23,1.0,0.0,0.0,0.0,0.0,0.0,0.0,0.0,0.0,0.0,0.0,0.0,1.0,0.0,0.0,0.0,0.0,0.0,1.0,0.0,0.0,0.0,0.0,0.0,0.0,0.0,0.0,0.0,0.0,0.0,0.0,0.0,0.0,0.0,0.0,0.0,0.0,0.0,1.0,0.0,0.0,0.0,1.0,0.0,0.0,0.0,0.0,1.0,1.0,0.0,0.0,0.0,0.0,0.0,0.0,0.0,0.0,0.0,0.0,0.0,0.0,0.0,0.0,0.0,0.0,0.0,1.0,0.0,0.0,0.0,0.0,0.0,0.0,0.0,0.0,0.0,0.0,0.0,0.0,0.0,8.0
14,2021-01-24,0.0,0.0,0.0,0.0,0.0,0.0,0.0,0.0,0.0,0.0,0.0,0.0,1.0,0.0,0.0,0.0,0.0,0.0,0.0,0.0,0.0,0.0,0.0,1.0,0.0,0.0,0.0,0.0,2.0,0.0,0.0,0.0,0.0,0.0,0.0,0.0,0.0,0.0,0.0,0.0,0.0,0.0,0.0,0.0,0.0,0.0,1.0,1.0,0.0,0.0,0.0,0.0,0.0,0.0,0.0,0.0,0.0,0.0,1.0,0.0,0.0,0.0,0.0,0.0,0.0,0.0,0.0,0.0,0.0,0.0,0.0,0.0,0.0,0.0,0.0,0.0,0.0,0.0,0.0,0.0,7.0
15,2021-01-25,0.0,0.0,0.0,0.0,0.0,0.0,0.0,0.0,1.0,0.0,0.0,2.0,4.0,3.0,0.0,0.0,2.0,11.0,3.0,1.0,0.0,0.0,2.0,1.0,0.0,0.0,1.0,3.0,1.0,0.0,2.0,0.0,1.0,0.0,0.0,0.0,0.0,2.0,0.0,1.0,2.0,0.0,4.0,2.0,1.0,1.0,0.0,5.0,1.0,0.0,0.0,0.0,0.0,0.0,6.0,0.0,0.0,1.0,0.0,0.0,0.0,0.0,0.0,0.0,0.0,0.0,0.0,1.0,0.0,0.0,0.0,0.0,0.0,0.0,0.0,0.0,0.0,0.0,0.0,0.0,65.0
16,2021-01-26,0.0,0.0,0.0,0.0,0.0,0.0,1.0,0.0,0.0,0.0,1.0,2.0,3.0,1.0,0.0,0.0,2.0,8.0,2.0,0.0,0.0,0.0,0.0,0.0,0.0,0.0,0.0,2.0,3.0,0.0,0.0,0.0,1.0,2.0,0.0,0.0,1.0,1.0,1.0,0.0,0.0,1.0,1.0,0.0,0.0,1.0,2.0,5.0,2.0,0.0,0.0,0.0,0.0,0.0,1.0,0.0,0.0,0.0,0.0,0.0,0.0,0.0,0.0,0.0,0.0,0.0,0.0,0.0,0.0,0.0,0.0,0.0,0.0,0.0,0.0,0.0,0.0,0.0,0.0,0.0,44.0
17,2021-01-27,0.0,0.0,0.0,0.0,0.0,0.0,1.0,0.0,0.0,0.0,4.0,2.0,7.0,3.0,0.0,5.0,5.0,13.0,3.0,2.0,0.0,2.0,4.0,3.0,1.0,1.0,0.0,13.0,2.0,0.0,3.0,0.0,8.0,1.0,0.0,4.0,3.0,17.0,3.0,1.0,1.0,0.0,2.0,2.0,0.0,0.0,0.0,9.0,2.0,1.0,1.0,0.0,1.0,0.0,2.0,0.0,0.0,1.0,0.0,1.0,1.0,2.0,1.0,0.0,1.0,0.0,1.0,3.0,0.0,0.0,0.0,0.0,0.0,1.0,0.0,0.0,1.0,2.0,0.0,0.0,147.0
18,2021-01-28,0.0,1.0,0.0,0.0,0.0,1.0,0.0,2.0,0.0,0.0,13.0,7.0,25.0,5.0,4.0,17.0,7.0,76.0,12.0,3.0,4.0,3.0,10.0,2.0,3.0,7.0,2.0,21.0,6.0,0.0,11.0,2.0,9.0,4.0,2.0,7.0,2.0,37.0,2.0,8.0,5.0,5.0,6.0,2.0,2.0,9.0,4.0,39.0,8.0,6.0,1.0,1.0,2.0,0.0,2.0,1.0,1.0,6.0,1.0,0.0,1.0,0.0,2.0,0.0,4.0,6.0,2.0,3.0,1.0,2.0,0.0,0.0,1.0,0.0,0.0,0.0,0.0,1.0,1.0,0.0,440.0
19,2021-01-29,0.0,2.0,1.0,1.0,0.0,0.0,0.0,5.0,0.0,1.0,6.0,3.0,11.0,4.0,14.0,5.0,5.0,39.0,8.0,9.0,3.0,2.0,18.0,2.0,2.0,4.0,2.0,15.0,5.0,3.0,5.0,2.0,12.0,0.0,4.0,3.0,4.0,30.0,3.0,1.0,3.0,1.0,8.0,1.0,1.0,3.0,0.0,31.0,5.0,1.0,0.0,2.0,3.0,1.0,2.0,1.0,0.0,5.0,1.0,0.0,0.0,0.0,3.0,2.0,1.0,5.0,1.0,7.0,0.0,1.0,1.0,1.0,0.0,0.0,0.0,0.0,0.0,1.0,1.0,0.0,327.0
20,2021-01-30,0.0,0.0,0.0,0.0,0.0,0.0,0.0,0.0,1.0,0.0,0.0,1.0,4.0,0.0,0.0,2.0,3.0,3.0,2.0,1.0,3.0,1.0,2.0,0.0,0.0,2.0,0.0,4.0,6.0,1.0,3.0,1.0,3.0,0.0,0.0,2.0,3.0,3.0,1.0,0.0,1.0,1.0,1.0,0.0,1.0,0.0,0.0,9.0,1.0,1.0,0.0,0.0,0.0,0.0,1.0,0.0,1.0,2.0,1.0,0.0,1.0,0.0,1.0,0.0,0.0,2.0,1.0,1.0,1.0,0.0,1.0,0.0,0.0,0.0,0.0,1.0,0.0,0.0,0.0,0.0,81.0
21,2021-01-31,0.0,1.0,0.0,0.0,0.0,0.0,1.0,1.0,0.0,0.0,0.0,1.0,0.0,0.0,0.0,3.0,1.0,3.0,1.0,1.0,3.0,2.0,2.0,1.0,0.0,2.0,3.0,4.0,1.0,2.0,4.0,1.0,5.0,1.0,1.0,1.0,2.0,6.0,2.0,0.0,4.0,0.0,0.0,1.0,0.0,1.0,1.0,5.0,1.0,3.0,0.0,1.0,1.0,0.0,0.0,0.0,0.0,1.0,0.0,1.0,0.0,0.0,1.0,0.0,0.0,1.0,0.0,5.0,2.0,1.0,0.0,0.0,0.0,0.0,0.0,0.0,1.0,0.0,0.0,1.0,88.0
22,2021-02-01,0.0,1.0,0.0,0.0,0.0,0.0,0.0,1.0,1.0,0.0,2.0,3.0,3.0,1.0,1.0,0.0,3.0,11.0,0.0,0.0,2.0,2.0,10.0,0.0,2.0,3.0,4.0,17.0,2.0,3.0,2.0,1.0,7.0,1.0,4.0,3.0,3.0,17.0,6.0,2.0,5.0,4.0,7.0,0.0,1.0,2.0,3.0,31.0,4.0,2.0,2.0,1.0,1.0,1.0,5.0,0.0,1.0,1.0,0.0,0.0,0.0,1.0,2.0,1.0,0.0,1.0,1.0,5.0,0.0,2.0,0.0,1.0,1.0,1.0,0.0,0.0,2.0,4.0,0.0,0.0,211.0
23,2021-02-02,0.0,1.0,1.0,0.0,0.0,0.0,0.0,0.0,0.0,0.0,3.0,1.0,10.0,0.0,3.0,3.0,7.0,21.0,3.0,3.0,0.0,3.0,8.0,2.0,2.0,1.0,3.0,14.0,5.0,4.0,7.0,3.0,10.0,6.0,4.0,3.0,6.0,17.0,7.0,5.0,5.0,1.0,13.0,0.0,2.0,2.0,5.0,26.0,10.0,2.0,0.0,1.0,1.0,0.0,2.0,0.0,2.0,4.0,0.0,0.0,0.0,1.0,2.0,1.0,1.0,0.0,2.0,9.0,3.0,0.0,0.0,1.0,2.0,0.0,1.0,1.0,1.0,2.0,1.0,0.0,270.0
24,2021-02-03,0.0,0.0,0.0,0.0,0.0,0.0,1.0,1.0,0.0,0.0,2.0,4.0,2.0,1.0,2.0,1.0,2.0,11.0,2.0,0.0,3.0,3.0,5.0,2.0,0.0,0.0,5.0,17.0,3.0,1.0,1.0,3.0,5.0,2.0,0.0,0.0,5.0,8.0,5.0,2.0,1.0,1.0,9.0,0.0,2.0,0.0,3.0,14.0,5.0,6.0,0.0,0.0,3.0,0.0,2.0,0.0,1.0,5.0,3.0,0.0,1.0,2.0,0.0,0.0,1.0,0.0,1.0,5.0,0.0,2.0,1.0,1.0,1.0,0.0,0.0,0.0,1.0,1.0,0.0,1.0,172.0
25,2021-02-04,0.0,1.0,0.0,0.0,1.0,0.0,1.0,0.0,0.0,1.0,1.0,1.0,2.0,0.0,3.0,2.0,3.0,11.0,2.0,2.0,1.0,4.0,10.0,1.0,1.0,1.0,5.0,4.0,4.0,1.0,0.0,1.0,5.0,0.0,2.0,3.0,2.0,16.0,1.0,2.0,1.0,4.0,3.0,1.0,1.0,0.0,4.0,12.0,4.0,2.0,1.0,0.0,1.0,0.0,0.0,0.0,1.0,4.0,0.0,0.0,1.0,0.0,2.0,0.0,0.0,0.0,3.0,8.0,0.0,0.0,1.0,1.0,0.0,0.0,0.0,0.0,0.0,3.0,1.0,0.0,154.0
26,2021-02-07,0.0,0.0,0.0,0.0,0.0,0.0,0.0,0.0,0.0,0.0,0.0,0.0,0.0,0.0,0.0,0.0,0.0,0.0,0.0,0.0,0.0,0.0,0.0,0.0,0.0,0.0,0.0,0.0,0.0,0.0,0.0,0.0,0.0,0.0,0.0,0.0,0.0,0.0,0.0,0.0,1.0,0.0,0.0,0.0,0.0,0.0,0.0,0.0,0.0,0.0,0.0,0.0,0.0,0.0,0.0,0.0,0.0,0.0,0.0,0.0,0.0,0.0,0.0,0.0,0.0,0.0,0.0,0.0,0.0,0.0,0.0,0.0,0.0,0.0,0.0,0.0,0.0,0.0,0.0,0.0,1.0
27,2021-02-08,0.0,0.0,0.0,0.0,0.0,0.0,0.0,2.0,0.0,1.0,0.0,0.0,2.0,0.0,1.0,0.0,3.0,2.0,1.0,1.0,2.0,1.0,3.0,0.0,0.0,0.0,2.0,7.0,7.0,0.0,0.0,0.0,1.0,0.0,0.0,0.0,0.0,6.0,1.0,0.0,1.0,9.0,2.0,0.0,3.0,3.0,3.0,11.0,1.0,1.0,0.0,0.0,0.0,1.0,0.0,0.0,0.0,1.0,1.0,0.0,1.0,0.0,0.0,1.0,0.0,0.0,1.0,2.0,0.0,1.0,0.0,0.0,1.0,0.0,0.0,0.0,0.0,0.0,0.0,0.0,87.0
28,2021-02-09,0.0,0.0,1.0,1.0,2.0,1.0,0.0,1.0,0.0,0.0,0.0,0.0,3.0,0.0,3.0,1.0,3.0,7.0,0.0,0.0,3.0,0.0,2.0,1.0,2.0,2.0,7.0,9.0,6.0,1.0,1.0,1.0,2.0,1.0,0.0,0.0,1.0,2.0,0.0,0.0,2.0,2.0,7.0,1.0,4.0,0.0,3.0,10.0,5.0,2.0,0.0,1.0,0.0,0.0,0.0,0.0,3.0,1.0,3.0,0.0,0.0,1.0,1.0,2.0,0.0,0.0,4.0,1.0,1.0,0.0,0.0,0.0,0.0,0.0,0.0,0.0,0.0,0.0,0.0,0.0,118.0
29,2021-02-10,0.0,0.0,1.0,1.0,0.0,0.0,0.0,2.0,0.0,0.0,1.0,1.0,3.0,1.0,2.0,2.0,7.0,10.0,4.0,0.0,4.0,3.0,8.0,0.0,6.0,2.0,2.0,8.0,6.0,0.0,0.0,1.0,3.0,0.0,1.0,0.0,2.0,4.0,2.0,0.0,2.0,4.0,8.0,1.0,4.0,1.0,6.0,37.0,11.0,4.0,0.0,3.0,3.0,0.0,1.0,1.0,1.0,4.0,2.0,1.0,0.0,28.0,1.0,1.0,2.0,2.0,4.0,7.0,0.0,2.0,0.0,0.0,0.0,0.0,0.0,0.0,0.0,1.0,0.0,0.0,229.0
30,2021-02-11,0.0,1.0,2.0,0.0,0.0,0.0,2.0,2.0,3.0,3.0,4.0,2.0,10.0,2.0,2.0,4.0,5.0,24.0,5.0,1.0,5.0,7.0,6.0,3.0,3.0,2.0,16.0,24.0,9.0,1.0,1.0,1.0,4.0,0.0,0.0,2.0,2.0,5.0,4.0,1.0,7.0,13.0,12.0,4.0,14.0,3.0,32.0,42.0,12.0,7.0,2.0,1.0,3.0,0.0,2.0,0.0,3.0,4.0,2.0,0.0,1.0,2.0,5.0,0.0,0.0,0.0,4.0,11.0,4.0,0.0,0.0,0.0,0.0,0.0,0.0,0.0,1.0,0.0,0.0,0.0,359.0
31,2021-02-12,0.0,1.0,3.0,1.0,0.0,2.0,1.0,3.0,0.0,0.0,3.0,3.0,11.0,3.0,8.0,2.0,8.0,23.0,5.0,6.0,6.0,8.0,13.0,4.0,4.0,1.0,15.0,32.0,7.0,5.0,1.0,3.0,9.0,2.0,5.0,1.0,4.0,17.0,8.0,1.0,13.0,7.0,14.0,9.0,5.0,5.0,19.0,53.0,17.0,6.0,1.0,4.0,3.0,1.0,0.0,1.0,4.0,4.0,2.0,1.0,5.0,2.0,4.0,1.0,0.0,3.0,4.0,8.0,3.0,2.0,0.0,0.0,0.0,0.0,0.0,0.0,0.0,2.0,0.0,0.0,432.0
32,2021-02-13,0.0,1.0,0.0,0.0,1.0,0.0,3.0,2.0,0.0,0.0,2.0,1.0,2.0,0.0,0.0,4.0,12.0,12.0,1.0,0.0,4.0,1.0,7.0,2.0,8.0,3.0,14.0,9.0,2.0,1.0,0.0,2.0,2.0,0.0,3.0,0.0,5.0,3.0,3.0,1.0,8.0,1.0,4.0,3.0,4.0,0.0,22.0,20.0,7.0,3.0,2.0,0.0,0.0,2.0,0.0,1.0,3.0,3.0,1.0,0.0,1.0,0.0,2.0,0.0,1.0,1.0,2.0,4.0,0.0,2.0,0.0,0.0,1.0,0.0,0.0,0.0,0.0,2.0,0.0,1.0,212.0
33,2021-02-14,0.0,0.0,1.0,0.0,0.0,0.0,0.0,4.0,1.0,0.0,3.0,2.0,1.0,0.0,1.0,3.0,9.0,10.0,0.0,1.0,5.0,1.0,2.0,2.0,5.0,4.0,11.0,12.0,2.0,2.0,1.0,1.0,0.0,0.0,1.0,1.0,1.0,6.0,0.0,0.0,12.0,3.0,6.0,1.0,7.0,1.0,22.0,16.0,4.0,8.0,1.0,0.0,0.0,1.0,0.0,1.0,3.0,5.0,0.0,0.0,0.0,0.0,1.0,1.0,1.0,1.0,1.0,0.0,0.0,0.0,0.0,0.0,1.0,0.0,0.0,0.0,0.0,0.0,0.0,0.0,190.0
34,2021-02-15,0.0,0.0,0.0,0.0,0.0,0.0,1.0,0.0,2.0,2.0,0.0,0.0,1.0,1.0,0.0,1.0,8.0,8.0,0.0,1.0,5.0,4.0,2.0,4.0,5.0,4.0,8.0,11.0,2.0,3.0,0.0,1.0,2.0,0.0,0.0,1.0,3.0,4.0,1.0,0.0,8.0,4.0,10.0,3.0,4.0,3.0,16.0,17.0,8.0,3.0,0.0,2.0,3.0,2.0,0.0,0.0,3.0,2.0,0.0,0.0,1.0,1.0,1.0,0.0,0.0,0.0,3.0,5.0,2.0,1.0,0.0,0.0,1.0,0.0,0.0,0.0,0.0,0.0,0.0,0.0,188.0
35,2021-02-16,0.0,1.0,0.0,0.0,0.0,0.0,2.0,1.0,0.0,0.0,1.0,0.0,2.0,2.0,0.0,1.0,6.0,3.0,3.0,1.0,1.0,4.0,1.0,0.0,3.0,1.0,6.0,4.0,1.0,1.0,0.0,3.0,2.0,0.0,0.0,0.0,0.0,1.0,1.0,1.0,5.0,0.0,5.0,2.0,9.0,2.0,13.0,16.0,3.0,2.0,0.0,0.0,0.0,1.0,0.0,3.0,2.0,1.0,0.0,1.0,1.0,0.0,1.0,0.0,1.0,1.0,4.0,2.0,3.0,1.0,0.0,1.0,0.0,0.0,0.0,0.0,1.0,1.0,0.0,0.0,135.0
36,2021-02-17,0.0,0.0,0.0,0.0,0.0,0.0,1.0,0.0,1.0,0.0,3.0,2.0,4.0,1.0,3.0,1.0,3.0,13.0,2.0,1.0,5.0,1.0,5.0,1.0,2.0,0.0,6.0,8.0,0.0,3.0,2.0,0.0,0.0,1.0,0.0,0.0,2.0,6.0,0.0,2.0,3.0,9.0,5.0,1.0,4.0,8.0,10.0,18.0,5.0,8.0,1.0,3.0,1.0,0.0,1.0,0.0,1.0,2.0,1.0,2.0,3.0,0.0,2.0,0.0,1.0,1.0,1.0,2.0,0.0,2.0,0.0,1.0,1.0,0.0,0.0,0.0,0.0,0.0,0.0,0.0,176.0
37,2021-02-18,4.0,2.0,2.0,5.0,5.0,0.0,6.0,10.0,0.0,1.0,17.0,4.0,11.0,5.0,8.0,6.0,43.0,50.0,5.0,13.0,31.0,6.0,19.0,0.0,13.0,11.0,47.0,57.0,16.0,11.0,3.0,5.0,6.0,1.0,3.0,1.0,18.0,11.0,3.0,0.0,61.0,21.0,24.0,3.0,31.0,16.0,102.0,81.0,30.0,33.0,6.0,4.0,1.0,1.0,2.0,1.0,16.0,10.0,3.0,6.0,8.0,3.0,6.0,1.0,9.0,2.0,23.0,16.0,4.0,3.0,2.0,0.0,1.0,0.0,2.0,1.0,3.0,1.0,0.0,0.0,996.0
38,2021-02-19,1.0,0.0,2.0,0.0,3.0,2.0,3.0,8.0,1.0,2.0,10.0,4.0,14.0,4.0,7.0,7.0,19.0,34.0,4.0,5.0,14.0,13.0,24.0,8.0,10.0,9.0,30.0,48.0,6.0,7.0,2.0,1.0,10.0,3.0,3.0,1.0,7.0,18.0,1.0,3.0,19.0,12.0,20.0,7.0,19.0,14.0,32.0,94.0,15.0,14.0,3.0,4.0,6.0,1.0,1.0,2.0,7.0,5.0,0.0,2.0,6.0,3.0,11.0,1.0,2.0,2.0,13.0,8.0,1.0,4.0,0.0,1.0,1.0,0.0,1.0,1.0,2.0,3.0,0.0,0.0,685.0
39,2021-02-20,1.0,0.0,0.0,1.0,0.0,1.0,3.0,3.0,1.0,2.0,8.0,0.0,3.0,1.0,5.0,2.0,11.0,9.0,3.0,4.0,11.0,3.0,4.0,3.0,2.0,3.0,21.0,19.0,5.0,4.0,1.0,1.0,2.0,1.0,1.0,1.0,3.0,5.0,3.0,1.0,13.0,9.0,10.0,3.0,8.0,9.0,31.0,48.0,15.0,6.0,1.0,2.0,2.0,0.0,0.0,4.0,4.0,6.0,2.0,1.0,1.0,0.0,3.0,0.0,5.0,2.0,3.0,8.0,4.0,0.0,0.0,1.0,0.0,0.0,0.0,1.0,1.0,2.0,0.0,0.0,357.0
40,2021-02-21,0.0,0.0,1.0,0.0,0.0,0.0,2.0,3.0,1.0,1.0,3.0,1.0,4.0,0.0,4.0,2.0,8.0,18.0,1.0,1.0,5.0,3.0,6.0,0.0,6.0,4.0,13.0,18.0,4.0,4.0,0.0,1.0,1.0,0.0,1.0,2.0,5.0,4.0,2.0,0.0,7.0,9.0,8.0,1.0,17.0,8.0,17.0,38.0,10.0,7.0,1.0,1.0,1.0,0.0,0.0,3.0,2.0,2.0,0.0,0.0,0.0,2.0,4.0,0.0,2.0,2.0,4.0,7.0,1.0,1.0,0.0,0.0,0.0,0.0,1.0,0.0,1.0,1.0,0.0,0.0,287.0
41,2021-02-22,0.0,0.0,2.0,0.0,1.0,1.0,0.0,3.0,1.0,1.0,3.0,2.0,5.0,4.0,8.0,1.0,13.0,38.0,8.0,0.0,6.0,3.0,12.0,4.0,6.0,6.0,13.0,37.0,11.0,3.0,1.0,2.0,3.0,0.0,1.0,1.0,4.0,9.0,0.0,0.0,15.0,13.0,21.0,13.0,16.0,8.0,34.0,75.0,14.0,8.0,1.0,2.0,3.0,2.0,0.0,2.0,4.0,6.0,5.0,0.0,4.0,0.0,8.0,2.0,1.0,3.0,9.0,9.0,4.0,1.0,1.0,1.0,1.0,1.0,2.0,0.0,1.0,1.0,0.0,0.0,504.0
42,2021-02-23,0.0,0.0,3.0,0.0,0.0,1.0,4.0,4.0,3.0,1.0,4.0,3.0,7.0,2.0,7.0,7.0,17.0,22.0,3.0,9.0,3.0,3.0,14.0,1.0,9.0,8.0,19.0,43.0,4.0,7.0,3.0,2.0,3.0,3.0,1.0,0.0,5.0,9.0,5.0,2.0,16.0,9.0,34.0,8.0,15.0,8.0,38.0,65.0,16.0,14.0,2.0,1.0,3.0,1.0,2.0,0.0,3.0,9.0,1.0,2.0,1.0,1.0,10.0,1.0,2.0,2.0,4.0,13.0,2.0,4.0,0.0,3.0,0.0,0.0,0.0,0.0,0.0,0.0,1.0,0.0,532.0
43,2021-02-24,0.0,1.0,3.0,3.0,2.0,3.0,9.0,25.0,3.0,4.0,6.0,12.0,29.0,9.0,19.0,14.0,21.0,120.0,14.0,17.0,5.0,13.0,32.0,10.0,17.0,10.0,20.0,140.0,13.0,17.0,2.0,7.0,9.0,6.0,2.0,5.0,9.0,33.0,2.0,10.0,21.0,20.0,52.0,15.0,24.0,12.0,43.0,181.0,27.0,21.0,3.0,2.0,6.0,4.0,5.0,5.0,11.0,35.0,5.0,3.0,3.0,2.0,12.0,3.0,7.0,6.0,14.0,53.0,11.0,2.0,1.0,1.0,0.0,0.0,0.0,0.0,0.0,7.0,3.0,0.0,1296.0
44,2021-02-25,2.0,2.0,8.0,1.0,3.0,4.0,5.0,25.0,4.0,2.0,19.0,16.0,38.0,8.0,17.0,10.0,32.0,203.0,21.0,16.0,7.0,21.0,67.0,17.0,18.0,13.0,37.0,161.0,20.0,15.0,2.0,3.0,11.0,2.0,5.0,5.0,12.0,59.0,9.0,6.0,13.0,23.0,83.0,25.0,34.0,15.0,82.0,268.0,39.0,25.0,3.0,2.0,5.0,4.0,12.0,3.0,9.0,49.0,5.0,4.0,7.0,5.0,20.0,9.0,13.0,5.0,23.0,66.0,5.0,5.0,0.0,3.0,2.0,1.0,2.0,0.0,3.0,7.0,0.0,0.0,1805.0
45,2021-02-26,0.0,2.0,3.0,1.0,1.0,1.0,7.0,14.0,4.0,2.0,7.0,12.0,30.0,5.0,17.0,2.0,34.0,100.0,17.0,7.0,12.0,13.0,36.0,15.0,14.0,5.0,33.0,125.0,11.0,14.0,6.0,1.0,13.0,3.0,5.0,0.0,10.0,31.0,4.0,1.0,27.0,22.0,65.0,25.0,31.0,3.0,61.0,168.0,20.0,17.0,3.0,2.0,11.0,6.0,5.0,3.0,10.0,32.0,4.0,3.0,5.0,4.0,18.0,8.0,6.0,4.0,13.0,41.0,6.0,5.0,0.0,2.0,2.0,0.0,1.0,0.0,0.0,4.0,0.0,0.0,1255.0
46,2021-02-27,1.0,0.0,2.0,1.0,1.0,0.0,5.0,4.0,0.0,2.0,3.0,6.0,8.0,1.0,2.0,3.0,15.0,29.0,2.0,4.0,10.0,10.0,15.0,7.0,6.0,6.0,19.0,56.0,10.0,2.0,4.0,6.0,9.0,2.0,2.0,1.0,7.0,8.0,0.0,0.0,13.0,10.0,24.0,4.0,11.0,6.0,48.0,65.0,22.0,6.0,3.0,2.0,2.0,5.0,1.0,2.0,10.0,16.0,0.0,2.0,6.0,3.0,3.0,0.0,4.0,3.0,10.0,10.0,6.0,3.0,0.0,0.0,1.0,0.0,0.0,0.0,4.0,0.0,0.0,0.0,574.0
47,2021-02-28,2.0,1.0,1.0,1.0,0.0,0.0,9.0,9.0,2.0,1.0,8.0,5.0,8.0,2.0,2.0,7.0,22.0,28.0,7.0,3.0,13.0,5.0,18.0,6.0,10.0,4.0,30.0,40.0,10.0,10.0,2.0,7.0,3.0,3.0,2.0,2.0,5.0,11.0,4.0,3.0,17.0,12.0,19.0,7.0,13.0,3.0,37.0,68.0,19.0,5.0,4.0,0.0,9.0,1.0,1.0,3.0,11.0,22.0,5.0,4.0,6.0,4.0,9.0,2.0,1.0,4.0,18.0,20.0,15.0,1.0,0.0,1.0,0.0,0.0,1.0,0.0,0.0,3.0,2.0,0.0,653.0
48,2021-03-01,3.0,0.0,1.0,1.0,0.0,1.0,6.0,1.0,0.0,0.0,3.0,3.0,18.0,5.0,11.0,7.0,31.0,47.0,4.0,4.0,13.0,4.0,24.0,8.0,9.0,10.0,35.0,54.0,9.0,5.0,2.0,3.0,7.0,3.0,5.0,1.0,7.0,15.0,3.0,3.0,10.0,15.0,27.0,21.0,15.0,7.0,40.0,91.0,23.0,8.0,2.0,3.0,6.0,2.0,0.0,1.0,9.0,13.0,0.0,0.0,5.0,5.0,6.0,4.0,4.0,3.0,12.0,28.0,8.0,3.0,0.0,0.0,0.0,1.0,0.0,1.0,2.0,3.0,0.0,0.0,744.0
49,2021-03-02,2.0,3.0,2.0,0.0,4.0,2.0,3.0,4.0,1.0,1.0,4.0,5.0,12.0,8.0,8.0,6.0,15.0,65.0,8.0,4.0,1.0,16.0,28.0,7.0,5.0,7.0,37.0,50.0,7.0,2.0,1.0,3.0,9.0,1.0,6.0,2.0,4.0,22.0,2.0,1.0,10.0,16.0,30.0,16.0,27.0,8.0,44.0,105.0,25.0,13.0,3.0,1.0,5.0,2.0,1.0,1.0,12.0,21.0,5.0,0.0,3.0,2.0,14.0,2.0,3.0,3.0,15.0,23.0,7.0,4.0,1.0,0.0,2.0,0.0,0.0,2.0,2.0,1.0,0.0,0.0,797.0
50,2021-03-03,0.0,2.0,2.0,3.0,0.0,3.0,5.0,7.0,1.0,1.0,4.0,6.0,15.0,8.0,12.0,8.0,20.0,54.0,6.0,2.0,7.0,4.0,19.0,4.0,12.0,5.0,30.0,74.0,10.0,9.0,3.0,3.0,10.0,4.0,4.0,1.0,15.0,20.0,2.0,3.0,8.0,8.0,22.0,19.0,25.0,9.0,62.0,97.0,23.0,13.0,0.0,7.0,3.0,2.0,5.0,3.0,13.0,9.0,7.0,2.0,3.0,0.0,21.0,2.0,9.0,2.0,7.0,24.0,11.0,3.0,2.0,0.0,2.0,0.0,0.0,0.0,2.0,5.0,0.0,0.0,828.0
51,2021-03-04,0.0,0.0,1.0,1.0,4.0,2.0,4.0,9.0,1.0,1.0,6.0,4.0,16.0,6.0,8.0,2.0,14.0,53.0,6.0,3.0,4.0,6.0,36.0,7.0,10.0,8.0,35.0,70.0,10.0,7.0,2.0,0.0,6.0,6.0,4.0,2.0,14.0,25.0,5.0,2.0,16.0,13.0,38.0,17.0,23.0,12.0,45.0,132.0,20.0,12.0,2.0,1.0,5.0,4.0,4.0,1.0,10.0,23.0,3.0,0.0,6.0,5.0,12.0,4.0,1.0,2.0,12.0,35.0,8.0,3.0,0.0,0.0,0.0,0.0,0.0,1.0,2.0,5.0,0.0,2.0,879.0
52,2021-03-05,1.0,0.0,3.0,0.0,1.0,2.0,7.0,11.0,0.0,1.0,5.0,4.0,15.0,5.0,11.0,7.0,25.0,64.0,9.0,2.0,5.0,9.0,12.0,14.0,8.0,6.0,27.0,63.0,9.0,7.0,3.0,4.0,5.0,4.0,3.0,2.0,9.0,21.0,1.0,0.0,16.0,7.0,40.0,16.0,20.0,9.0,66.0,126.0,17.0,7.0,2.0,3.0,5.0,1.0,3.0,4.0,9.0,20.0,0.0,0.0,6.0,3.0,9.0,5.0,3.0,3.0,15.0,35.0,4.0,5.0,0.0,1.0,2.0,1.0,0.0,1.0,2.0,3.0,0.0,1.0,855.0
53,2021-03-06,2.0,2.0,0.0,0.0,2.0,0.0,4.0,15.0,0.0,0.0,3.0,2.0,1.0,3.0,4.0,5.0,17.0,23.0,7.0,2.0,8.0,3.0,5.0,6.0,6.0,13.0,26.0,28.0,13.0,1.0,2.0,4.0,4.0,3.0,1.0,3.0,6.0,12.0,2.0,1.0,13.0,8.0,13.0,7.0,11.0,10.0,33.0,60.0,12.0,3.0,1.0,1.0,2.0,2.0,0.0,3.0,4.0,7.0,2.0,1.0,1.0,5.0,3.0,1.0,2.0,8.0,11.0,26.0,5.0,1.0,0.0,0.0,0.0,0.0,0.0,0.0,0.0,3.0,0.0,1.0,499.0
54,2021-03-07,1.0,0.0,0.0,0.0,0.0,0.0,4.0,5.0,1.0,0.0,7.0,1.0,3.0,0.0,5.0,3.0,17.0,21.0,7.0,2.0,6.0,2.0,5.0,3.0,1.0,5.0,20.0,25.0,4.0,1.0,0.0,3.0,0.0,0.0,0.0,6.0,5.0,9.0,1.0,1.0,10.0,7.0,15.0,2.0,4.0,5.0,30.0,56.0,5.0,4.0,4.0,0.0,2.0,1.0,4.0,2.0,3.0,8.0,2.0,0.0,5.0,1.0,3.0,0.0,0.0,4.0,9.0,19.0,8.0,1.0,0.0,1.0,1.0,0.0,2.0,0.0,1.0,2.0,1.0,0.0,396.0
55,2021-03-08,0.0,0.0,4.0,1.0,2.0,2.0,5.0,14.0,1.0,1.0,5.0,4.0,15.0,6.0,8.0,5.0,14.0,63.0,2.0,5.0,4.0,0.0,12.0,9.0,7.0,6.0,14.0,58.0,4.0,8.0,0.0,2.0,1.0,0.0,2.0,3.0,6.0,17.0,1.0,1.0,7.0,3.0,16.0,9.0,12.0,11.0,25.0,102.0,17.0,12.0,0.0,0.0,1.0,4.0,2.0,0.0,3.0,14.0,1.0,0.0,1.0,1.0,8.0,4.0,1.0,2.0,9.0,17.0,5.0,4.0,0.0,0.0,0.0,0.0,1.0,2.0,0.0,2.0,0.0,0.0,608.0
56,2021-03-09,1.0,0.0,3.0,2.0,2.0,4.0,8.0,15.0,3.0,2.0,9.0,7.0,12.0,4.0,12.0,9.0,45.0,107.0,8.0,8.0,14.0,7.0,25.0,8.0,21.0,10.0,43.0,116.0,10.0,10.0,6.0,2.0,11.0,3.0,4.0,4.0,14.0,38.0,6.0,4.0,27.0,16.0,29.0,24.0,26.0,10.0,63.0,175.0,22.0,12.0,6.0,4.0,10.0,1.0,8.0,5.0,15.0,36.0,3.0,3.0,8.0,5.0,20.0,9.0,11.0,10.0,21.0,72.0,5.0,2.0,0.0,1.0,2.0,1.0,3.0,1.0,5.0,10.0,0.0,0.0,1298.0
57,2021-03-10,0.0,0.0,17.0,3.0,6.0,2.0,14.0,56.0,7.0,0.0,9.0,16.0,65.0,18.0,38.0,16.0,63.0,327.0,25.0,34.0,14.0,17.0,69.0,25.0,49.0,19.0,74.0,292.0,18.0,17.0,7.0,4.0,30.0,9.0,18.0,5.0,25.0,104.0,10.0,3.0,32.0,25.0,82.0,23.0,40.0,21.0,109.0,392.0,37.0,39.0,6.0,6.0,16.0,8.0,11.0,2.0,26.0,86.0,6.0,3.0,13.0,14.0,48.0,12.0,19.0,11.0,34.0,144.0,16.0,7.0,1.0,1.0,6.0,2.0,0.0,0.0,10.0,28.0,1.0,2.0,2864.0
58,2021-03-11,0.0,3.0,8.0,3.0,2.0,4.0,12.0,18.0,1.0,1.0,9.0,9.0,39.0,17.0,32.0,6.0,44.0,108.0,12.0,4.0,13.0,15.0,34.0,14.0,33.0,11.0,32.0,121.0,26.0,10.0,5.0,8.0,18.0,2.0,7.0,3.0,17.0,46.0,7.0,1.0,18.0,19.0,71.0,19.0,34.0,15.0,79.0,167.0,32.0,7.0,6.0,5.0,14.0,3.0,10.0,6.0,25.0,40.0,2.0,1.0,8.0,10.0,32.0,4.0,8.0,14.0,20.0,68.0,17.0,4.0,1.0,0.0,4.0,1.0,0.0,0.0,1.0,11.0,1.0,1.0,1533.0
59,2021-03-12,0.0,3.0,7.0,0.0,0.0,2.0,6.0,16.0,5.0,0.0,11.0,1.0,16.0,4.0,19.0,4.0,33.0,100.0,13.0,2.0,5.0,12.0,17.0,12.0,31.0,9.0,49.0,93.0,16.0,8.0,2.0,5.0,5.0,4.0,3.0,2.0,13.0,35.0,11.0,5.0,20.0,16.0,41.0,14.0,24.0,10.0,61.0,151.0,34.0,11.0,4.0,2.0,8.0,2.0,5.0,4.0,17.0,28.0,4.0,9.0,5.0,10.0,14.0,10.0,13.0,11.0,31.0,48.0,12.0,3.0,1.0,2.0,1.0,0.0,0.0,1.0,7.0,8.0,0.0,0.0,1221.0
60,2021-03-13,1.0,1.0,2.0,0.0,0.0,2.0,5.0,10.0,2.0,2.0,4.0,4.0,10.0,1.0,7.0,1.0,22.0,33.0,9.0,4.0,14.0,10.0,15.0,7.0,5.0,10.0,40.0,50.0,13.0,11.0,4.0,2.0,4.0,4.0,7.0,6.0,16.0,29.0,4.0,6.0,16.0,9.0,39.0,4.0,15.0,11.0,69.0,87.0,28.0,11.0,4.0,2.0,3.0,1.0,5.0,3.0,10.0,23.0,5.0,0.0,5.0,6.0,9.0,5.0,7.0,5.0,13.0,37.0,7.0,3.0,0.0,1.0,1.0,1.0,0.0,1.0,1.0,4.0,0.0,0.0,828.0
61,2021-03-14,2.0,3.0,3.0,0.0,1.0,2.0,14.0,12.0,1.0,0.0,9.0,1.0,8.0,4.0,5.0,13.0,26.0,49.0,5.0,5.0,3.0,2.0,15.0,4.0,4.0,13.0,47.0,72.0,2.0,7.0,3.0,5.0,4.0,0.0,2.0,2.0,16.0,32.0,8.0,2.0,20.0,12.0,15.0,7.0,12.0,17.0,76.0,117.0,11.0,11.0,6.0,3.0,8.0,3.0,5.0,1.0,18.0,18.0,3.0,4.0,4.0,6.0,12.0,2.0,7.0,9.0,27.0,51.0,5.0,2.0,0.0,1.0,1.0,1.0,2.0,2.0,3.0,7.0,1.0,1.0,917.0
62,2021-03-15,1.0,2.0,7.0,0.0,4.0,3.0,6.0,17.0,3.0,1.0,8.0,5.0,43.0,6.0,17.0,12.0,23.0,122.0,11.0,8.0,13.0,13.0,50.0,12.0,17.0,9.0,42.0,148.0,16.0,20.0,2.0,4.0,23.0,6.0,4.0,13.0,19.0,59.0,8.0,2.0,17.0,21.0,64.0,14.0,46.0,11.0,72.0,245.0,34.0,18.0,8.0,1.0,11.0,2.0,6.0,3.0,9.0,41.0,1.0,3.0,8.0,4.0,30.0,10.0,7.0,12.0,19.0,62.0,13.0,7.0,0.0,3.0,5.0,1.0,1.0,1.0,1.0,17.0,2.0,1.0,1610.0
63,2021-03-16,0.0,1.0,8.0,2.0,1.0,0.0,9.0,23.0,1.0,2.0,10.0,11.0,40.0,10.0,25.0,9.0,38.0,155.0,15.0,12.0,21.0,14.0,47.0,16.0,24.0,14.0,67.0,182.0,17.0,14.0,3.0,8.0,25.0,10.0,5.0,8.0,25.0,79.0,5.0,8.0,36.0,20.0,79.0,22.0,29.0,22.0,87.0,268.0,26.0,30.0,5.0,7.0,9.0,4.0,7.0,5.0,15.0,58.0,8.0,7.0,10.0,4.0,34.0,7.0,5.0,13.0,34.0,96.0,9.0,10.0,0.0,1.0,4.0,1.0,1.0,0.0,3.0,17.0,3.0,1.0,1961.0
64,2021-03-17,2.0,1.0,3.0,1.0,2.0,4.0,14.0,9.0,0.0,2.0,22.0,9.0,20.0,8.0,11.0,21.0,43.0,82.0,10.0,10.0,19.0,12.0,32.0,13.0,18.0,30.0,58.0,105.0,11.0,15.0,5.0,4.0,11.0,6.0,3.0,13.0,21.0,38.0,3.0,14.0,29.0,19.0,62.0,16.0,30.0,29.0,102.0,167.0,22.0,39.0,7.0,4.0,11.0,1.0,7.0,4.0,13.0,32.0,4.0,7.0,14.0,4.0,16.0,4.0,8.0,23.0,33.0,51.0,9.0,7.0,1.0,1.0,4.0,0.0,2.0,0.0,1.0,7.0,1.0,0.0,1496.0
65,2021-03-18,1.0,3.0,6.0,0.0,5.0,6.0,7.0,17.0,2.0,1.0,8.0,5.0,34.0,0.0,18.0,20.0,35.0,95.0,3.0,11.0,16.0,8.0,40.0,13.0,20.0,22.0,61.0,110.0,17.0,12.0,5.0,11.0,16.0,5.0,7.0,19.0,16.0,54.0,4.0,4.0,32.0,13.0,40.0,17.0,34.0,44.0,92.0,170.0,19.0,17.0,8.0,4.0,9.0,4.0,6.0,8.0,17.0,38.0,1.0,5.0,9.0,7.0,32.0,5.0,6.0,31.0,32.0,66.0,5.0,7.0,0.0,2.0,3.0,0.0,3.0,1.0,6.0,11.0,0.0,1.0,1542.0
66,2021-03-19,2.0,3.0,11.0,5.0,0.0,3.0,18.0,29.0,1.0,2.0,19.0,14.0,34.0,10.0,36.0,14.0,71.0,192.0,16.0,14.0,21.0,18.0,49.0,22.0,28.0,29.0,92.0,186.0,8.0,26.0,5.0,4.0,33.0,12.0,6.0,10.0,42.0,93.0,3.0,8.0,34.0,32.0,60.0,17.0,44.0,22.0,135.0,289.0,40.0,38.0,7.0,3.0,17.0,5.0,14.0,6.0,28.0,69.0,5.0,3.0,7.0,3.0,34.0,18.0,9.0,27.0,53.0,103.0,12.0,16.0,3.0,1.0,6.0,3.0,3.0,3.0,12.0,32.0,1.0,2.0,2405.0
67,2021-03-20,2.0,1.0,4.0,3.0,2.0,6.0,7.0,12.0,0.0,3.0,9.0,2.0,10.0,0.0,9.0,10.0,30.0,53.0,7.0,7.0,8.0,7.0,19.0,2.0,9.0,21.0,49.0,58.0,12.0,10.0,4.0,3.0,5.0,3.0,3.0,11.0,16.0,27.0,6.0,3.0,20.0,15.0,22.0,5.0,23.0,29.0,60.0,77.0,16.0,10.0,3.0,1.0,3.0,1.0,6.0,7.0,16.0,22.0,5.0,2.0,6.0,4.0,9.0,1.0,5.0,15.0,30.0,25.0,4.0,6.0,1.0,2.0,0.0,0.0,0.0,1.0,2.0,5.0,0.0,0.0,912.0
68,2021-03-21,7.0,3.0,3.0,1.0,1.0,4.0,6.0,12.0,0.0,3.0,13.0,3.0,8.0,3.0,7.0,4.0,41.0,45.0,4.0,10.0,15.0,3.0,6.0,2.0,11.0,12.0,51.0,55.0,8.0,8.0,5.0,3.0,6.0,3.0,2.0,6.0,18.0,23.0,4.0,5.0,21.0,13.0,15.0,7.0,20.0,19.0,59.0,58.0,15.0,18.0,4.0,2.0,3.0,3.0,4.0,1.0,23.0,24.0,2.0,0.0,10.0,6.0,12.0,4.0,14.0,15.0,34.0,41.0,7.0,7.0,0.0,1.0,0.0,0.0,0.0,0.0,1.0,9.0,0.0,0.0,896.0
69,2021-03-22,1.0,1.0,4.0,2.0,4.0,6.0,15.0,18.0,1.0,2.0,16.0,9.0,17.0,5.0,18.0,14.0,41.0,96.0,15.0,15.0,16.0,10.0,39.0,5.0,24.0,23.0,59.0,89.0,5.0,23.0,5.0,7.0,9.0,2.0,12.0,13.0,17.0,43.0,4.0,7.0,23.0,17.0,40.0,13.0,41.0,20.0,78.0,144.0,12.0,30.0,8.0,1.0,5.0,0.0,11.0,5.0,20.0,35.0,6.0,6.0,8.0,10.0,12.0,6.0,9.0,24.0,26.0,49.0,12.0,9.0,0.0,1.0,1.0,1.0,2.0,1.0,7.0,12.0,3.0,0.0,1420.0
70,2021-03-23,2.0,4.0,6.0,0.0,10.0,7.0,9.0,33.0,2.0,10.0,6.0,9.0,29.0,7.0,25.0,16.0,42.0,137.0,20.0,35.0,9.0,13.0,44.0,12.0,35.0,12.0,85.0,165.0,18.0,54.0,4.0,4.0,27.0,7.0,10.0,11.0,25.0,69.0,5.0,18.0,10.0,26.0,66.0,14.0,47.0,26.0,110.0,257.0,36.0,95.0,8.0,5.0,8.0,2.0,13.0,7.0,29.0,60.0,8.0,9.0,5.0,12.0,35.0,1.0,12.0,23.0,50.0,71.0,14.0,25.0,4.0,4.0,5.0,0.0,2.0,2.0,6.0,13.0,0.0,3.0,2159.0
71,2021-03-24,3.0,4.0,6.0,3.0,5.0,5.0,10.0,58.0,3.0,7.0,16.0,17.0,50.0,10.0,44.0,17.0,49.0,249.0,36.0,29.0,24.0,27.0,66.0,15.0,53.0,26.0,81.0,245.0,34.0,41.0,8.0,6.0,31.0,9.0,16.0,10.0,34.0,96.0,15.0,18.0,39.0,25.0,94.0,19.0,54.0,38.0,123.0,344.0,46.0,52.0,5.0,7.0,22.0,4.0,15.0,5.0,22.0,72.0,18.0,12.0,14.0,13.0,47.0,12.0,12.0,15.0,36.0,128.0,16.0,25.0,3.0,3.0,5.0,2.0,2.0,2.0,4.0,19.0,2.0,5.0,2857.0
72,2021-03-25,8.0,5.0,7.0,5.0,11.0,5.0,12.0,36.0,3.0,2.0,19.0,10.0,45.0,15.0,29.0,14.0,66.0,173.0,17.0,27.0,23.0,19.0,60.0,19.0,43.0,11.0,65.0,156.0,18.0,22.0,12.0,9.0,23.0,7.0,17.0,7.0,30.0,72.0,11.0,11.0,62.0,32.0,53.0,15.0,50.0,27.0,122.0,212.0,26.0,37.0,2.0,6.0,15.0,5.0,11.0,3.0,28.0,64.0,12.0,5.0,19.0,9.0,36.0,6.0,23.0,8.0,57.0,104.0,17.0,17.0,4.0,1.0,6.0,3.0,3.0,1.0,11.0,17.0,2.0,2.0,2277.0
73,2021-03-26,3.0,3.0,3.0,1.0,6.0,10.0,9.0,30.0,0.0,1.0,28.0,4.0,21.0,9.0,21.0,16.0,41.0,116.0,9.0,11.0,25.0,12.0,23.0,19.0,20.0,17.0,48.0,145.0,12.0,15.0,10.0,7.0,14.0,4.0,13.0,6.0,20.0,50.0,4.0,5.0,33.0,20.0,36.0,25.0,42.0,21.0,73.0,170.0,20.0,22.0,8.0,5.0,7.0,4.0,9.0,4.0,16.0,44.0,4.0,7.0,9.0,4.0,30.0,8.0,16.0,14.0,40.0,68.0,8.0,8.0,5.0,1.0,1.0,0.0,3.0,2.0,6.0,12.0,0.0,1.0,1617.0
74,2021-03-27,3.0,2.0,5.0,1.0,1.0,5.0,10.0,14.0,0.0,4.0,15.0,2.0,4.0,2.0,9.0,9.0,33.0,42.0,11.0,3.0,16.0,5.0,6.0,2.0,16.0,15.0,41.0,49.0,12.0,18.0,7.0,3.0,3.0,1.0,3.0,9.0,23.0,18.0,1.0,2.0,23.0,10.0,13.0,4.0,25.0,14.0,46.0,75.0,17.0,14.0,4.0,3.0,5.0,0.0,4.0,6.0,15.0,21.0,2.0,1.0,9.0,9.0,11.0,3.0,5.0,12.0,30.0,32.0,12.0,8.0,1.0,1.0,2.0,0.0,1.0,3.0,2.0,6.0,3.0,0.0,877.0
75,2021-03-28,6.0,1.0,1.0,1.0,1.0,3.0,5.0,6.0,1.0,1.0,7.0,6.0,0.0,2.0,8.0,3.0,35.0,37.0,6.0,0.0,14.0,14.0,4.0,3.0,13.0,2.0,31.0,42.0,9.0,6.0,8.0,6.0,6.0,0.0,6.0,4.0,22.0,24.0,4.0,1.0,26.0,14.0,9.0,6.0,13.0,10.0,57.0,43.0,15.0,5.0,2.0,3.0,2.0,2.0,6.0,1.0,17.0,20.0,2.0,1.0,10.0,2.0,5.0,2.0,3.0,7.0,19.0,25.0,4.0,1.0,4.0,0.0,1.0,0.0,2.0,1.0,6.0,7.0,0.0,0.0,702.0
76,2021-03-29,2.0,2.0,2.0,2.0,3.0,3.0,10.0,10.0,1.0,0.0,4.0,7.0,13.0,1.0,6.0,4.0,28.0,47.0,6.0,7.0,16.0,11.0,18.0,3.0,9.0,13.0,42.0,56.0,18.0,6.0,11.0,4.0,13.0,1.0,9.0,9.0,22.0,30.0,5.0,0.0,13.0,15.0,31.0,11.0,31.0,10.0,73.0,99.0,15.0,13.0,4.0,4.0,4.0,1.0,6.0,8.0,22.0,24.0,1.0,2.0,13.0,5.0,5.0,5.0,8.0,9.0,24.0,36.0,12.0,5.0,3.0,3.0,0.0,3.0,1.0,1.0,3.0,10.0,1.0,1.0,989.0
77,2021-03-30,4.0,3.0,4.0,0.0,4.0,3.0,11.0,13.0,2.0,4.0,3.0,5.0,9.0,2.0,7.0,8.0,30.0,41.0,3.0,6.0,19.0,16.0,19.0,9.0,17.0,11.0,61.0,55.0,10.0,11.0,10.0,4.0,15.0,1.0,9.0,9.0,22.0,26.0,3.0,5.0,23.0,12.0,27.0,7.0,30.0,14.0,117.0,106.0,21.0,30.0,0.0,10.0,3.0,1.0,3.0,4.0,21.0,23.0,2.0,4.0,9.0,2.0,17.0,3.0,11.0,3.0,39.0,34.0,12.0,7.0,2.0,3.0,3.0,1.0,1.0,2.0,6.0,6.0,1.0,3.0,1117.0
78,2021-03-31,1.0,2.0,2.0,0.0,4.0,3.0,8.0,8.0,4.0,0.0,11.0,12.0,15.0,1.0,13.0,4.0,26.0,38.0,9.0,1.0,14.0,5.0,16.0,11.0,17.0,7.0,48.0,41.0,8.0,4.0,6.0,10.0,10.0,5.0,3.0,8.0,16.0,17.0,4.0,2.0,27.0,20.0,23.0,17.0,25.0,9.0,55.0,63.0,17.0,16.0,3.0,7.0,2.0,2.0,9.0,4.0,20.0,16.0,2.0,2.0,10.0,4.0,16.0,4.0,9.0,12.0,26.0,30.0,2.0,8.0,1.0,4.0,0.0,0.0,1.0,4.0,5.0,4.0,1.0,2.0,896.0
79,2021-04-01,1.0,1.0,2.0,1.0,2.0,1.0,7.0,9.0,1.0,1.0,5.0,5.0,11.0,4.0,9.0,7.0,24.0,48.0,3.0,4.0,15.0,13.0,12.0,9.0,24.0,8.0,39.0,71.0,6.0,20.0,5.0,4.0,6.0,2.0,8.0,7.0,16.0,30.0,3.0,3.0,23.0,15.0,18.0,17.0,37.0,12.0,42.0,83.0,12.0,9.0,5.0,5.0,3.0,0.0,6.0,2.0,12.0,31.0,3.0,4.0,9.0,8.0,15.0,1.0,11.0,9.0,30.0,32.0,4.0,6.0,0.0,1.0,2.0,1.0,4.0,3.0,6.0,12.0,1.0,2.0,943.0
80,2021-04-02,4.0,2.0,0.0,0.0,3.0,3.0,6.0,4.0,0.0,0.0,14.0,3.0,4.0,1.0,7.0,7.0,23.0,29.0,2.0,2.0,21.0,7.0,8.0,4.0,9.0,4.0,50.0,51.0,7.0,3.0,8.0,1.0,6.0,0.0,2.0,3.0,17.0,19.0,0.0,0.0,32.0,12.0,7.0,2.0,15.0,16.0,59.0,52.0,15.0,11.0,6.0,1.0,3.0,2.0,3.0,0.0,18.0,10.0,2.0,4.0,7.0,4.0,7.0,4.0,7.0,10.0,23.0,19.0,6.0,1.0,0.0,1.0,3.0,0.0,1.0,1.0,7.0,4.0,1.0,0.0,710.0
81,2021-04-03,0.0,0.0,1.0,0.0,2.0,1.0,7.0,7.0,1.0,0.0,6.0,4.0,5.0,0.0,4.0,4.0,20.0,16.0,3.0,2.0,7.0,8.0,7.0,0.0,10.0,0.0,34.0,46.0,4.0,4.0,2.0,4.0,0.0,0.0,3.0,6.0,12.0,19.0,7.0,4.0,15.0,12.0,15.0,2.0,8.0,5.0,47.0,54.0,6.0,6.0,3.0,2.0,0.0,0.0,8.0,0.0,13.0,18.0,2.0,3.0,9.0,5.0,11.0,4.0,4.0,6.0,20.0,24.0,2.0,2.0,3.0,1.0,0.0,0.0,0.0,0.0,2.0,4.0,0.0,1.0,577.0
82,2021-04-04,2.0,0.0,0.0,0.0,2.0,2.0,2.0,11.0,0.0,0.0,1.0,0.0,4.0,0.0,2.0,3.0,7.0,14.0,1.0,1.0,15.0,1.0,6.0,3.0,6.0,7.0,22.0,31.0,3.0,5.0,2.0,2.0,3.0,1.0,2.0,3.0,13.0,18.0,3.0,2.0,23.0,7.0,3.0,5.0,9.0,9.0,38.0,35.0,14.0,6.0,4.0,0.0,2.0,2.0,5.0,2.0,10.0,8.0,1.0,1.0,7.0,1.0,9.0,1.0,4.0,7.0,17.0,15.0,5.0,7.0,1.0,1.0,2.0,1.0,0.0,2.0,3.0,5.0,1.0,0.0,473.0
83,2021-04-05,0.0,1.0,1.0,0.0,3.0,0.0,24.0,12.0,1.0,4.0,7.0,6.0,8.0,3.0,8.0,8.0,70.0,65.0,3.0,8.0,5.0,11.0,13.0,2.0,18.0,12.0,159.0,115.0,11.0,25.0,2.0,11.0,9.0,2.0,9.0,2.0,76.0,65.0,13.0,16.0,4.0,21.0,31.0,3.0,18.0,14.0,206.0,134.0,17.0,20.0,3.0,6.0,2.0,2.0,5.0,2.0,66.0,34.0,2.0,12.0,9.0,11.0,6.0,1.0,7.0,2.0,85.0,58.0,6.0,17.0,1.0,2.0,1.0,0.0,3.0,2.0,28.0,21.0,0.0,3.0,1673.0
84,2021-04-06,0.0,0.0,0.0,0.0,0.0,0.0,5.0,2.0,0.0,0.0,0.0,2.0,0.0,0.0,1.0,0.0,15.0,5.0,0.0,0.0,4.0,2.0,1.0,1.0,6.0,1.0,21.0,9.0,0.0,2.0,0.0,2.0,1.0,0.0,3.0,1.0,11.0,8.0,1.0,3.0,2.0,3.0,4.0,2.0,4.0,1.0,25.0,13.0,2.0,2.0,2.0,0.0,1.0,0.0,1.0,1.0,5.0,5.0,1.0,0.0,3.0,3.0,1.0,0.0,2.0,0.0,18.0,9.0,1.0,3.0,0.0,0.0,0.0,0.0,1.0,0.0,0.0,2.0,0.0,2.0,226.0
85,2021-04-07,0.0,0.0,1.0,0.0,0.0,1.0,0.0,0.0,0.0,0.0,0.0,0.0,1.0,0.0,0.0,1.0,2.0,6.0,0.0,0.0,4.0,3.0,1.0,1.0,1.0,2.0,6.0,6.0,0.0,3.0,0.0,0.0,0.0,0.0,2.0,0.0,1.0,0.0,1.0,1.0,2.0,1.0,4.0,3.0,7.0,0.0,7.0,15.0,3.0,2.0,0.0,2.0,0.0,0.0,0.0,0.0,3.0,2.0,0.0,1.0,1.0,0.0,0.0,0.0,0.0,0.0,4.0,3.0,0.0,3.0,0.0,0.0,0.0,0.0,0.0,0.0,2.0,0.0,0.0,0.0,109.0
86,2021-04-08,0.0,0.0,0.0,1.0,0.0,3.0,0.0,2.0,0.0,2.0,1.0,1.0,1.0,1.0,0.0,2.0,0.0,2.0,0.0,1.0,2.0,1.0,0.0,0.0,4.0,8.0,6.0,14.0,4.0,6.0,0.0,0.0,0.0,0.0,2.0,1.0,3.0,5.0,1.0,0.0,4.0,3.0,4.0,1.0,11.0,11.0,3.0,14.0,4.0,9.0,1.0,1.0,1.0,1.0,3.0,2.0,1.0,3.0,0.0,1.0,2.0,2.0,1.0,0.0,2.0,2.0,4.0,2.0,2.0,2.0,0.0,0.0,0.0,0.0,0.0,1.0,0.0,1.0,0.0,1.0,174.0
87,2021-04-09,0.0,0.0,1.0,0.0,0.0,2.0,0.0,2.0,0.0,0.0,1.0,1.0,0.0,0.0,2.0,5.0,1.0,12.0,2.0,3.0,7.0,2.0,4.0,1.0,5.0,5.0,5.0,14.0,2.0,10.0,0.0,2.0,0.0,0.0,1.0,2.0,5.0,7.0,1.0,1.0,10.0,5.0,4.0,0.0,8.0,1.0,3.0,10.0,5.0,2.0,0.0,1.0,1.0,0.0,2.0,3.0,3.0,2.0,2.0,0.0,1.0,1.0,1.0,0.0,3.0,4.0,1.0,7.0,1.0,0.0,0.0,0.0,0.0,0.0,0.0,1.0,0.0,1.0,1.0,1.0,191.0
88,2021-04-10,0.0,0.0,0.0,0.0,0.0,0.0,1.0,1.0,0.0,1.0,0.0,0.0,0.0,1.0,0.0,1.0,1.0,1.0,0.0,0.0,1.0,1.0,0.0,0.0,0.0,2.0,6.0,3.0,0.0,1.0,0.0,1.0,0.0,0.0,1.0,0.0,0.0,2.0,1.0,1.0,3.0,2.0,2.0,2.0,4.0,0.0,1.0,5.0,4.0,2.0,1.0,1.0,0.0,0.0,1.0,0.0,0.0,2.0,1.0,1.0,0.0,1.0,1.0,0.0,2.0,1.0,2.0,2.0,2.0,1.0,1.0,0.0,0.0,0.0,0.0,0.0,1.0,3.0,0.0,0.0,76.0
89,2021-04-11,1.0,0.0,0.0,0.0,0.0,0.0,1.0,2.0,0.0,0.0,0.0,0.0,0.0,0.0,0.0,2.0,1.0,1.0,0.0,0.0,2.0,2.0,2.0,1.0,2.0,3.0,6.0,10.0,2.0,0.0,0.0,0.0,0.0,0.0,0.0,0.0,3.0,4.0,1.0,0.0,0.0,2.0,2.0,2.0,1.0,1.0,8.0,8.0,2.0,0.0,1.0,0.0,1.0,0.0,0.0,1.0,2.0,3.0,0.0,1.0,0.0,0.0,0.0,0.0,0.0,1.0,3.0,3.0,1.0,0.0,0.0,1.0,1.0,0.0,0.0,0.0,0.0,1.0,0.0,0.0,92.0
90,2021-04-12,0.0,0.0,0.0,0.0,1.0,0.0,0.0,2.0,1.0,0.0,1.0,1.0,3.0,3.0,0.0,1.0,1.0,14.0,0.0,1.0,4.0,3.0,5.0,2.0,5.0,3.0,6.0,17.0,4.0,6.0,1.0,0.0,2.0,0.0,1.0,0.0,2.0,8.0,1.0,1.0,2.0,4.0,5.0,0.0,9.0,4.0,11.0,15.0,2.0,7.0,2.0,0.0,0.0,0.0,2.0,2.0,0.0,2.0,0.0,0.0,3.0,1.0,1.0,1.0,1.0,2.0,2.0,5.0,2.0,0.0,0.0,0.0,0.0,0.0,0.0,0.0,1.0,0.0,0.0,1.0,187.0
91,2021-04-13,1.0,0.0,0.0,0.0,0.0,1.0,0.0,0.0,0.0,0.0,1.0,1.0,0.0,0.0,2.0,1.0,5.0,2.0,0.0,0.0,4.0,1.0,3.0,0.0,1.0,2.0,9.0,13.0,2.0,5.0,2.0,0.0,3.0,0.0,2.0,4.0,2.0,3.0,3.0,0.0,4.0,2.0,1.0,2.0,6.0,3.0,4.0,11.0,3.0,5.0,0.0,0.0,2.0,0.0,1.0,0.0,3.0,2.0,2.0,1.0,0.0,3.0,1.0,0.0,1.0,1.0,6.0,2.0,0.0,0.0,0.0,0.0,0.0,0.0,0.0,0.0,0.0,1.0,0.0,0.0,140.0
92,2021-04-14,0.0,0.0,1.0,0.0,0.0,0.0,1.0,3.0,1.0,1.0,1.0,1.0,3.0,0.0,0.0,2.0,2.0,6.0,2.0,3.0,4.0,4.0,3.0,0.0,2.0,3.0,11.0,12.0,4.0,5.0,3.0,2.0,1.0,0.0,0.0,2.0,1.0,5.0,0.0,1.0,3.0,2.0,3.0,1.0,4.0,1.0,4.0,11.0,2.0,5.0,4.0,0.0,2.0,1.0,1.0,0.0,4.0,3.0,1.0,1.0,3.0,1.0,0.0,1.0,2.0,2.0,4.0,7.0,2.0,1.0,0.0,1.0,0.0,0.0,0.0,0.0,1.0,0.0,0.0,0.0,168.0
93,2021-04-15,0.0,0.0,0.0,0.0,0.0,0.0,1.0,3.0,0.0,0.0,0.0,1.0,1.0,0.0,2.0,0.0,2.0,3.0,2.0,2.0,5.0,1.0,1.0,1.0,4.0,3.0,5.0,11.0,5.0,4.0,3.0,0.0,1.0,1.0,2.0,3.0,4.0,4.0,0.0,0.0,5.0,2.0,3.0,3.0,3.0,0.0,9.0,12.0,3.0,0.0,0.0,0.0,2.0,0.0,1.0,0.0,2.0,4.0,0.0,0.0,1.0,2.0,1.0,0.0,1.0,1.0,1.0,0.0,1.0,2.0,0.0,0.0,2.0,0.0,0.0,0.0,0.0,2.0,0.0,0.0,138.0
94,2021-04-16,0.0,0.0,0.0,0.0,1.0,0.0,2.0,0.0,0.0,0.0,2.0,1.0,1.0,0.0,2.0,1.0,4.0,5.0,0.0,1.0,0.0,3.0,2.0,1.0,4.0,1.0,3.0,9.0,1.0,2.0,0.0,0.0,1.0,0.0,1.0,1.0,5.0,7.0,1.0,0.0,1.0,2.0,2.0,1.0,2.0,1.0,8.0,11.0,3.0,1.0,1.0,2.0,1.0,1.0,2.0,0.0,1.0,2.0,1.0,3.0,1.0,6.0,0.0,0.0,0.0,2.0,2.0,10.0,2.0,2.0,0.0,0.0,2.0,0.0,2.0,0.0,1.0,2.0,0.0,0.0,140.0
95,2021-04-17,0.0,1.0,1.0,0.0,0.0,0.0,1.0,0.0,0.0,1.0,0.0,0.0,0.0,0.0,2.0,1.0,0.0,4.0,0.0,1.0,1.0,0.0,3.0,0.0,1.0,1.0,5.0,13.0,0.0,2.0,0.0,0.0,0.0,0.0,2.0,1.0,3.0,5.0,0.0,1.0,1.0,2.0,0.0,4.0,2.0,2.0,6.0,9.0,2.0,0.0,0.0,0.0,0.0,1.0,1.0,0.0,4.0,5.0,1.0,0.0,0.0,0.0,1.0,0.0,0.0,1.0,5.0,2.0,0.0,1.0,0.0,0.0,1.0,0.0,1.0,1.0,1.0,2.0,0.0,0.0,106.0
96,2021-04-18,1.0,1.0,1.0,0.0,0.0,0.0,1.0,2.0,0.0,0.0,0.0,0.0,1.0,0.0,0.0,0.0,1.0,1.0,1.0,0.0,4.0,0.0,1.0,0.0,0.0,1.0,1.0,3.0,0.0,0.0,1.0,0.0,1.0,0.0,1.0,2.0,0.0,6.0,0.0,0.0,4.0,2.0,0.0,1.0,2.0,1.0,3.0,9.0,1.0,0.0,0.0,2.0,0.0,0.0,0.0,2.0,4.0,3.0,1.0,0.0,0.0,0.0,1.0,1.0,0.0,2.0,1.0,3.0,0.0,1.0,0.0,0.0,0.0,0.0,0.0,0.0,0.0,0.0,0.0,1.0,76.0
97,2021-04-19,0.0,1.0,0.0,1.0,0.0,2.0,0.0,1.0,0.0,0.0,0.0,0.0,0.0,1.0,0.0,1.0,1.0,4.0,0.0,0.0,2.0,0.0,2.0,1.0,2.0,2.0,5.0,15.0,1.0,0.0,0.0,1.0,1.0,1.0,1.0,2.0,2.0,12.0,0.0,0.0,3.0,3.0,0.0,2.0,4.0,1.0,4.0,8.0,0.0,3.0,1.0,0.0,2.0,0.0,1.0,3.0,3.0,2.0,0.0,0.0,0.0,1.0,1.0,0.0,0.0,3.0,7.0,4.0,1.0,0.0,0.0,0.0,1.0,0.0,0.0,0.0,2.0,0.0,0.0,0.0,122.0
98,2021-04-20,0.0,1.0,0.0,0.0,0.0,0.0,1.0,1.0,1.0,0.0,0.0,0.0,1.0,0.0,0.0,0.0,2.0,3.0,0.0,0.0,2.0,1.0,2.0,0.0,3.0,2.0,7.0,8.0,0.0,0.0,1.0,2.0,0.0,0.0,2.0,3.0,1.0,4.0,0.0,1.0,2.0,1.0,1.0,0.0,4.0,1.0,5.0,15.0,4.0,1.0,0.0,0.0,1.0,0.0,0.0,1.0,4.0,3.0,1.0,0.0,2.0,3.0,3.0,1.0,1.0,0.0,3.0,2.0,0.0,2.0,1.0,0.0,0.0,0.0,0.0,0.0,0.0,1.0,0.0,0.0,112.0
99,2021-04-21,2.0,0.0,0.0,0.0,0.0,0.0,1.0,3.0,0.0,0.0,0.0,0.0,0.0,0.0,2.0,0.0,1.0,0.0,0.0,0.0,3.0,0.0,2.0,0.0,1.0,4.0,5.0,11.0,3.0,0.0,2.0,1.0,4.0,1.0,2.0,3.0,8.0,9.0,1.0,0.0,4.0,1.0,3.0,1.0,6.0,1.0,4.0,4.0,0.0,0.0,1.0,1.0,1.0,0.0,1.0,0.0,2.0,4.0,0.0,1.0,2.0,2.0,1.0,1.0,0.0,4.0,3.0,2.0,1.0,1.0,0.0,0.0,1.0,0.0,1.0,0.0,0.0,5.0,0.0,0.0,128.0
100,2021-04-22,1.0,1.0,1.0,0.0,1.0,0.0,0.0,3.0,1.0,0.0,1.0,0.0,3.0,0.0,1.0,0.0,1.0,3.0,0.0,1.0,0.0,1.0,3.0,4.0,3.0,5.0,8.0,17.0,2.0,0.0,5.0,1.0,3.0,1.0,2.0,0.0,2.0,10.0,0.0,0.0,6.0,2.0,2.0,1.0,6.0,3.0,1.0,12.0,0.0,0.0,0.0,1.0,2.0,0.0,2.0,1.0,1.0,3.0,1.0,0.0,1.0,3.0,1.0,1.0,1.0,1.0,4.0,6.0,4.0,2.0,1.0,1.0,1.0,0.0,2.0,1.0,1.0,3.0,0.0,0.0,163.0
101,2021-04-23,0.0,0.0,0.0,0.0,1.0,3.0,2.0,8.0,0.0,1.0,1.0,0.0,0.0,1.0,0.0,3.0,2.0,3.0,0.0,2.0,5.0,2.0,3.0,0.0,4.0,6.0,10.0,13.0,1.0,3.0,6.0,0.0,0.0,0.0,3.0,3.0,7.0,10.0,1.0,2.0,3.0,3.0,2.0,0.0,9.0,6.0,9.0,15.0,0.0,4.0,1.0,1.0,0.0,1.0,3.0,2.0,5.0,7.0,0.0,0.0,1.0,2.0,1.0,1.0,2.0,3.0,1.0,5.0,1.0,3.0,0.0,1.0,1.0,0.0,3.0,4.0,1.0,3.0,2.0,0.0,212.0
102,2021-04-24,0.0,0.0,0.0,0.0,0.0,3.0,1.0,0.0,1.0,0.0,1.0,0.0,1.0,0.0,2.0,1.0,0.0,0.0,0.0,1.0,3.0,0.0,1.0,0.0,1.0,2.0,11.0,9.0,1.0,2.0,2.0,1.0,0.0,0.0,2.0,4.0,2.0,3.0,1.0,1.0,4.0,1.0,0.0,0.0,3.0,3.0,3.0,8.0,1.0,1.0,1.0,0.0,1.0,0.0,2.0,2.0,2.0,5.0,0.0,0.0,1.0,0.0,0.0,0.0,0.0,1.0,1.0,4.0,0.0,1.0,1.0,1.0,0.0,0.0,0.0,0.0,3.0,0.0,0.0,0.0,107.0
103,2021-04-25,0.0,0.0,1.0,0.0,1.0,0.0,3.0,4.0,0.0,0.0,0.0,0.0,2.0,0.0,0.0,2.0,0.0,2.0,0.0,0.0,3.0,2.0,2.0,0.0,3.0,1.0,3.0,9.0,0.0,1.0,1.0,0.0,1.0,0.0,0.0,2.0,2.0,6.0,2.0,1.0,1.0,1.0,2.0,0.0,3.0,4.0,1.0,7.0,1.0,0.0,2.0,0.0,1.0,1.0,3.0,1.0,0.0,2.0,2.0,0.0,0.0,2.0,2.0,0.0,1.0,0.0,2.0,2.0,2.0,0.0,1.0,0.0,0.0,0.0,0.0,0.0,2.0,3.0,0.0,0.0,103.0
104,2021-04-26,0.0,0.0,2.0,1.0,3.0,1.0,0.0,4.0,0.0,2.0,0.0,0.0,3.0,5.0,4.0,4.0,3.0,6.0,2.0,0.0,3.0,3.0,3.0,3.0,4.0,9.0,9.0,19.0,3.0,1.0,0.0,0.0,1.0,0.0,5.0,6.0,8.0,12.0,0.0,3.0,2.0,1.0,1.0,2.0,6.0,6.0,3.0,9.0,2.0,3.0,0.0,0.0,2.0,1.0,2.0,5.0,1.0,5.0,1.0,0.0,1.0,2.0,0.0,2.0,0.0,6.0,4.0,4.0,1.0,2.0,0.0,0.0,0.0,0.0,2.0,4.0,1.0,8.0,1.0,2.0,224.0
105,2021-04-27,0.0,1.0,0.0,0.0,0.0,0.0,1.0,3.0,0.0,0.0,0.0,0.0,2.0,0.0,4.0,5.0,1.0,4.0,0.0,0.0,1.0,0.0,1.0,0.0,3.0,11.0,6.0,16.0,2.0,1.0,1.0,3.0,3.0,2.0,2.0,3.0,1.0,13.0,1.0,1.0,0.0,3.0,4.0,6.0,8.0,3.0,9.0,5.0,5.0,3.0,5.0,2.0,0.0,0.0,0.0,2.0,5.0,7.0,2.0,0.0,1.0,1.0,2.0,1.0,2.0,5.0,4.0,6.0,1.0,1.0,0.0,0.0,0.0,0.0,4.0,0.0,1.0,10.0,0.0,0.0,200.0
106,2021-04-28,1.0,1.0,0.0,0.0,0.0,1.0,0.0,1.0,1.0,0.0,1.0,0.0,1.0,0.0,0.0,5.0,1.0,7.0,0.0,0.0,0.0,2.0,7.0,1.0,2.0,5.0,9.0,12.0,2.0,3.0,1.0,2.0,3.0,0.0,0.0,7.0,4.0,5.0,1.0,2.0,4.0,1.0,4.0,1.0,5.0,3.0,4.0,8.0,3.0,7.0,1.0,2.0,0.0,0.0,0.0,2.0,2.0,5.0,2.0,0.0,1.0,1.0,3.0,0.0,2.0,1.0,3.0,9.0,1.0,0.0,0.0,0.0,1.0,0.0,1.0,3.0,0.0,4.0,0.0,0.0,172.0
107,2021-04-29,1.0,0.0,0.0,1.0,0.0,4.0,1.0,1.0,0.0,1.0,1.0,0.0,1.0,1.0,1.0,2.0,5.0,6.0,0.0,1.0,3.0,2.0,4.0,1.0,11.0,7.0,12.0,17.0,1.0,1.0,3.0,0.0,4.0,0.0,5.0,4.0,8.0,5.0,0.0,0.0,2.0,2.0,5.0,1.0,10.0,3.0,3.0,9.0,0.0,0.0,3.0,0.0,0.0,0.0,3.0,4.0,4.0,4.0,0.0,1.0,1.0,0.0,0.0,0.0,2.0,4.0,6.0,6.0,0.0,1.0,0.0,0.0,4.0,0.0,4.0,4.0,1.0,4.0,0.0,0.0,206.0
108,2021-04-30,1.0,1.0,0.0,0.0,1.0,1.0,1.0,2.0,0.0,0.0,1.0,1.0,0.0,0.0,0.0,0.0,2.0,3.0,1.0,1.0,2.0,2.0,2.0,2.0,1.0,5.0,7.0,23.0,1.0,0.0,1.0,0.0,5.0,1.0,3.0,4.0,4.0,5.0,3.0,0.0,4.0,2.0,1.0,1.0,10.0,1.0,7.0,8.0,1.0,2.0,2.0,1.0,0.0,1.0,1.0,2.0,3.0,3.0,2.0,0.0,0.0,1.0,0.0,0.0,2.0,4.0,2.0,2.0,1.0,1.0,2.0,0.0,1.0,1.0,1.0,2.0,0.0,6.0,2.0,0.0,167.0
109,2021-05-01,1.0,0.0,2.0,0.0,0.0,0.0,0.0,3.0,0.0,0.0,0.0,0.0,0.0,0.0,0.0,1.0,1.0,3.0,0.0,0.0,3.0,2.0,2.0,1.0,0.0,2.0,4.0,3.0,2.0,1.0,1.0,0.0,1.0,1.0,3.0,1.0,4.0,3.0,1.0,3.0,8.0,1.0,3.0,1.0,2.0,1.0,4.0,9.0,4.0,1.0,2.0,2.0,0.0,0.0,1.0,0.0,0.0,2.0,0.0,0.0,1.0,0.0,3.0,0.0,0.0,1.0,0.0,3.0,0.0,0.0,2.0,0.0,1.0,0.0,1.0,2.0,3.0,4.0,0.0,0.0,111.0
110,2021-05-02,0.0,1.0,0.0,0.0,0.0,1.0,1.0,0.0,0.0,0.0,1.0,0.0,0.0,1.0,0.0,0.0,1.0,2.0,0.0,0.0,1.0,0.0,1.0,1.0,5.0,3.0,4.0,6.0,1.0,2.0,1.0,1.0,1.0,0.0,3.0,8.0,7.0,4.0,1.0,0.0,5.0,5.0,0.0,1.0,2.0,3.0,0.0,2.0,0.0,1.0,0.0,1.0,0.0,0.0,0.0,0.0,4.0,4.0,0.0,1.0,1.0,0.0,1.0,0.0,1.0,0.0,2.0,4.0,0.0,0.0,0.0,0.0,0.0,0.0,0.0,0.0,1.0,2.0,0.0,1.0,100.0
111,2021-05-03,0.0,0.0,0.0,1.0,0.0,1.0,0.0,2.0,0.0,0.0,0.0,0.0,1.0,1.0,2.0,2.0,1.0,4.0,1.0,1.0,2.0,2.0,5.0,2.0,13.0,0.0,3.0,12.0,0.0,1.0,0.0,0.0,6.0,0.0,8.0,9.0,7.0,12.0,1.0,1.0,2.0,1.0,5.0,1.0,3.0,2.0,4.0,8.0,4.0,1.0,1.0,0.0,1.0,1.0,1.0,2.0,3.0,6.0,0.0,1.0,0.0,1.0,2.0,0.0,1.0,1.0,1.0,5.0,1.0,1.0,1.0,0.0,2.0,0.0,0.0,3.0,0.0,5.0,1.0,1.0,174.0
112,2021-05-04,0.0,0.0,1.0,0.0,0.0,3.0,1.0,1.0,0.0,2.0,3.0,0.0,2.0,0.0,2.0,3.0,0.0,3.0,0.0,0.0,1.0,2.0,6.0,0.0,6.0,6.0,6.0,21.0,0.0,3.0,2.0,2.0,6.0,0.0,2.0,8.0,7.0,8.0,2.0,1.0,1.0,4.0,5.0,0.0,7.0,3.0,7.0,6.0,3.0,0.0,1.0,0.0,0.0,0.0,0.0,3.0,1.0,2.0,0.0,0.0,0.0,1.0,0.0,0.0,0.0,3.0,6.0,3.0,1.0,2.0,0.0,0.0,3.0,0.0,2.0,5.0,2.0,10.0,0.0,0.0,191.0
113,2021-05-05,0.0,0.0,0.0,0.0,2.0,1.0,3.0,1.0,0.0,0.0,0.0,0.0,1.0,0.0,1.0,5.0,4.0,6.0,2.0,1.0,5.0,4.0,4.0,0.0,7.0,15.0,6.0,20.0,1.0,5.0,3.0,4.0,5.0,0.0,4.0,15.0,12.0,14.0,1.0,6.0,6.0,7.0,3.0,4.0,8.0,9.0,3.0,10.0,6.0,1.0,1.0,0.0,3.0,1.0,2.0,3.0,2.0,10.0,0.0,0.0,1.0,1.0,4.0,0.0,4.0,4.0,3.0,2.0,1.0,3.0,1.0,1.0,5.0,0.0,5.0,11.0,6.0,6.0,0.0,2.0,297.0
114,2021-05-06,2.0,0.0,0.0,0.0,0.0,2.0,0.0,6.0,0.0,2.0,0.0,0.0,1.0,0.0,0.0,2.0,2.0,5.0,0.0,0.0,9.0,4.0,5.0,1.0,9.0,3.0,5.0,6.0,0.0,0.0,6.0,5.0,3.0,0.0,4.0,13.0,10.0,13.0,1.0,1.0,5.0,6.0,5.0,2.0,6.0,5.0,13.0,3.0,2.0,1.0,1.0,0.0,0.0,0.0,3.0,4.0,2.0,2.0,0.0,1.0,1.0,0.0,2.0,1.0,1.0,0.0,6.0,5.0,1.0,0.0,3.0,0.0,1.0,0.0,1.0,4.0,3.0,3.0,0.0,1.0,214.0
115,2021-05-07,1.0,0.0,0.0,1.0,0.0,1.0,1.0,1.0,0.0,0.0,1.0,1.0,0.0,0.0,0.0,1.0,2.0,6.0,1.0,0.0,7.0,3.0,1.0,1.0,5.0,4.0,5.0,8.0,0.0,3.0,2.0,0.0,2.0,0.0,1.0,4.0,7.0,3.0,1.0,1.0,3.0,0.0,0.0,1.0,4.0,4.0,5.0,2.0,0.0,0.0,0.0,1.0,1.0,0.0,7.0,2.0,1.0,4.0,0.0,1.0,1.0,1.0,1.0,0.0,0.0,1.0,0.0,2.0,0.0,0.0,0.0,4.0,0.0,0.0,0.0,1.0,1.0,7.0,0.0,0.0,130.0
116,2021-05-08,0.0,0.0,0.0,0.0,0.0,0.0,1.0,1.0,0.0,0.0,0.0,0.0,1.0,0.0,0.0,1.0,0.0,3.0,0.0,0.0,1.0,0.0,0.0,0.0,2.0,1.0,3.0,1.0,3.0,0.0,0.0,0.0,0.0,0.0,1.0,3.0,1.0,4.0,0.0,0.0,0.0,3.0,0.0,1.0,2.0,0.0,1.0,2.0,0.0,1.0,1.0,0.0,0.0,0.0,2.0,3.0,0.0,1.0,0.0,0.0,0.0,1.0,1.0,0.0,2.0,1.0,1.0,4.0,0.0,0.0,0.0,0.0,0.0,0.0,2.0,1.0,0.0,1.0,0.0,0.0,58.0
117,2021-05-09,0.0,0.0,0.0,0.0,0.0,0.0,1.0,1.0,0.0,0.0,1.0,0.0,0.0,0.0,0.0,1.0,0.0,3.0,1.0,0.0,1.0,0.0,1.0,0.0,2.0,2.0,2.0,5.0,0.0,1.0,1.0,0.0,0.0,1.0,1.0,3.0,4.0,1.0,0.0,0.0,2.0,1.0,0.0,0.0,2.0,1.0,3.0,1.0,3.0,1.0,0.0,0.0,0.0,0.0,4.0,1.0,1.0,1.0,0.0,0.0,2.0,0.0,0.0,0.0,0.0,0.0,0.0,0.0,0.0,0.0,0.0,0.0,0.0,0.0,0.0,0.0,1.0,1.0,0.0,0.0,58.0
118,2021-05-10,0.0,0.0,1.0,0.0,0.0,1.0,0.0,2.0,0.0,0.0,0.0,0.0,0.0,1.0,2.0,0.0,2.0,0.0,1.0,0.0,2.0,0.0,5.0,0.0,3.0,5.0,3.0,14.0,2.0,3.0,2.0,1.0,1.0,1.0,2.0,3.0,2.0,5.0,2.0,1.0,4.0,1.0,6.0,1.0,4.0,2.0,5.0,6.0,3.0,1.0,0.0,0.0,0.0,0.0,0.0,2.0,1.0,3.0,0.0,0.0,2.0,0.0,1.0,0.0,2.0,1.0,3.0,2.0,0.0,0.0,1.0,1.0,2.0,0.0,1.0,2.0,0.0,6.0,0.0,0.0,130.0
119,2021-05-11,0.0,1.0,1.0,0.0,2.0,1.0,0.0,0.0,0.0,1.0,0.0,0.0,0.0,0.0,0.0,1.0,2.0,3.0,0.0,0.0,1.0,0.0,3.0,1.0,5.0,3.0,1.0,6.0,1.0,2.0,0.0,4.0,2.0,0.0,2.0,2.0,1.0,3.0,3.0,1.0,1.0,1.0,5.0,1.0,0.0,1.0,3.0,7.0,0.0,0.0,0.0,0.0,1.0,1.0,2.0,1.0,2.0,2.0,1.0,2.0,1.0,2.0,2.0,1.0,0.0,0.0,2.0,4.0,0.0,1.0,0.0,1.0,3.0,0.0,2.0,0.0,1.0,2.0,0.0,0.0,106.0
120,2021-05-12,0.0,0.0,1.0,0.0,0.0,0.0,0.0,1.0,0.0,0.0,1.0,0.0,2.0,0.0,0.0,1.0,1.0,2.0,1.0,1.0,3.0,0.0,2.0,0.0,6.0,4.0,7.0,10.0,1.0,1.0,0.0,0.0,1.0,0.0,1.0,4.0,4.0,9.0,1.0,0.0,1.0,0.0,1.0,1.0,6.0,1.0,2.0,6.0,3.0,1.0,0.0,0.0,0.0,0.0,1.0,2.0,5.0,4.0,0.0,0.0,0.0,0.0,2.0,0.0,2.0,1.0,0.0,4.0,1.0,2.0,1.0,1.0,0.0,0.0,0.0,2.0,0.0,6.0,0.0,0.0,121.0
121,2021-05-13,0.0,0.0,0.0,0.0,0.0,0.0,0.0,2.0,0.0,2.0,2.0,0.0,0.0,0.0,1.0,0.0,1.0,6.0,0.0,1.0,0.0,1.0,8.0,1.0,4.0,4.0,10.0,7.0,2.0,4.0,0.0,2.0,2.0,0.0,1.0,2.0,3.0,3.0,0.0,1.0,3.0,5.0,3.0,0.0,4.0,0.0,1.0,19.0,0.0,1.0,1.0,3.0,1.0,1.0,1.0,1.0,2.0,2.0,1.0,1.0,0.0,0.0,1.0,0.0,1.0,4.0,2.0,3.0,0.0,0.0,1.0,0.0,0.0,1.0,1.0,1.0,0.0,6.0,0.0,0.0,141.0
122,2021-05-14,0.0,0.0,0.0,0.0,1.0,1.0,3.0,1.0,0.0,0.0,0.0,0.0,2.0,0.0,1.0,1.0,1.0,4.0,0.0,0.0,1.0,1.0,4.0,0.0,3.0,4.0,4.0,11.0,2.0,2.0,2.0,0.0,1.0,1.0,4.0,0.0,1.0,5.0,2.0,0.0,2.0,1.0,1.0,0.0,5.0,0.0,2.0,9.0,2.0,0.0,2.0,2.0,0.0,0.0,5.0,0.0,1.0,2.0,0.0,0.0,1.0,1.0,1.0,1.0,0.0,1.0,0.0,2.0,1.0,0.0,0.0,0.0,0.0,0.0,1.0,0.0,1.0,2.0,0.0,0.0,109.0
123,2021-05-15,0.0,0.0,0.0,0.0,0.0,0.0,0.0,0.0,0.0,0.0,1.0,0.0,0.0,0.0,0.0,0.0,0.0,1.0,0.0,0.0,2.0,1.0,1.0,0.0,4.0,2.0,5.0,4.0,1.0,0.0,1.0,2.0,3.0,0.0,2.0,0.0,4.0,5.0,2.0,0.0,1.0,0.0,1.0,1.0,1.0,1.0,3.0,2.0,1.0,1.0,0.0,1.0,0.0,0.0,2.0,0.0,0.0,1.0,0.0,0.0,0.0,0.0,2.0,0.0,1.0,0.0,3.0,1.0,0.0,1.0,1.0,0.0,0.0,1.0,0.0,1.0,2.0,0.0,1.0,0.0,71.0
124,2021-05-16,0.0,0.0,0.0,0.0,1.0,0.0,0.0,1.0,0.0,0.0,1.0,0.0,0.0,0.0,0.0,0.0,1.0,0.0,0.0,1.0,0.0,1.0,1.0,1.0,0.0,1.0,2.0,3.0,1.0,0.0,1.0,1.0,0.0,0.0,1.0,1.0,3.0,3.0,1.0,0.0,2.0,0.0,2.0,0.0,5.0,0.0,1.0,2.0,0.0,0.0,0.0,0.0,0.0,0.0,0.0,0.0,0.0,1.0,0.0,1.0,1.0,0.0,1.0,1.0,0.0,1.0,2.0,3.0,0.0,1.0,0.0,0.0,1.0,0.0,0.0,0.0,0.0,1.0,0.0,0.0,52.0
125,2021-05-17,0.0,1.0,0.0,0.0,0.0,0.0,0.0,1.0,0.0,0.0,0.0,1.0,1.0,0.0,2.0,0.0,0.0,0.0,0.0,0.0,0.0,1.0,2.0,1.0,7.0,5.0,4.0,12.0,1.0,0.0,1.0,0.0,2.0,1.0,3.0,1.0,3.0,3.0,1.0,1.0,1.0,2.0,2.0,1.0,4.0,2.0,2.0,2.0,0.0,2.0,0.0,0.0,1.0,0.0,0.0,0.0,0.0,3.0,0.0,0.0,0.0,0.0,1.0,0.0,2.0,0.0,1.0,1.0,1.0,1.0,0.0,1.0,0.0,0.0,1.0,0.0,0.0,2.0,0.0,0.0,88.0
126,2021-05-18,0.0,0.0,0.0,0.0,0.0,0.0,0.0,0.0,2.0,0.0,1.0,0.0,0.0,0.0,2.0,0.0,1.0,2.0,0.0,0.0,1.0,4.0,1.0,1.0,5.0,5.0,4.0,5.0,1.0,0.0,0.0,3.0,2.0,1.0,0.0,2.0,3.0,5.0,1.0,0.0,1.0,1.0,1.0,0.0,6.0,2.0,1.0,5.0,1.0,1.0,1.0,1.0,2.0,0.0,1.0,0.0,0.0,2.0,1.0,1.0,0.0,1.0,2.0,0.0,0.0,0.0,1.0,3.0,0.0,0.0,0.0,0.0,0.0,0.0,0.0,2.0,2.0,5.0,1.0,0.0,97.0
127,2021-05-19,0.0,0.0,0.0,0.0,0.0,0.0,1.0,0.0,0.0,0.0,0.0,0.0,1.0,0.0,1.0,1.0,0.0,2.0,0.0,0.0,2.0,3.0,2.0,0.0,2.0,2.0,2.0,9.0,0.0,0.0,0.0,0.0,2.0,1.0,1.0,2.0,1.0,5.0,0.0,0.0,1.0,3.0,0.0,2.0,1.0,0.0,3.0,5.0,3.0,0.0,1.0,1.0,1.0,1.0,0.0,0.0,1.0,0.0,0.0,1.0,0.0,1.0,0.0,0.0,3.0,2.0,1.0,0.0,0.0,0.0,1.0,0.0,1.0,0.0,0.0,1.0,1.0,4.0,0.0,0.0,79.0
128,2021-05-20,0.0,0.0,0.0,1.0,0.0,0.0,1.0,0.0,0.0,0.0,2.0,1.0,0.0,0.0,0.0,0.0,0.0,3.0,0.0,1.0,3.0,2.0,1.0,0.0,1.0,2.0,6.0,5.0,0.0,0.0,0.0,0.0,1.0,0.0,2.0,1.0,2.0,2.0,0.0,1.0,1.0,0.0,0.0,0.0,4.0,0.0,2.0,8.0,0.0,0.0,0.0,0.0,0.0,0.0,1.0,2.0,0.0,0.0,0.0,0.0,0.0,0.0,0.0,0.0,1.0,0.0,1.0,0.0,1.0,0.0,0.0,0.0,0.0,0.0,0.0,3.0,1.0,0.0,1.0,0.0,64.0
129,2021-05-21,0.0,0.0,1.0,0.0,2.0,0.0,0.0,0.0,0.0,0.0,0.0,1.0,0.0,0.0,0.0,0.0,0.0,1.0,0.0,0.0,4.0,0.0,2.0,0.0,2.0,2.0,6.0,7.0,1.0,0.0,1.0,0.0,1.0,0.0,3.0,0.0,1.0,3.0,0.0,0.0,2.0,1.0,2.0,0.0,3.0,2.0,2.0,8.0,0.0,2.0,1.0,0.0,0.0,0.0,0.0,2.0,0.0,0.0,0.0,0.0,2.0,0.0,0.0,0.0,0.0,1.0,0.0,0.0,1.0,0.0,0.0,1.0,0.0,0.0,0.0,1.0,1.0,6.0,0.0,0.0,76.0
130,2021-05-22,0.0,0.0,0.0,0.0,0.0,0.0,0.0,1.0,0.0,0.0,0.0,0.0,0.0,0.0,0.0,0.0,2.0,2.0,0.0,1.0,2.0,0.0,3.0,1.0,1.0,2.0,1.0,4.0,0.0,1.0,0.0,0.0,0.0,0.0,0.0,3.0,1.0,4.0,0.0,0.0,2.0,0.0,1.0,0.0,2.0,0.0,0.0,0.0,0.0,0.0,0.0,0.0,0.0,0.0,1.0,0.0,0.0,1.0,0.0,0.0,0.0,1.0,0.0,0.0,0.0,1.0,1.0,2.0,1.0,1.0,2.0,0.0,0.0,0.0,1.0,1.0,0.0,2.0,0.0,0.0,49.0
131,2021-05-23,0.0,0.0,0.0,0.0,0.0,0.0,0.0,1.0,0.0,0.0,1.0,0.0,0.0,0.0,0.0,0.0,1.0,0.0,0.0,1.0,3.0,0.0,0.0,0.0,0.0,0.0,2.0,6.0,1.0,0.0,0.0,0.0,1.0,0.0,0.0,0.0,5.0,2.0,0.0,0.0,0.0,1.0,0.0,0.0,1.0,0.0,2.0,5.0,0.0,1.0,0.0,0.0,1.0,0.0,0.0,1.0,1.0,0.0,0.0,0.0,0.0,0.0,0.0,0.0,0.0,0.0,1.0,2.0,0.0,0.0,0.0,0.0,0.0,0.0,1.0,1.0,0.0,4.0,0.0,0.0,46.0
132,2021-05-24,0.0,0.0,0.0,0.0,1.0,0.0,1.0,0.0,0.0,0.0,1.0,0.0,0.0,0.0,0.0,0.0,1.0,0.0,0.0,1.0,0.0,0.0,1.0,0.0,2.0,1.0,2.0,3.0,0.0,1.0,0.0,2.0,2.0,0.0,1.0,1.0,2.0,5.0,0.0,1.0,0.0,0.0,3.0,0.0,2.0,0.0,1.0,3.0,2.0,2.0,0.0,0.0,1.0,0.0,0.0,0.0,1.0,2.0,0.0,0.0,0.0,0.0,0.0,0.0,1.0,1.0,1.0,1.0,0.0,0.0,0.0,0.0,0.0,0.0,0.0,1.0,3.0,6.0,1.0,1.0,62.0
133,2021-05-25,0.0,0.0,0.0,0.0,1.0,1.0,4.0,2.0,0.0,0.0,0.0,0.0,0.0,0.0,3.0,3.0,1.0,2.0,0.0,0.0,4.0,3.0,4.0,2.0,6.0,2.0,4.0,18.0,3.0,2.0,1.0,1.0,4.0,0.0,4.0,0.0,2.0,18.0,1.0,1.0,4.0,0.0,4.0,0.0,3.0,2.0,4.0,10.0,2.0,0.0,0.0,0.0,2.0,0.0,1.0,1.0,1.0,8.0,0.0,0.0,1.0,0.0,0.0,1.0,1.0,3.0,3.0,8.0,1.0,0.0,2.0,1.0,1.0,0.0,0.0,2.0,1.0,4.0,0.0,1.0,169.0
134,2021-05-26,0.0,0.0,1.0,0.0,0.0,0.0,1.0,2.0,0.0,0.0,0.0,0.0,1.0,0.0,2.0,1.0,4.0,5.0,1.0,0.0,3.0,1.0,6.0,0.0,8.0,1.0,3.0,14.0,3.0,3.0,1.0,0.0,2.0,0.0,5.0,3.0,2.0,8.0,1.0,3.0,1.0,0.0,5.0,1.0,2.0,0.0,0.0,10.0,2.0,1.0,0.0,0.0,2.0,1.0,2.0,0.0,1.0,6.0,2.0,0.0,1.0,0.0,1.0,0.0,1.0,0.0,1.0,3.0,0.0,2.0,0.0,1.0,2.0,1.0,0.0,1.0,3.0,3.0,0.0,1.0,142.0
135,2021-05-27,0.0,0.0,0.0,0.0,0.0,0.0,1.0,0.0,0.0,0.0,0.0,0.0,1.0,0.0,1.0,1.0,0.0,2.0,0.0,1.0,2.0,0.0,3.0,1.0,5.0,2.0,5.0,16.0,4.0,1.0,0.0,0.0,0.0,0.0,2.0,3.0,0.0,6.0,3.0,2.0,1.0,2.0,2.0,0.0,2.0,0.0,3.0,7.0,1.0,1.0,1.0,0.0,2.0,1.0,0.0,0.0,1.0,1.0,1.0,1.0,2.0,0.0,2.0,0.0,0.0,2.0,1.0,7.0,3.0,1.0,1.0,0.0,1.0,0.0,0.0,1.0,1.0,6.0,0.0,1.0,118.0
136,2021-05-28,0.0,0.0,0.0,0.0,0.0,1.0,1.0,0.0,0.0,0.0,2.0,0.0,2.0,0.0,1.0,0.0,2.0,3.0,1.0,0.0,0.0,1.0,1.0,3.0,6.0,5.0,2.0,22.0,1.0,1.0,0.0,0.0,0.0,1.0,3.0,2.0,2.0,10.0,3.0,1.0,2.0,0.0,1.0,1.0,1.0,1.0,3.0,6.0,0.0,1.0,0.0,0.0,1.0,1.0,2.0,1.0,2.0,1.0,1.0,0.0,0.0,0.0,0.0,0.0,1.0,1.0,1.0,5.0,0.0,0.0,1.0,0.0,2.0,0.0,0.0,1.0,1.0,3.0,0.0,1.0,119.0
137,2021-05-29,0.0,0.0,0.0,0.0,0.0,0.0,1.0,1.0,0.0,0.0,0.0,0.0,0.0,0.0,0.0,1.0,0.0,0.0,0.0,0.0,1.0,0.0,0.0,0.0,0.0,2.0,3.0,5.0,1.0,0.0,2.0,0.0,1.0,0.0,1.0,1.0,3.0,1.0,1.0,1.0,0.0,0.0,2.0,0.0,1.0,0.0,3.0,2.0,1.0,0.0,0.0,0.0,0.0,0.0,0.0,0.0,0.0,2.0,0.0,0.0,0.0,0.0,0.0,0.0,2.0,0.0,1.0,2.0,0.0,0.0,1.0,0.0,0.0,1.0,1.0,1.0,0.0,2.0,1.0,0.0,49.0
138,2021-05-30,0.0,0.0,0.0,0.0,0.0,1.0,0.0,0.0,0.0,0.0,1.0,0.0,0.0,0.0,0.0,0.0,0.0,0.0,0.0,0.0,1.0,0.0,0.0,0.0,1.0,2.0,5.0,4.0,1.0,1.0,0.0,0.0,0.0,1.0,1.0,0.0,1.0,1.0,1.0,1.0,0.0,0.0,2.0,0.0,1.0,0.0,2.0,3.0,1.0,0.0,0.0,0.0,0.0,0.0,1.0,0.0,1.0,0.0,0.0,1.0,0.0,0.0,0.0,0.0,0.0,0.0,2.0,2.0,0.0,1.0,0.0,0.0,0.0,0.0,0.0,0.0,2.0,1.0,0.0,0.0,43.0
139,2021-05-31,0.0,0.0,0.0,0.0,0.0,3.0,0.0,0.0,0.0,1.0,1.0,0.0,0.0,0.0,0.0,0.0,1.0,1.0,0.0,0.0,1.0,0.0,0.0,0.0,2.0,0.0,5.0,3.0,1.0,0.0,0.0,0.0,1.0,0.0,3.0,0.0,1.0,3.0,0.0,2.0,0.0,1.0,0.0,1.0,0.0,1.0,3.0,3.0,0.0,1.0,0.0,1.0,0.0,0.0,1.0,1.0,1.0,3.0,0.0,0.0,2.0,0.0,0.0,0.0,0.0,0.0,1.0,1.0,0.0,0.0,0.0,0.0,0.0,1.0,1.0,0.0,1.0,1.0,0.0,0.0,54.0
140,2021-06-01,0.0,0.0,0.0,0.0,0.0,0.0,1.0,3.0,0.0,1.0,0.0,0.0,0.0,1.0,0.0,0.0,2.0,4.0,2.0,0.0,3.0,0.0,0.0,1.0,4.0,4.0,4.0,4.0,0.0,0.0,0.0,0.0,2.0,0.0,2.0,0.0,1.0,4.0,0.0,0.0,0.0,2.0,0.0,0.0,4.0,0.0,2.0,4.0,0.0,1.0,0.0,0.0,1.0,0.0,2.0,1.0,2.0,3.0,0.0,0.0,0.0,0.0,0.0,0.0,0.0,1.0,1.0,2.0,0.0,0.0,1.0,0.0,0.0,0.0,0.0,1.0,1.0,2.0,1.0,0.0,75.0
141,2021-06-02,0.0,0.0,1.0,0.0,0.0,1.0,0.0,4.0,1.0,1.0,0.0,1.0,1.0,0.0,2.0,0.0,3.0,3.0,0.0,0.0,2.0,1.0,4.0,0.0,6.0,1.0,6.0,12.0,1.0,1.0,1.0,0.0,9.0,1.0,2.0,1.0,2.0,8.0,1.0,0.0,2.0,2.0,1.0,1.0,1.0,1.0,1.0,6.0,1.0,1.0,0.0,1.0,1.0,0.0,1.0,0.0,4.0,3.0,0.0,2.0,1.0,0.0,2.0,0.0,1.0,0.0,0.0,3.0,0.0,0.0,0.0,0.0,0.0,0.0,2.0,0.0,2.0,7.0,0.0,1.0,125.0
142,2021-06-03,1.0,0.0,0.0,1.0,1.0,0.0,2.0,1.0,2.0,0.0,0.0,1.0,1.0,0.0,2.0,0.0,1.0,3.0,2.0,0.0,1.0,0.0,1.0,2.0,6.0,1.0,7.0,13.0,3.0,1.0,0.0,1.0,1.0,0.0,4.0,1.0,4.0,10.0,5.0,0.0,1.0,0.0,1.0,0.0,1.0,2.0,0.0,7.0,1.0,0.0,0.0,0.0,1.0,0.0,2.0,0.0,4.0,5.0,0.0,0.0,1.0,0.0,0.0,0.0,2.0,2.0,4.0,4.0,0.0,0.0,1.0,0.0,2.0,0.0,3.0,1.0,2.0,5.0,1.0,1.0,133.0
143,2021-06-04,0.0,0.0,1.0,0.0,0.0,0.0,0.0,2.0,0.0,0.0,0.0,0.0,0.0,0.0,0.0,0.0,1.0,4.0,0.0,0.0,2.0,1.0,2.0,0.0,7.0,0.0,6.0,10.0,3.0,0.0,0.0,2.0,3.0,0.0,1.0,0.0,4.0,1.0,1.0,1.0,1.0,1.0,0.0,1.0,1.0,0.0,4.0,5.0,0.0,1.0,0.0,0.0,2.0,0.0,0.0,0.0,3.0,2.0,1.0,0.0,1.0,0.0,0.0,1.0,1.0,0.0,1.0,2.0,0.0,0.0,1.0,0.0,3.0,0.0,0.0,0.0,1.0,3.0,0.0,1.0,89.0
144,2021-06-05,0.0,0.0,0.0,0.0,0.0,0.0,0.0,1.0,0.0,0.0,1.0,0.0,0.0,0.0,2.0,0.0,0.0,1.0,0.0,0.0,4.0,0.0,0.0,0.0,4.0,1.0,3.0,2.0,1.0,2.0,3.0,1.0,2.0,0.0,0.0,1.0,2.0,2.0,0.0,0.0,1.0,0.0,0.0,1.0,1.0,1.0,1.0,0.0,0.0,0.0,1.0,0.0,0.0,0.0,0.0,0.0,1.0,2.0,0.0,0.0,0.0,0.0,0.0,0.0,1.0,0.0,1.0,2.0,2.0,0.0,0.0,1.0,1.0,0.0,2.0,0.0,3.0,1.0,0.0,0.0,56.0
145,2021-06-06,0.0,0.0,0.0,0.0,0.0,0.0,0.0,1.0,0.0,0.0,0.0,0.0,0.0,0.0,0.0,0.0,0.0,2.0,0.0,0.0,0.0,1.0,1.0,0.0,0.0,0.0,7.0,4.0,3.0,0.0,1.0,0.0,0.0,0.0,1.0,0.0,4.0,3.0,0.0,0.0,2.0,1.0,1.0,0.0,1.0,1.0,0.0,5.0,0.0,0.0,0.0,1.0,1.0,0.0,1.0,2.0,0.0,1.0,0.0,0.0,0.0,0.0,0.0,0.0,1.0,0.0,1.0,1.0,0.0,2.0,0.0,0.0,0.0,0.0,0.0,0.0,1.0,1.0,0.0,0.0,52.0
146,2021-06-07,0.0,1.0,0.0,0.0,0.0,0.0,2.0,1.0,1.0,0.0,0.0,0.0,0.0,1.0,1.0,0.0,3.0,0.0,0.0,1.0,2.0,3.0,1.0,1.0,3.0,1.0,5.0,6.0,1.0,1.0,0.0,1.0,0.0,2.0,0.0,3.0,3.0,10.0,1.0,0.0,6.0,0.0,0.0,0.0,3.0,0.0,1.0,3.0,1.0,1.0,3.0,0.0,1.0,0.0,0.0,1.0,0.0,1.0,0.0,0.0,1.0,0.0,2.0,0.0,0.0,1.0,1.0,2.0,1.0,1.0,0.0,1.0,1.0,0.0,1.0,0.0,1.0,1.0,0.0,0.0,90.0
147,2021-06-08,2.0,0.0,2.0,0.0,2.0,0.0,0.0,2.0,0.0,0.0,1.0,0.0,0.0,2.0,0.0,0.0,0.0,3.0,0.0,2.0,3.0,3.0,4.0,1.0,4.0,2.0,3.0,20.0,1.0,1.0,2.0,1.0,5.0,0.0,3.0,1.0,2.0,10.0,2.0,0.0,3.0,1.0,4.0,2.0,5.0,0.0,4.0,13.0,4.0,3.0,2.0,1.0,0.0,0.0,1.0,0.0,3.0,5.0,0.0,1.0,0.0,0.0,1.0,0.0,0.0,0.0,0.0,1.0,0.0,0.0,1.0,0.0,2.0,0.0,2.0,2.0,1.0,8.0,0.0,0.0,154.0
148,2021-06-09,0.0,0.0,0.0,0.0,0.0,0.0,0.0,0.0,0.0,0.0,0.0,0.0,0.0,0.0,0.0,1.0,1.0,3.0,0.0,0.0,2.0,0.0,1.0,0.0,4.0,5.0,5.0,1.0,2.0,0.0,3.0,0.0,1.0,0.0,0.0,0.0,0.0,4.0,0.0,0.0,0.0,0.0,3.0,0.0,1.0,0.0,1.0,1.0,0.0,1.0,1.0,0.0,0.0,0.0,0.0,0.0,2.0,4.0,0.0,0.0,0.0,0.0,0.0,0.0,0.0,1.0,0.0,2.0,0.0,0.0,2.0,0.0,0.0,0.0,0.0,3.0,3.0,0.0,2.0,1.0,61.0
149,2021-06-10,0.0,0.0,0.0,0.0,0.0,1.0,1.0,1.0,0.0,0.0,0.0,0.0,1.0,0.0,0.0,0.0,1.0,3.0,0.0,0.0,3.0,0.0,0.0,0.0,0.0,1.0,3.0,3.0,2.0,4.0,3.0,0.0,1.0,0.0,0.0,0.0,1.0,10.0,0.0,0.0,3.0,1.0,3.0,0.0,2.0,1.0,2.0,5.0,1.0,0.0,2.0,1.0,1.0,0.0,1.0,0.0,2.0,2.0,0.0,2.0,1.0,1.0,0.0,0.0,1.0,0.0,3.0,1.0,0.0,1.0,1.0,1.0,0.0,2.0,0.0,0.0,0.0,1.0,0.0,2.0,83.0
150,2021-06-11,0.0,0.0,0.0,0.0,0.0,0.0,1.0,0.0,0.0,0.0,0.0,0.0,0.0,0.0,1.0,0.0,0.0,1.0,0.0,0.0,1.0,1.0,1.0,0.0,2.0,0.0,1.0,5.0,0.0,2.0,1.0,0.0,1.0,1.0,0.0,1.0,0.0,5.0,0.0,0.0,0.0,0.0,0.0,1.0,1.0,0.0,0.0,3.0,0.0,0.0,1.0,0.0,0.0,0.0,0.0,1.0,1.0,3.0,1.0,0.0,0.0,1.0,0.0,0.0,0.0,0.0,0.0,0.0,0.0,0.0,0.0,1.0,0.0,0.0,0.0,0.0,1.0,2.0,0.0,0.0,42.0
151,2021-06-12,0.0,0.0,0.0,1.0,0.0,0.0,1.0,0.0,0.0,0.0,0.0,0.0,0.0,0.0,0.0,0.0,0.0,0.0,0.0,0.0,0.0,0.0,2.0,0.0,0.0,0.0,1.0,2.0,1.0,1.0,1.0,0.0,1.0,0.0,0.0,0.0,0.0,0.0,0.0,1.0,2.0,0.0,2.0,0.0,0.0,0.0,0.0,1.0,0.0,0.0,0.0,0.0,0.0,0.0,0.0,0.0,1.0,0.0,0.0,0.0,0.0,0.0,0.0,1.0,0.0,0.0,1.0,0.0,0.0,1.0,1.0,0.0,0.0,0.0,0.0,0.0,0.0,0.0,0.0,0.0,22.0
152,2021-06-13,0.0,0.0,0.0,0.0,0.0,1.0,0.0,0.0,0.0,0.0,0.0,0.0,0.0,0.0,0.0,0.0,0.0,1.0,0.0,0.0,1.0,0.0,1.0,0.0,1.0,2.0,1.0,3.0,0.0,0.0,0.0,0.0,0.0,0.0,0.0,0.0,0.0,1.0,0.0,0.0,0.0,0.0,1.0,0.0,0.0,0.0,1.0,0.0,0.0,0.0,0.0,1.0,0.0,0.0,1.0,0.0,2.0,2.0,0.0,0.0,0.0,0.0,0.0,1.0,0.0,0.0,0.0,0.0,0.0,0.0,0.0,0.0,0.0,0.0,0.0,0.0,0.0,1.0,0.0,0.0,22.0
153,2021-06-14,0.0,0.0,0.0,0.0,0.0,0.0,1.0,1.0,0.0,0.0,0.0,0.0,0.0,0.0,2.0,0.0,1.0,0.0,0.0,0.0,0.0,0.0,1.0,0.0,0.0,1.0,0.0,1.0,2.0,0.0,1.0,0.0,0.0,0.0,1.0,0.0,1.0,1.0,1.0,0.0,1.0,0.0,0.0,0.0,0.0,1.0,1.0,0.0,0.0,0.0,1.0,0.0,1.0,0.0,0.0,0.0,1.0,1.0,0.0,0.0,0.0,0.0,0.0,0.0,0.0,0.0,1.0,0.0,0.0,0.0,0.0,0.0,0.0,0.0,0.0,0.0,0.0,1.0,0.0,0.0,24.0
154,2021-06-15,1.0,0.0,1.0,0.0,0.0,0.0,0.0,0.0,0.0,0.0,0.0,0.0,0.0,1.0,0.0,0.0,0.0,0.0,0.0,0.0,3.0,0.0,2.0,0.0,0.0,0.0,1.0,1.0,0.0,2.0,1.0,0.0,0.0,0.0,1.0,0.0,0.0,0.0,1.0,0.0,0.0,0.0,1.0,0.0,0.0,1.0,2.0,1.0,0.0,1.0,1.0,0.0,0.0,0.0,0.0,0.0,3.0,2.0,0.0,0.0,0.0,0.0,1.0,0.0,0.0,0.0,0.0,0.0,0.0,0.0,1.0,0.0,0.0,0.0,1.0,0.0,0.0,2.0,0.0,0.0,32.0
155,2021-06-16,1.0,0.0,0.0,0.0,0.0,0.0,0.0,1.0,0.0,0.0,0.0,0.0,0.0,0.0,0.0,0.0,0.0,0.0,0.0,0.0,3.0,0.0,1.0,0.0,3.0,0.0,1.0,0.0,0.0,0.0,0.0,0.0,0.0,0.0,1.0,0.0,0.0,2.0,0.0,0.0,3.0,0.0,0.0,0.0,1.0,2.0,2.0,0.0,0.0,0.0,0.0,0.0,0.0,0.0,0.0,1.0,0.0,0.0,0.0,0.0,0.0,0.0,1.0,0.0,0.0,0.0,0.0,0.0,0.0,0.0,0.0,0.0,0.0,0.0,0.0,0.0,0.0,0.0,0.0,0.0,23.0
156,2021-06-17,0.0,0.0,0.0,0.0,0.0,0.0,0.0,0.0,0.0,0.0,0.0,0.0,1.0,0.0,0.0,0.0,0.0,0.0,0.0,0.0,0.0,1.0,0.0,0.0,1.0,0.0,3.0,4.0,1.0,0.0,3.0,0.0,1.0,0.0,0.0,0.0,0.0,1.0,0.0,0.0,2.0,0.0,0.0,0.0,3.0,0.0,1.0,2.0,0.0,0.0,0.0,1.0,0.0,0.0,1.0,0.0,1.0,2.0,1.0,0.0,1.0,0.0,0.0,0.0,2.0,0.0,1.0,1.0,0.0,0.0,0.0,0.0,0.0,0.0,0.0,1.0,1.0,0.0,0.0,0.0,37.0
157,2021-06-18,0.0,0.0,0.0,0.0,0.0,1.0,0.0,0.0,0.0,0.0,0.0,0.0,0.0,0.0,0.0,0.0,0.0,1.0,0.0,0.0,3.0,0.0,0.0,3.0,2.0,2.0,0.0,1.0,0.0,0.0,1.0,0.0,0.0,0.0,1.0,0.0,1.0,0.0,0.0,0.0,0.0,0.0,1.0,1.0,0.0,0.0,1.0,0.0,0.0,0.0,0.0,1.0,0.0,0.0,0.0,1.0,1.0,0.0,0.0,0.0,1.0,0.0,1.0,0.0,0.0,0.0,1.0,1.0,0.0,0.0,0.0,0.0,0.0,0.0,0.0,0.0,0.0,0.0,0.0,0.0,26.0
158,2021-06-19,0.0,0.0,1.0,0.0,0.0,0.0,0.0,0.0,0.0,0.0,1.0,0.0,0.0,0.0,0.0,0.0,0.0,0.0,0.0,0.0,0.0,0.0,1.0,0.0,1.0,0.0,2.0,2.0,0.0,0.0,1.0,0.0,0.0,0.0,1.0,0.0,1.0,1.0,0.0,0.0,1.0,0.0,0.0,1.0,1.0,0.0,1.0,0.0,0.0,1.0,1.0,0.0,0.0,0.0,0.0,0.0,0.0,1.0,0.0,0.0,0.0,0.0,0.0,0.0,0.0,1.0,1.0,0.0,0.0,0.0,0.0,0.0,0.0,0.0,0.0,0.0,2.0,1.0,0.0,0.0,24.0
159,2021-06-20,0.0,0.0,0.0,0.0,0.0,0.0,0.0,0.0,0.0,0.0,0.0,0.0,0.0,0.0,0.0,0.0,0.0,0.0,0.0,0.0,0.0,0.0,0.0,0.0,1.0,0.0,0.0,2.0,1.0,0.0,0.0,1.0,0.0,0.0,0.0,2.0,2.0,0.0,0.0,0.0,1.0,0.0,1.0,0.0,0.0,0.0,1.0,0.0,0.0,0.0,0.0,0.0,0.0,0.0,0.0,0.0,1.0,0.0,0.0,0.0,0.0,0.0,0.0,0.0,0.0,0.0,0.0,0.0,0.0,0.0,0.0,0.0,0.0,0.0,1.0,0.0,1.0,0.0,0.0,0.0,15.0
160,2021-06-21,0.0,0.0,0.0,1.0,1.0,0.0,0.0,2.0,0.0,0.0,0.0,0.0,0.0,0.0,0.0,0.0,1.0,2.0,0.0,0.0,2.0,0.0,0.0,0.0,0.0,0.0,2.0,1.0,0.0,1.0,0.0,0.0,2.0,0.0,0.0,0.0,2.0,4.0,0.0,0.0,0.0,0.0,1.0,0.0,0.0,1.0,0.0,0.0,0.0,0.0,0.0,0.0,0.0,0.0,0.0,0.0,1.0,0.0,0.0,0.0,1.0,0.0,0.0,0.0,0.0,1.0,0.0,2.0,0.0,0.0,0.0,0.0,0.0,0.0,2.0,1.0,0.0,0.0,0.0,0.0,31.0
161,2021-06-22,0.0,0.0,0.0,0.0,0.0,0.0,1.0,1.0,0.0,0.0,0.0,0.0,0.0,0.0,0.0,0.0,0.0,0.0,0.0,0.0,3.0,0.0,1.0,0.0,0.0,1.0,2.0,2.0,1.0,0.0,1.0,2.0,1.0,0.0,1.0,0.0,1.0,3.0,0.0,2.0,3.0,0.0,3.0,0.0,0.0,0.0,1.0,2.0,1.0,1.0,0.0,0.0,0.0,0.0,1.0,0.0,0.0,0.0,0.0,0.0,0.0,0.0,1.0,0.0,0.0,0.0,1.0,1.0,0.0,1.0,0.0,0.0,0.0,0.0,1.0,0.0,0.0,2.0,0.0,0.0,42.0
162,2021-06-23,0.0,0.0,0.0,0.0,0.0,0.0,0.0,0.0,0.0,0.0,0.0,0.0,0.0,0.0,0.0,1.0,0.0,1.0,0.0,0.0,0.0,0.0,0.0,0.0,3.0,0.0,2.0,1.0,0.0,1.0,0.0,0.0,1.0,0.0,1.0,1.0,1.0,1.0,0.0,0.0,0.0,0.0,1.0,0.0,0.0,0.0,0.0,0.0,1.0,1.0,0.0,0.0,0.0,0.0,1.0,0.0,0.0,3.0,0.0,0.0,0.0,0.0,0.0,0.0,0.0,0.0,0.0,0.0,0.0,0.0,1.0,0.0,2.0,0.0,1.0,0.0,0.0,1.0,0.0,0.0,26.0
163,2021-06-24,1.0,0.0,0.0,0.0,0.0,0.0,0.0,1.0,0.0,0.0,0.0,0.0,0.0,0.0,0.0,0.0,1.0,1.0,0.0,0.0,3.0,0.0,0.0,1.0,2.0,0.0,1.0,2.0,1.0,1.0,0.0,0.0,0.0,0.0,0.0,1.0,1.0,0.0,0.0,1.0,0.0,0.0,1.0,1.0,1.0,0.0,2.0,2.0,0.0,1.0,0.0,1.0,0.0,0.0,0.0,0.0,1.0,1.0,0.0,0.0,0.0,0.0,1.0,0.0,0.0,0.0,0.0,1.0,0.0,0.0,0.0,0.0,0.0,0.0,0.0,0.0,0.0,1.0,0.0,0.0,32.0
164,2021-06-25,0.0,0.0,1.0,0.0,0.0,1.0,1.0,0.0,0.0,0.0,0.0,0.0,1.0,0.0,0.0,0.0,1.0,1.0,0.0,0.0,0.0,0.0,1.0,0.0,1.0,0.0,0.0,5.0,0.0,0.0,1.0,1.0,1.0,1.0,1.0,1.0,3.0,0.0,0.0,1.0,0.0,0.0,0.0,0.0,0.0,0.0,0.0,1.0,0.0,0.0,0.0,0.0,0.0,0.0,4.0,0.0,0.0,3.0,0.0,0.0,0.0,1.0,0.0,1.0,0.0,0.0,0.0,1.0,0.0,0.0,0.0,0.0,0.0,0.0,1.0,0.0,0.0,3.0,1.0,0.0,39.0
165,2021-06-26,0.0,0.0,0.0,0.0,0.0,0.0,0.0,0.0,0.0,0.0,0.0,0.0,0.0,0.0,0.0,0.0,0.0,0.0,0.0,0.0,2.0,1.0,0.0,0.0,2.0,0.0,0.0,3.0,1.0,0.0,0.0,0.0,0.0,0.0,0.0,0.0,0.0,0.0,0.0,0.0,1.0,0.0,0.0,0.0,0.0,0.0,0.0,0.0,1.0,0.0,0.0,1.0,0.0,0.0,0.0,0.0,0.0,0.0,0.0,0.0,1.0,0.0,0.0,1.0,0.0,1.0,0.0,0.0,0.0,0.0,0.0,0.0,1.0,0.0,0.0,3.0,0.0,4.0,0.0,0.0,23.0
166,2021-06-27,0.0,0.0,0.0,0.0,1.0,0.0,0.0,0.0,0.0,0.0,1.0,0.0,0.0,0.0,0.0,0.0,0.0,0.0,0.0,0.0,1.0,0.0,1.0,0.0,0.0,0.0,0.0,2.0,0.0,1.0,1.0,1.0,1.0,0.0,0.0,0.0,1.0,0.0,1.0,0.0,1.0,0.0,0.0,0.0,0.0,1.0,0.0,3.0,0.0,0.0,0.0,0.0,0.0,0.0,0.0,0.0,0.0,0.0,1.0,0.0,1.0,0.0,0.0,0.0,0.0,0.0,0.0,0.0,0.0,0.0,0.0,0.0,0.0,0.0,1.0,0.0,0.0,1.0,0.0,0.0,21.0
167,2021-06-28,2.0,0.0,0.0,0.0,0.0,0.0,0.0,0.0,0.0,0.0,0.0,0.0,0.0,0.0,0.0,0.0,0.0,0.0,0.0,0.0,0.0,0.0,2.0,0.0,0.0,0.0,0.0,2.0,1.0,1.0,1.0,0.0,3.0,0.0,1.0,0.0,1.0,1.0,0.0,0.0,0.0,0.0,2.0,0.0,0.0,0.0,0.0,0.0,1.0,0.0,1.0,1.0,0.0,0.0,1.0,0.0,0.0,0.0,0.0,1.0,0.0,0.0,1.0,0.0,0.0,0.0,0.0,1.0,0.0,0.0,0.0,0.0,0.0,0.0,0.0,0.0,2.0,1.0,0.0,0.0,27.0
168,2021-06-29,0.0,0.0,0.0,0.0,0.0,0.0,2.0,0.0,0.0,0.0,0.0,0.0,0.0,0.0,0.0,0.0,0.0,1.0,0.0,0.0,3.0,0.0,0.0,0.0,0.0,3.0,1.0,3.0,0.0,0.0,1.0,0.0,2.0,0.0,0.0,0.0,0.0,3.0,0.0,0.0,0.0,0.0,0.0,0.0,1.0,0.0,1.0,0.0,0.0,1.0,0.0,0.0,0.0,0.0,0.0,1.0,0.0,1.0,0.0,0.0,0.0,0.0,0.0,0.0,0.0,0.0,1.0,0.0,0.0,0.0,0.0,0.0,0.0,0.0,0.0,2.0,2.0,0.0,0.0,1.0,30.0
169,2021-06-30,0.0,0.0,0.0,0.0,0.0,0.0,0.0,1.0,0.0,0.0,0.0,1.0,0.0,0.0,0.0,0.0,1.0,0.0,0.0,0.0,0.0,1.0,1.0,0.0,0.0,2.0,2.0,4.0,0.0,0.0,1.0,0.0,0.0,0.0,0.0,1.0,2.0,1.0,1.0,0.0,2.0,0.0,1.0,0.0,0.0,1.0,0.0,2.0,0.0,0.0,0.0,0.0,0.0,0.0,2.0,0.0,0.0,1.0,0.0,0.0,0.0,0.0,0.0,1.0,0.0,0.0,2.0,0.0,0.0,1.0,0.0,0.0,0.0,0.0,1.0,1.0,0.0,3.0,1.0,0.0,38.0
170,2021-07-01,0.0,0.0,0.0,0.0,0.0,0.0,0.0,0.0,0.0,0.0,0.0,0.0,0.0,0.0,0.0,0.0,0.0,1.0,0.0,1.0,2.0,1.0,2.0,0.0,0.0,0.0,3.0,3.0,0.0,2.0,0.0,0.0,2.0,0.0,0.0,0.0,0.0,2.0,1.0,0.0,0.0,0.0,1.0,0.0,2.0,0.0,1.0,0.0,0.0,1.0,0.0,1.0,0.0,0.0,0.0,0.0,0.0,1.0,0.0,0.0,0.0,0.0,0.0,0.0,0.0,0.0,2.0,0.0,0.0,1.0,2.0,0.0,0.0,0.0,0.0,1.0,1.0,1.0,0.0,0.0,35.0
171,2021-07-02,0.0,0.0,0.0,0.0,0.0,0.0,0.0,0.0,0.0,0.0,1.0,0.0,0.0,1.0,0.0,0.0,0.0,0.0,0.0,0.0,1.0,1.0,2.0,0.0,4.0,1.0,0.0,1.0,0.0,2.0,0.0,1.0,0.0,0.0,0.0,2.0,1.0,2.0,1.0,0.0,1.0,0.0,0.0,0.0,0.0,1.0,1.0,0.0,0.0,2.0,0.0,0.0,1.0,0.0,0.0,0.0,0.0,0.0,1.0,0.0,0.0,0.0,0.0,0.0,0.0,1.0,0.0,0.0,0.0,0.0,0.0,0.0,2.0,0.0,0.0,0.0,0.0,4.0,0.0,0.0,35.0
172,2021-07-03,0.0,0.0,0.0,0.0,0.0,0.0,0.0,0.0,0.0,0.0,0.0,0.0,0.0,0.0,0.0,0.0,0.0,0.0,0.0,0.0,0.0,0.0,0.0,1.0,0.0,0.0,1.0,1.0,0.0,0.0,0.0,0.0,0.0,0.0,0.0,2.0,0.0,1.0,0.0,1.0,0.0,0.0,0.0,0.0,0.0,0.0,1.0,0.0,0.0,0.0,0.0,0.0,0.0,1.0,0.0,0.0,1.0,0.0,0.0,0.0,0.0,0.0,1.0,0.0,0.0,0.0,1.0,2.0,0.0,0.0,0.0,0.0,0.0,0.0,0.0,0.0,0.0,0.0,0.0,0.0,14.0
173,2021-07-04,0.0,0.0,0.0,0.0,1.0,0.0,0.0,0.0,0.0,0.0,0.0,0.0,0.0,0.0,0.0,0.0,0.0,1.0,0.0,0.0,1.0,0.0,0.0,0.0,0.0,1.0,4.0,2.0,0.0,2.0,0.0,0.0,0.0,0.0,0.0,0.0,0.0,0.0,1.0,2.0,0.0,0.0,0.0,0.0,0.0,0.0,1.0,1.0,0.0,1.0,0.0,0.0,0.0,0.0,0.0,0.0,0.0,0.0,0.0,0.0,0.0,0.0,0.0,0.0,0.0,1.0,1.0,0.0,0.0,0.0,1.0,0.0,0.0,0.0,0.0,0.0,1.0,0.0,0.0,0.0,22.0
174,2021-07-05,0.0,0.0,0.0,0.0,0.0,0.0,1.0,0.0,0.0,0.0,0.0,0.0,0.0,0.0,0.0,0.0,0.0,0.0,0.0,0.0,0.0,0.0,0.0,0.0,1.0,0.0,0.0,0.0,0.0,0.0,0.0,0.0,0.0,0.0,0.0,0.0,0.0,0.0,0.0,0.0,0.0,0.0,1.0,0.0,0.0,0.0,1.0,0.0,0.0,0.0,0.0,0.0,1.0,0.0,1.0,0.0,1.0,1.0,0.0,0.0,0.0,0.0,0.0,0.0,0.0,0.0,0.0,0.0,0.0,1.0,0.0,0.0,0.0,0.0,0.0,0.0,0.0,1.0,0.0,1.0,11.0
175,2021-07-06,1.0,0.0,0.0,0.0,0.0,0.0,1.0,0.0,0.0,0.0,0.0,0.0,0.0,0.0,1.0,0.0,0.0,0.0,0.0,0.0,0.0,0.0,0.0,0.0,0.0,0.0,0.0,3.0,0.0,0.0,0.0,0.0,0.0,0.0,0.0,0.0,0.0,1.0,0.0,1.0,0.0,1.0,0.0,0.0,0.0,0.0,1.0,0.0,0.0,1.0,0.0,0.0,0.0,0.0,0.0,1.0,1.0,2.0,0.0,2.0,1.0,0.0,0.0,0.0,0.0,0.0,0.0,0.0,0.0,1.0,1.0,0.0,1.0,1.0,0.0,0.0,0.0,1.0,1.0,1.0,25.0
176,2021-07-07,0.0,0.0,1.0,0.0,0.0,0.0,0.0,1.0,0.0,0.0,1.0,1.0,0.0,0.0,1.0,0.0,0.0,0.0,0.0,0.0,1.0,0.0,2.0,0.0,1.0,1.0,5.0,2.0,0.0,0.0,0.0,0.0,0.0,0.0,0.0,0.0,0.0,2.0,0.0,0.0,1.0,1.0,0.0,1.0,0.0,1.0,5.0,1.0,0.0,0.0,0.0,0.0,0.0,0.0,0.0,0.0,0.0,2.0,0.0,0.0,1.0,0.0,0.0,0.0,1.0,0.0,1.0,1.0,0.0,0.0,0.0,1.0,0.0,0.0,1.0,0.0,1.0,1.0,0.0,1.0,40.0
177,2021-07-08,0.0,1.0,0.0,0.0,0.0,0.0,0.0,0.0,0.0,0.0,0.0,1.0,0.0,1.0,1.0,0.0,0.0,0.0,0.0,0.0,0.0,0.0,1.0,0.0,0.0,0.0,2.0,2.0,0.0,0.0,0.0,0.0,1.0,1.0,1.0,0.0,0.0,2.0,0.0,1.0,2.0,0.0,0.0,0.0,2.0,0.0,0.0,2.0,0.0,0.0,0.0,1.0,0.0,0.0,0.0,0.0,1.0,1.0,0.0,0.0,1.0,0.0,0.0,0.0,0.0,0.0,0.0,1.0,0.0,0.0,0.0,0.0,0.0,0.0,1.0,0.0,1.0,1.0,0.0,0.0,29.0
178,2021-07-09,0.0,0.0,0.0,0.0,0.0,0.0,0.0,1.0,0.0,0.0,0.0,0.0,0.0,0.0,1.0,0.0,0.0,2.0,0.0,0.0,0.0,0.0,1.0,1.0,0.0,0.0,3.0,2.0,0.0,1.0,0.0,0.0,1.0,0.0,1.0,0.0,1.0,5.0,1.0,1.0,0.0,1.0,0.0,0.0,0.0,0.0,0.0,0.0,0.0,1.0,0.0,0.0,0.0,0.0,1.0,0.0,1.0,3.0,0.0,0.0,0.0,0.0,0.0,0.0,0.0,0.0,0.0,0.0,0.0,0.0,2.0,0.0,0.0,1.0,0.0,1.0,0.0,0.0,1.0,0.0,34.0
179,2021-07-10,0.0,0.0,1.0,1.0,0.0,0.0,0.0,0.0,0.0,0.0,0.0,0.0,0.0,0.0,0.0,0.0,0.0,0.0,0.0,0.0,0.0,0.0,0.0,0.0,2.0,1.0,3.0,0.0,0.0,0.0,0.0,0.0,1.0,0.0,0.0,1.0,3.0,1.0,0.0,0.0,0.0,0.0,0.0,0.0,0.0,1.0,0.0,0.0,0.0,0.0,0.0,0.0,1.0,0.0,0.0,1.0,0.0,0.0,0.0,2.0,0.0,0.0,0.0,0.0,0.0,0.0,0.0,0.0,0.0,0.0,0.0,0.0,0.0,0.0,0.0,0.0,0.0,0.0,0.0,0.0,19.0
180,2021-07-11,0.0,0.0,0.0,0.0,0.0,0.0,0.0,0.0,0.0,0.0,1.0,0.0,0.0,0.0,0.0,0.0,1.0,0.0,0.0,0.0,0.0,0.0,0.0,0.0,0.0,2.0,1.0,1.0,0.0,0.0,0.0,0.0,0.0,0.0,0.0,0.0,1.0,1.0,0.0,0.0,0.0,0.0,0.0,0.0,1.0,1.0,1.0,1.0,0.0,0.0,1.0,0.0,0.0,0.0,0.0,0.0,0.0,0.0,0.0,0.0,1.0,0.0,0.0,0.0,1.0,0.0,0.0,0.0,0.0,0.0,1.0,0.0,0.0,0.0,0.0,2.0,0.0,0.0,0.0,0.0,18.0
181,2021-07-12,0.0,0.0,0.0,0.0,0.0,1.0,0.0,1.0,0.0,0.0,0.0,0.0,0.0,0.0,1.0,0.0,0.0,0.0,0.0,0.0,1.0,2.0,0.0,0.0,0.0,0.0,0.0,0.0,0.0,0.0,2.0,0.0,0.0,0.0,0.0,0.0,0.0,0.0,0.0,0.0,0.0,0.0,0.0,0.0,0.0,2.0,1.0,2.0,0.0,0.0,0.0,0.0,0.0,0.0,1.0,0.0,0.0,0.0,0.0,0.0,0.0,0.0,0.0,0.0,0.0,0.0,1.0,0.0,0.0,0.0,2.0,0.0,1.0,0.0,1.0,0.0,0.0,0.0,0.0,0.0,19.0
182,2021-07-13,1.0,0.0,0.0,0.0,1.0,0.0,0.0,1.0,0.0,0.0,0.0,0.0,0.0,0.0,1.0,0.0,0.0,0.0,0.0,0.0,1.0,1.0,0.0,0.0,0.0,0.0,2.0,1.0,0.0,0.0,0.0,1.0,2.0,0.0,1.0,0.0,1.0,1.0,0.0,0.0,3.0,0.0,0.0,0.0,2.0,0.0,0.0,2.0,0.0,0.0,0.0,0.0,0.0,0.0,1.0,0.0,0.0,0.0,0.0,0.0,1.0,0.0,0.0,0.0,0.0,0.0,0.0,0.0,0.0,0.0,1.0,0.0,0.0,0.0,1.0,0.0,1.0,0.0,0.0,1.0,28.0
183,2021-07-14,0.0,0.0,0.0,0.0,0.0,0.0,0.0,2.0,0.0,0.0,0.0,0.0,0.0,0.0,2.0,0.0,1.0,0.0,0.0,0.0,1.0,0.0,1.0,0.0,2.0,1.0,3.0,4.0,0.0,0.0,1.0,0.0,1.0,0.0,1.0,1.0,4.0,4.0,1.0,0.0,1.0,2.0,0.0,0.0,1.0,1.0,1.0,2.0,1.0,1.0,0.0,0.0,1.0,0.0,0.0,0.0,0.0,0.0,0.0,0.0,0.0,0.0,1.0,0.0,0.0,0.0,1.0,0.0,0.0,0.0,1.0,0.0,2.0,0.0,0.0,0.0,1.0,2.0,0.0,0.0,49.0
184,2021-07-15,0.0,0.0,0.0,0.0,0.0,0.0,0.0,0.0,0.0,0.0,1.0,0.0,0.0,0.0,2.0,0.0,0.0,2.0,0.0,1.0,0.0,2.0,2.0,0.0,2.0,0.0,2.0,4.0,0.0,1.0,1.0,0.0,3.0,0.0,0.0,1.0,1.0,4.0,0.0,1.0,2.0,1.0,0.0,0.0,1.0,0.0,0.0,5.0,0.0,0.0,0.0,0.0,1.0,0.0,0.0,0.0,1.0,3.0,0.0,0.0,1.0,0.0,1.0,0.0,0.0,0.0,0.0,0.0,1.0,0.0,2.0,0.0,0.0,1.0,0.0,1.0,2.0,4.0,0.0,0.0,57.0
185,2021-07-16,0.0,0.0,0.0,1.0,0.0,0.0,0.0,1.0,0.0,0.0,0.0,0.0,0.0,0.0,1.0,1.0,0.0,0.0,0.0,0.0,1.0,2.0,1.0,0.0,2.0,0.0,3.0,1.0,1.0,0.0,0.0,1.0,0.0,0.0,1.0,0.0,2.0,3.0,1.0,1.0,1.0,0.0,1.0,0.0,1.0,0.0,7.0,2.0,0.0,0.0,0.0,0.0,0.0,1.0,0.0,1.0,2.0,2.0,0.0,0.0,0.0,0.0,0.0,0.0,0.0,2.0,2.0,0.0,0.0,0.0,0.0,0.0,0.0,2.0,0.0,0.0,1.0,3.0,0.0,0.0,52.0
186,2021-07-17,0.0,0.0,0.0,0.0,0.0,0.0,1.0,0.0,0.0,1.0,0.0,0.0,0.0,1.0,0.0,0.0,0.0,0.0,0.0,1.0,0.0,0.0,0.0,0.0,1.0,0.0,0.0,1.0,0.0,1.0,1.0,1.0,0.0,0.0,0.0,0.0,1.0,0.0,0.0,0.0,1.0,0.0,0.0,0.0,0.0,1.0,8.0,1.0,0.0,0.0,0.0,0.0,0.0,0.0,0.0,0.0,3.0,0.0,0.0,0.0,1.0,0.0,0.0,0.0,0.0,0.0,0.0,0.0,0.0,1.0,0.0,1.0,1.0,1.0,0.0,0.0,1.0,2.0,0.0,0.0,32.0
187,2021-07-18,0.0,0.0,0.0,0.0,0.0,0.0,0.0,1.0,0.0,0.0,0.0,0.0,0.0,0.0,0.0,0.0,2.0,0.0,0.0,0.0,0.0,0.0,0.0,0.0,0.0,0.0,4.0,0.0,0.0,0.0,1.0,0.0,0.0,0.0,0.0,0.0,4.0,5.0,0.0,0.0,1.0,0.0,0.0,0.0,1.0,0.0,6.0,3.0,1.0,0.0,0.0,0.0,0.0,0.0,0.0,0.0,0.0,1.0,0.0,0.0,1.0,0.0,0.0,0.0,0.0,0.0,1.0,1.0,1.0,0.0,1.0,0.0,0.0,0.0,0.0,1.0,0.0,0.0,0.0,0.0,36.0
188,2021-07-19,0.0,1.0,0.0,0.0,1.0,0.0,0.0,1.0,0.0,0.0,0.0,0.0,0.0,0.0,1.0,0.0,1.0,0.0,0.0,0.0,1.0,0.0,0.0,0.0,1.0,0.0,1.0,1.0,0.0,1.0,1.0,0.0,1.0,0.0,1.0,0.0,3.0,0.0,1.0,2.0,1.0,0.0,1.0,1.0,3.0,0.0,3.0,1.0,1.0,0.0,0.0,0.0,0.0,2.0,0.0,0.0,0.0,0.0,0.0,0.0,0.0,0.0,1.0,0.0,1.0,0.0,1.0,0.0,0.0,1.0,0.0,1.0,1.0,0.0,2.0,0.0,0.0,2.0,0.0,0.0,42.0
189,2021-07-20,0.0,0.0,0.0,0.0,0.0,0.0,0.0,0.0,0.0,0.0,0.0,0.0,0.0,0.0,1.0,0.0,0.0,0.0,0.0,0.0,1.0,0.0,0.0,0.0,1.0,0.0,0.0,0.0,0.0,0.0,0.0,1.0,1.0,1.0,1.0,0.0,1.0,2.0,0.0,0.0,2.0,1.0,0.0,0.0,1.0,1.0,1.0,0.0,1.0,0.0,1.0,0.0,1.0,1.0,1.0,0.0,1.0,2.0,0.0,0.0,0.0,0.0,0.0,0.0,0.0,0.0,0.0,1.0,0.0,0.0,1.0,0.0,0.0,0.0,0.0,0.0,3.0,1.0,0.0,0.0,30.0
190,2021-07-21,0.0,0.0,0.0,0.0,0.0,0.0,0.0,0.0,0.0,0.0,0.0,0.0,0.0,0.0,1.0,0.0,0.0,0.0,0.0,1.0,1.0,0.0,0.0,0.0,0.0,0.0,3.0,1.0,0.0,0.0,0.0,0.0,0.0,0.0,0.0,0.0,3.0,2.0,0.0,0.0,0.0,0.0,1.0,1.0,3.0,2.0,1.0,3.0,0.0,0.0,0.0,1.0,0.0,0.0,0.0,1.0,1.0,1.0,0.0,0.0,0.0,0.0,0.0,0.0,0.0,1.0,0.0,0.0,0.0,0.0,1.0,0.0,0.0,0.0,1.0,0.0,1.0,1.0,0.0,0.0,32.0
191,2021-07-22,0.0,0.0,0.0,0.0,0.0,0.0,0.0,0.0,0.0,0.0,0.0,0.0,0.0,0.0,1.0,1.0,0.0,0.0,0.0,1.0,4.0,1.0,1.0,0.0,1.0,0.0,1.0,1.0,0.0,1.0,2.0,1.0,0.0,1.0,1.0,1.0,1.0,0.0,1.0,0.0,1.0,0.0,3.0,0.0,1.0,2.0,2.0,0.0,1.0,0.0,0.0,0.0,0.0,0.0,0.0,1.0,1.0,0.0,2.0,1.0,0.0,0.0,1.0,0.0,0.0,0.0,1.0,1.0,0.0,0.0,0.0,0.0,0.0,0.0,1.0,1.0,0.0,0.0,0.0,1.0,42.0
192,2021-07-23,0.0,0.0,0.0,0.0,0.0,0.0,1.0,0.0,0.0,0.0,0.0,0.0,0.0,0.0,1.0,0.0,0.0,0.0,0.0,2.0,0.0,0.0,0.0,0.0,1.0,1.0,1.0,1.0,0.0,0.0,0.0,0.0,0.0,0.0,0.0,1.0,3.0,3.0,0.0,0.0,1.0,0.0,0.0,0.0,1.0,1.0,5.0,0.0,0.0,1.0,0.0,1.0,0.0,0.0,1.0,0.0,1.0,0.0,0.0,0.0,0.0,0.0,0.0,0.0,0.0,1.0,2.0,1.0,0.0,0.0,1.0,0.0,0.0,0.0,0.0,1.0,0.0,0.0,0.0,0.0,33.0
193,2021-07-24,0.0,0.0,0.0,0.0,0.0,0.0,0.0,0.0,0.0,0.0,0.0,0.0,0.0,0.0,0.0,0.0,0.0,0.0,0.0,0.0,0.0,0.0,1.0,0.0,0.0,1.0,0.0,2.0,1.0,0.0,1.0,0.0,0.0,0.0,0.0,0.0,0.0,1.0,0.0,0.0,1.0,0.0,0.0,0.0,3.0,0.0,1.0,1.0,0.0,0.0,0.0,1.0,0.0,0.0,0.0,0.0,0.0,0.0,1.0,0.0,2.0,0.0,0.0,1.0,1.0,1.0,0.0,0.0,0.0,0.0,1.0,0.0,0.0,0.0,1.0,0.0,0.0,1.0,0.0,0.0,23.0
194,2021-07-25,0.0,0.0,0.0,1.0,0.0,0.0,0.0,0.0,0.0,0.0,0.0,0.0,0.0,0.0,0.0,1.0,0.0,0.0,0.0,0.0,0.0,0.0,0.0,0.0,1.0,1.0,2.0,1.0,0.0,0.0,0.0,1.0,0.0,0.0,0.0,0.0,0.0,1.0,1.0,0.0,0.0,0.0,0.0,0.0,1.0,0.0,2.0,0.0,0.0,0.0,0.0,0.0,0.0,0.0,0.0,0.0,0.0,0.0,0.0,1.0,0.0,0.0,0.0,0.0,0.0,0.0,0.0,0.0,0.0,0.0,0.0,0.0,0.0,0.0,0.0,1.0,0.0,0.0,1.0,0.0,16.0
195,2021-07-26,0.0,0.0,0.0,0.0,0.0,0.0,0.0,0.0,0.0,0.0,0.0,0.0,0.0,0.0,0.0,0.0,0.0,0.0,0.0,0.0,1.0,0.0,0.0,0.0,0.0,0.0,1.0,2.0,1.0,0.0,1.0,0.0,0.0,0.0,0.0,0.0,0.0,0.0,0.0,0.0,2.0,1.0,0.0,0.0,1.0,0.0,1.0,1.0,0.0,0.0,1.0,0.0,0.0,0.0,0.0,0.0,0.0,1.0,0.0,0.0,1.0,0.0,1.0,0.0,0.0,0.0,0.0,0.0,0.0,0.0,0.0,1.0,0.0,0.0,0.0,0.0,0.0,1.0,0.0,0.0,18.0
196,2021-07-27,0.0,0.0,0.0,0.0,0.0,0.0,0.0,0.0,0.0,0.0,0.0,0.0,0.0,0.0,0.0,0.0,0.0,0.0,0.0,0.0,1.0,0.0,0.0,1.0,0.0,0.0,1.0,1.0,0.0,1.0,0.0,0.0,0.0,0.0,1.0,0.0,0.0,0.0,0.0,0.0,2.0,0.0,2.0,0.0,1.0,1.0,0.0,1.0,0.0,0.0,0.0,0.0,0.0,0.0,0.0,2.0,0.0,1.0,0.0,0.0,0.0,0.0,0.0,1.0,0.0,0.0,0.0,0.0,0.0,0.0,2.0,0.0,2.0,0.0,0.0,0.0,1.0,1.0,0.0,0.0,23.0
197,2021-07-28,0.0,0.0,0.0,0.0,0.0,0.0,0.0,0.0,0.0,0.0,0.0,0.0,0.0,0.0,0.0,0.0,0.0,1.0,0.0,0.0,2.0,0.0,2.0,0.0,1.0,0.0,2.0,2.0,0.0,0.0,0.0,0.0,0.0,0.0,0.0,0.0,1.0,2.0,0.0,2.0,1.0,0.0,1.0,0.0,1.0,1.0,1.0,1.0,0.0,0.0,1.0,0.0,0.0,0.0,0.0,0.0,0.0,0.0,0.0,0.0,0.0,0.0,0.0,0.0,0.0,0.0,0.0,0.0,0.0,0.0,0.0,0.0,0.0,0.0,0.0,0.0,0.0,3.0,0.0,1.0,26.0
198,2021-07-29,0.0,0.0,0.0,0.0,2.0,0.0,0.0,0.0,0.0,0.0,0.0,0.0,0.0,0.0,0.0,0.0,0.0,0.0,0.0,0.0,1.0,3.0,1.0,0.0,0.0,0.0,0.0,2.0,0.0,1.0,0.0,0.0,0.0,0.0,0.0,0.0,1.0,2.0,0.0,0.0,1.0,0.0,1.0,0.0,0.0,2.0,0.0,0.0,0.0,0.0,0.0,0.0,0.0,0.0,0.0,0.0,1.0,0.0,0.0,1.0,1.0,0.0,1.0,0.0,0.0,0.0,2.0,0.0,0.0,0.0,0.0,0.0,0.0,1.0,1.0,0.0,0.0,0.0,0.0,0.0,25.0
199,2021-07-30,0.0,0.0,0.0,0.0,0.0,0.0,0.0,0.0,0.0,0.0,0.0,0.0,0.0,1.0,0.0,0.0,0.0,0.0,0.0,0.0,2.0,0.0,1.0,0.0,0.0,0.0,2.0,0.0,0.0,1.0,1.0,0.0,0.0,0.0,1.0,0.0,2.0,1.0,1.0,0.0,1.0,0.0,0.0,0.0,0.0,2.0,0.0,1.0,0.0,0.0,0.0,0.0,0.0,0.0,1.0,0.0,1.0,0.0,0.0,0.0,0.0,1.0,0.0,0.0,0.0,0.0,1.0,0.0,0.0,2.0,0.0,0.0,0.0,0.0,1.0,0.0,0.0,0.0,0.0,0.0,24.0
200,2021-07-31,0.0,0.0,0.0,0.0,0.0,0.0,0.0,0.0,0.0,0.0,0.0,0.0,0.0,0.0,0.0,0.0,1.0,0.0,0.0,0.0,0.0,0.0,1.0,0.0,0.0,0.0,2.0,0.0,0.0,1.0,1.0,0.0,0.0,0.0,2.0,0.0,2.0,0.0,0.0,1.0,2.0,0.0,0.0,0.0,0.0,1.0,0.0,0.0,1.0,0.0,0.0,0.0,0.0,0.0,0.0,0.0,0.0,0.0,0.0,0.0,0.0,0.0,0.0,0.0,0.0,0.0,0.0,0.0,0.0,0.0,0.0,0.0,0.0,0.0,0.0,0.0,3.0,2.0,0.0,0.0,20.0
201,2021-08-01,0.0,0.0,0.0,0.0,0.0,0.0,1.0,0.0,0.0,0.0,0.0,0.0,0.0,0.0,0.0,0.0,0.0,0.0,0.0,0.0,2.0,0.0,0.0,0.0,0.0,0.0,2.0,2.0,1.0,0.0,1.0,0.0,0.0,0.0,0.0,0.0,1.0,4.0,0.0,0.0,2.0,0.0,0.0,0.0,0.0,0.0,3.0,0.0,0.0,0.0,1.0,0.0,1.0,0.0,0.0,0.0,0.0,1.0,0.0,0.0,0.0,0.0,0.0,0.0,0.0,0.0,0.0,1.0,0.0,0.0,0.0,0.0,0.0,0.0,0.0,0.0,0.0,1.0,0.0,0.0,24.0
202,2021-08-02,0.0,0.0,0.0,0.0,0.0,0.0,0.0,1.0,0.0,0.0,0.0,0.0,0.0,0.0,0.0,0.0,0.0,0.0,0.0,0.0,0.0,0.0,0.0,0.0,0.0,0.0,0.0,0.0,0.0,0.0,0.0,0.0,1.0,2.0,2.0,1.0,0.0,2.0,0.0,0.0,0.0,0.0,2.0,0.0,0.0,0.0,2.0,1.0,0.0,0.0,1.0,0.0,0.0,0.0,1.0,0.0,0.0,0.0,0.0,0.0,0.0,0.0,1.0,0.0,0.0,0.0,0.0,1.0,0.0,1.0,0.0,0.0,0.0,0.0,1.0,0.0,0.0,1.0,0.0,0.0,21.0
203,2021-08-03,0.0,0.0,0.0,1.0,0.0,0.0,0.0,0.0,0.0,0.0,1.0,0.0,1.0,0.0,0.0,0.0,1.0,0.0,0.0,0.0,0.0,1.0,2.0,0.0,1.0,0.0,0.0,4.0,1.0,0.0,1.0,0.0,3.0,0.0,0.0,1.0,0.0,1.0,0.0,1.0,0.0,0.0,2.0,0.0,1.0,1.0,3.0,2.0,0.0,0.0,1.0,0.0,0.0,0.0,0.0,0.0,3.0,4.0,0.0,0.0,0.0,0.0,0.0,0.0,1.0,0.0,0.0,2.0,0.0,0.0,0.0,1.0,0.0,0.0,0.0,0.0,1.0,1.0,0.0,0.0,43.0
204,2021-08-04,0.0,0.0,0.0,0.0,0.0,0.0,0.0,0.0,0.0,0.0,0.0,0.0,0.0,0.0,0.0,0.0,1.0,1.0,0.0,0.0,0.0,2.0,2.0,0.0,1.0,0.0,3.0,1.0,1.0,0.0,2.0,1.0,1.0,1.0,1.0,0.0,1.0,0.0,0.0,1.0,1.0,0.0,0.0,0.0,0.0,1.0,1.0,2.0,0.0,1.0,0.0,0.0,1.0,0.0,0.0,0.0,2.0,1.0,0.0,1.0,0.0,0.0,2.0,0.0,0.0,0.0,3.0,2.0,0.0,0.0,0.0,0.0,1.0,0.0,0.0,0.0,1.0,1.0,0.0,0.0,41.0
205,2021-08-05,0.0,0.0,0.0,0.0,0.0,0.0,1.0,0.0,0.0,0.0,1.0,0.0,1.0,0.0,1.0,0.0,1.0,0.0,0.0,0.0,1.0,0.0,1.0,0.0,2.0,0.0,0.0,1.0,0.0,2.0,0.0,0.0,0.0,0.0,1.0,0.0,4.0,3.0,0.0,0.0,3.0,0.0,1.0,0.0,0.0,1.0,2.0,2.0,0.0,0.0,1.0,0.0,0.0,0.0,0.0,0.0,0.0,1.0,0.0,0.0,1.0,1.0,0.0,0.0,0.0,1.0,1.0,2.0,1.0,0.0,1.0,0.0,0.0,0.0,0.0,1.0,2.0,1.0,0.0,0.0,43.0
206,2021-08-06,1.0,0.0,0.0,0.0,0.0,0.0,0.0,0.0,0.0,1.0,0.0,0.0,0.0,0.0,0.0,0.0,1.0,0.0,0.0,0.0,0.0,2.0,1.0,0.0,0.0,2.0,2.0,4.0,0.0,1.0,0.0,0.0,1.0,0.0,1.0,0.0,1.0,0.0,0.0,0.0,1.0,0.0,0.0,0.0,1.0,1.0,1.0,1.0,0.0,0.0,0.0,0.0,0.0,0.0,0.0,0.0,1.0,0.0,0.0,0.0,0.0,0.0,0.0,0.0,0.0,0.0,0.0,1.0,0.0,0.0,1.0,0.0,0.0,0.0,0.0,1.0,0.0,2.0,0.0,0.0,29.0
207,2021-08-07,0.0,0.0,0.0,0.0,0.0,0.0,0.0,2.0,0.0,0.0,0.0,0.0,0.0,0.0,0.0,0.0,0.0,0.0,0.0,0.0,0.0,0.0,0.0,1.0,0.0,2.0,0.0,0.0,0.0,0.0,0.0,0.0,2.0,0.0,0.0,0.0,1.0,0.0,0.0,0.0,0.0,0.0,0.0,0.0,0.0,1.0,1.0,1.0,0.0,0.0,0.0,0.0,0.0,0.0,0.0,0.0,0.0,1.0,0.0,0.0,0.0,0.0,0.0,0.0,0.0,0.0,0.0,0.0,0.0,0.0,2.0,0.0,0.0,0.0,0.0,0.0,0.0,0.0,0.0,0.0,14.0
208,2021-08-08,0.0,0.0,0.0,0.0,0.0,0.0,0.0,0.0,0.0,0.0,0.0,0.0,0.0,0.0,0.0,0.0,0.0,0.0,0.0,0.0,0.0,0.0,0.0,0.0,0.0,0.0,2.0,0.0,0.0,1.0,1.0,2.0,0.0,0.0,1.0,1.0,0.0,1.0,0.0,0.0,1.0,0.0,0.0,0.0,0.0,0.0,1.0,2.0,0.0,0.0,0.0,0.0,0.0,0.0,0.0,0.0,1.0,0.0,0.0,0.0,1.0,0.0,0.0,0.0,0.0,0.0,0.0,0.0,0.0,0.0,1.0,0.0,3.0,0.0,0.0,1.0,0.0,1.0,0.0,0.0,21.0
209,2021-08-09,0.0,0.0,0.0,0.0,0.0,0.0,0.0,0.0,0.0,0.0,0.0,0.0,0.0,0.0,0.0,0.0,2.0,0.0,0.0,0.0,1.0,0.0,0.0,0.0,0.0,1.0,0.0,3.0,0.0,0.0,0.0,0.0,1.0,0.0,0.0,1.0,1.0,1.0,0.0,2.0,2.0,0.0,1.0,0.0,0.0,0.0,0.0,0.0,0.0,0.0,0.0,0.0,0.0,0.0,0.0,0.0,0.0,0.0,0.0,0.0,0.0,1.0,0.0,0.0,0.0,0.0,0.0,1.0,0.0,0.0,0.0,0.0,0.0,0.0,0.0,0.0,1.0,1.0,0.0,0.0,20.0
210,2021-08-10,0.0,0.0,0.0,0.0,0.0,0.0,0.0,2.0,0.0,0.0,0.0,0.0,0.0,0.0,0.0,0.0,0.0,0.0,0.0,0.0,1.0,1.0,1.0,0.0,0.0,1.0,1.0,0.0,0.0,1.0,0.0,0.0,1.0,0.0,1.0,0.0,0.0,1.0,0.0,0.0,1.0,1.0,1.0,0.0,0.0,2.0,0.0,1.0,0.0,0.0,0.0,0.0,0.0,0.0,1.0,0.0,2.0,1.0,0.0,0.0,1.0,0.0,0.0,0.0,0.0,0.0,0.0,0.0,0.0,0.0,1.0,0.0,0.0,0.0,0.0,0.0,0.0,1.0,0.0,0.0,24.0
211,2021-08-11,0.0,1.0,0.0,1.0,0.0,0.0,0.0,1.0,0.0,0.0,0.0,0.0,0.0,0.0,0.0,0.0,0.0,0.0,0.0,0.0,0.0,0.0,1.0,0.0,0.0,0.0,1.0,2.0,0.0,0.0,2.0,0.0,1.0,1.0,1.0,0.0,2.0,1.0,0.0,1.0,0.0,1.0,0.0,0.0,0.0,2.0,1.0,1.0,0.0,0.0,0.0,0.0,0.0,0.0,1.0,0.0,1.0,0.0,0.0,0.0,0.0,0.0,0.0,0.0,0.0,0.0,1.0,0.0,0.0,0.0,0.0,0.0,0.0,0.0,0.0,0.0,1.0,3.0,0.0,0.0,28.0
212,2021-08-12,0.0,0.0,0.0,0.0,0.0,0.0,0.0,0.0,0.0,1.0,0.0,0.0,0.0,0.0,0.0,0.0,0.0,0.0,0.0,0.0,1.0,0.0,2.0,0.0,1.0,1.0,0.0,0.0,0.0,2.0,0.0,0.0,1.0,0.0,0.0,1.0,0.0,1.0,0.0,1.0,0.0,1.0,0.0,0.0,1.0,0.0,1.0,0.0,0.0,1.0,0.0,0.0,0.0,0.0,0.0,0.0,1.0,0.0,0.0,0.0,0.0,0.0,0.0,0.0,1.0,0.0,1.0,1.0,0.0,0.0,1.0,0.0,0.0,0.0,1.0,0.0,1.0,1.0,1.0,0.0,25.0
213,2021-08-13,0.0,0.0,0.0,0.0,0.0,0.0,1.0,0.0,0.0,0.0,0.0,0.0,0.0,1.0,0.0,0.0,1.0,0.0,0.0,0.0,1.0,0.0,0.0,0.0,1.0,0.0,1.0,0.0,0.0,0.0,2.0,0.0,0.0,0.0,2.0,1.0,1.0,3.0,1.0,0.0,0.0,0.0,0.0,0.0,1.0,2.0,2.0,0.0,0.0,0.0,0.0,0.0,0.0,0.0,2.0,0.0,0.0,0.0,0.0,0.0,0.0,0.0,0.0,0.0,0.0,0.0,0.0,0.0,0.0,0.0,1.0,0.0,0.0,0.0,0.0,1.0,0.0,1.0,0.0,0.0,26.0
214,2021-08-14,0.0,0.0,0.0,0.0,0.0,0.0,0.0,0.0,0.0,0.0,0.0,0.0,0.0,0.0,0.0,1.0,0.0,0.0,0.0,1.0,0.0,0.0,0.0,0.0,1.0,0.0,0.0,0.0,0.0,0.0,0.0,0.0,0.0,0.0,1.0,1.0,0.0,0.0,0.0,0.0,0.0,0.0,1.0,0.0,1.0,1.0,1.0,0.0,0.0,0.0,0.0,0.0,0.0,0.0,0.0,0.0,0.0,0.0,0.0,0.0,0.0,0.0,0.0,0.0,0.0,0.0,0.0,0.0,0.0,0.0,0.0,0.0,0.0,0.0,1.0,0.0,1.0,1.0,0.0,1.0,13.0
215,2021-08-15,0.0,0.0,0.0,0.0,0.0,0.0,0.0,1.0,0.0,0.0,0.0,0.0,0.0,0.0,0.0,0.0,0.0,0.0,0.0,0.0,0.0,0.0,0.0,0.0,0.0,1.0,0.0,0.0,0.0,2.0,0.0,1.0,0.0,0.0,0.0,0.0,0.0,0.0,0.0,1.0,0.0,1.0,0.0,0.0,2.0,0.0,1.0,0.0,0.0,1.0,0.0,0.0,0.0,0.0,0.0,0.0,0.0,0.0,0.0,1.0,0.0,0.0,0.0,0.0,0.0,0.0,0.0,0.0,0.0,0.0,0.0,0.0,0.0,0.0,0.0,0.0,0.0,0.0,0.0,0.0,12.0
216,2021-08-16,0.0,0.0,0.0,0.0,0.0,0.0,1.0,1.0,0.0,0.0,0.0,0.0,0.0,0.0,0.0,0.0,1.0,0.0,0.0,0.0,1.0,0.0,0.0,0.0,0.0,0.0,1.0,0.0,0.0,0.0,1.0,0.0,0.0,0.0,3.0,0.0,0.0,2.0,1.0,0.0,2.0,1.0,0.0,1.0,2.0,1.0,3.0,0.0,0.0,0.0,0.0,0.0,0.0,0.0,0.0,0.0,2.0,2.0,0.0,0.0,0.0,0.0,0.0,0.0,0.0,0.0,0.0,0.0,0.0,0.0,0.0,0.0,0.0,0.0,0.0,2.0,0.0,2.0,0.0,0.0,30.0
217,2021-08-17,0.0,0.0,1.0,0.0,0.0,0.0,0.0,0.0,0.0,0.0,0.0,0.0,0.0,0.0,0.0,0.0,1.0,0.0,1.0,0.0,0.0,0.0,0.0,0.0,1.0,1.0,1.0,1.0,1.0,1.0,0.0,1.0,0.0,0.0,0.0,0.0,1.0,0.0,0.0,0.0,0.0,0.0,0.0,0.0,1.0,2.0,0.0,1.0,0.0,0.0,0.0,1.0,0.0,0.0,2.0,0.0,0.0,1.0,0.0,0.0,0.0,0.0,0.0,0.0,0.0,0.0,0.0,0.0,0.0,0.0,0.0,0.0,0.0,0.0,0.0,0.0,0.0,0.0,0.0,0.0,19.0
218,2021-08-18,2.0,0.0,0.0,0.0,0.0,0.0,1.0,2.0,0.0,0.0,1.0,0.0,0.0,0.0,0.0,0.0,0.0,0.0,0.0,0.0,0.0,1.0,0.0,0.0,1.0,0.0,1.0,1.0,0.0,0.0,1.0,0.0,0.0,1.0,1.0,0.0,1.0,0.0,1.0,0.0,1.0,1.0,0.0,1.0,1.0,1.0,0.0,0.0,0.0,0.0,0.0,0.0,0.0,0.0,1.0,0.0,1.0,0.0,0.0,0.0,0.0,0.0,0.0,0.0,0.0,2.0,0.0,0.0,0.0,0.0,0.0,0.0,0.0,0.0,0.0,0.0,1.0,0.0,0.0,1.0,26.0
219,2021-08-19,0.0,0.0,0.0,0.0,0.0,0.0,0.0,0.0,0.0,0.0,0.0,0.0,0.0,0.0,0.0,0.0,0.0,0.0,0.0,1.0,1.0,0.0,0.0,0.0,0.0,1.0,1.0,0.0,0.0,1.0,2.0,0.0,0.0,0.0,0.0,0.0,0.0,0.0,1.0,0.0,1.0,0.0,0.0,1.0,3.0,1.0,0.0,0.0,0.0,0.0,0.0,0.0,1.0,0.0,0.0,0.0,0.0,0.0,0.0,1.0,0.0,0.0,0.0,0.0,1.0,1.0,0.0,1.0,0.0,0.0,1.0,2.0,0.0,0.0,0.0,1.0,1.0,1.0,1.0,0.0,26.0
220,2021-08-20,0.0,0.0,0.0,0.0,0.0,0.0,1.0,0.0,0.0,0.0,1.0,0.0,0.0,0.0,1.0,0.0,0.0,0.0,0.0,0.0,0.0,0.0,0.0,0.0,0.0,2.0,1.0,1.0,0.0,0.0,0.0,0.0,0.0,1.0,1.0,1.0,0.0,2.0,0.0,0.0,0.0,0.0,0.0,0.0,1.0,1.0,0.0,0.0,0.0,0.0,0.0,0.0,0.0,0.0,0.0,0.0,0.0,0.0,0.0,1.0,1.0,0.0,0.0,0.0,0.0,0.0,0.0,0.0,0.0,0.0,1.0,0.0,0.0,0.0,0.0,0.0,2.0,2.0,0.0,0.0,21.0
221,2021-08-21,0.0,0.0,0.0,0.0,0.0,0.0,0.0,1.0,0.0,0.0,0.0,0.0,0.0,0.0,0.0,0.0,0.0,0.0,0.0,0.0,0.0,0.0,0.0,0.0,0.0,0.0,1.0,2.0,0.0,2.0,0.0,0.0,0.0,0.0,0.0,0.0,1.0,1.0,0.0,0.0,2.0,0.0,0.0,1.0,0.0,3.0,1.0,0.0,0.0,0.0,0.0,0.0,0.0,0.0,1.0,0.0,0.0,0.0,0.0,0.0,0.0,0.0,0.0,0.0,0.0,0.0,0.0,0.0,0.0,0.0,1.0,0.0,0.0,0.0,1.0,1.0,1.0,1.0,0.0,0.0,21.0
222,2021-08-22,0.0,0.0,0.0,0.0,0.0,0.0,0.0,0.0,0.0,1.0,0.0,0.0,0.0,0.0,0.0,0.0,0.0,0.0,0.0,0.0,0.0,0.0,0.0,0.0,0.0,1.0,0.0,1.0,0.0,1.0,1.0,0.0,0.0,0.0,0.0,0.0,0.0,0.0,1.0,0.0,2.0,0.0,0.0,0.0,0.0,0.0,0.0,0.0,0.0,0.0,0.0,0.0,0.0,0.0,0.0,0.0,1.0,0.0,0.0,0.0,0.0,0.0,0.0,0.0,0.0,0.0,1.0,0.0,0.0,0.0,0.0,0.0,0.0,0.0,0.0,0.0,1.0,0.0,0.0,0.0,11.0
223,2021-08-23,0.0,0.0,0.0,0.0,0.0,0.0,0.0,0.0,0.0,0.0,0.0,0.0,0.0,0.0,0.0,0.0,0.0,0.0,0.0,0.0,1.0,0.0,0.0,0.0,1.0,1.0,0.0,1.0,0.0,2.0,0.0,0.0,0.0,1.0,1.0,0.0,0.0,1.0,0.0,0.0,2.0,0.0,0.0,0.0,1.0,1.0,0.0,0.0,0.0,0.0,0.0,0.0,0.0,0.0,1.0,0.0,0.0,1.0,0.0,0.0,0.0,0.0,0.0,0.0,0.0,0.0,0.0,1.0,0.0,0.0,1.0,0.0,0.0,0.0,0.0,0.0,0.0,1.0,0.0,0.0,18.0
224,2021-08-24,0.0,0.0,1.0,0.0,0.0,0.0,0.0,0.0,0.0,0.0,0.0,0.0,0.0,0.0,0.0,0.0,0.0,0.0,0.0,0.0,0.0,0.0,0.0,0.0,0.0,0.0,1.0,1.0,0.0,1.0,0.0,0.0,0.0,0.0,2.0,0.0,1.0,5.0,1.0,0.0,2.0,3.0,1.0,0.0,0.0,2.0,3.0,1.0,0.0,0.0,0.0,0.0,0.0,0.0,1.0,0.0,1.0,0.0,1.0,0.0,0.0,0.0,0.0,1.0,0.0,0.0,1.0,1.0,0.0,0.0,1.0,0.0,0.0,0.0,1.0,0.0,1.0,1.0,0.0,1.0,36.0
225,2021-08-25,0.0,0.0,0.0,0.0,0.0,0.0,0.0,0.0,0.0,0.0,0.0,0.0,0.0,1.0,0.0,0.0,1.0,1.0,0.0,0.0,0.0,0.0,0.0,0.0,1.0,0.0,0.0,2.0,0.0,4.0,2.0,2.0,1.0,0.0,1.0,0.0,2.0,1.0,0.0,0.0,0.0,0.0,1.0,0.0,0.0,1.0,0.0,0.0,0.0,0.0,1.0,0.0,0.0,0.0,0.0,1.0,0.0,0.0,0.0,0.0,0.0,0.0,0.0,0.0,0.0,0.0,0.0,1.0,0.0,0.0,1.0,0.0,0.0,0.0,1.0,0.0,1.0,3.0,0.0,0.0,30.0
226,2021-08-26,0.0,0.0,0.0,0.0,0.0,0.0,0.0,0.0,0.0,0.0,1.0,0.0,1.0,0.0,0.0,0.0,0.0,0.0,0.0,0.0,0.0,1.0,1.0,1.0,0.0,0.0,0.0,1.0,0.0,0.0,1.0,0.0,0.0,1.0,0.0,0.0,2.0,1.0,0.0,0.0,1.0,1.0,1.0,0.0,1.0,1.0,0.0,0.0,0.0,0.0,0.0,0.0,0.0,0.0,0.0,1.0,0.0,0.0,0.0,0.0,1.0,0.0,0.0,0.0,0.0,0.0,1.0,0.0,0.0,0.0,0.0,1.0,0.0,0.0,2.0,0.0,2.0,2.0,0.0,0.0,26.0
227,2021-08-27,0.0,0.0,0.0,0.0,0.0,0.0,0.0,0.0,0.0,0.0,0.0,0.0,0.0,0.0,0.0,0.0,0.0,0.0,0.0,0.0,0.0,0.0,1.0,0.0,1.0,1.0,2.0,2.0,0.0,0.0,1.0,0.0,0.0,0.0,0.0,0.0,1.0,0.0,0.0,0.0,1.0,1.0,1.0,0.0,0.0,0.0,0.0,0.0,0.0,0.0,0.0,1.0,0.0,0.0,1.0,0.0,0.0,0.0,0.0,0.0,0.0,1.0,0.0,0.0,0.0,1.0,0.0,0.0,0.0,0.0,0.0,0.0,1.0,0.0,1.0,0.0,1.0,1.0,0.0,0.0,20.0
228,2021-08-28,1.0,0.0,0.0,0.0,0.0,0.0,0.0,1.0,0.0,0.0,0.0,0.0,0.0,0.0,0.0,0.0,0.0,0.0,0.0,0.0,1.0,1.0,0.0,0.0,1.0,0.0,2.0,0.0,0.0,2.0,2.0,0.0,0.0,0.0,2.0,0.0,0.0,1.0,0.0,0.0,0.0,0.0,0.0,0.0,1.0,0.0,0.0,0.0,0.0,0.0,0.0,0.0,0.0,0.0,0.0,1.0,0.0,0.0,0.0,0.0,0.0,0.0,0.0,0.0,0.0,0.0,0.0,0.0,0.0,0.0,0.0,0.0,0.0,0.0,0.0,0.0,0.0,0.0,0.0,0.0,16.0
229,2021-08-29,0.0,1.0,0.0,0.0,0.0,0.0,0.0,0.0,0.0,0.0,1.0,0.0,0.0,0.0,0.0,0.0,0.0,0.0,0.0,0.0,0.0,0.0,0.0,0.0,1.0,0.0,2.0,0.0,0.0,0.0,0.0,0.0,0.0,0.0,0.0,1.0,0.0,1.0,0.0,0.0,1.0,0.0,0.0,0.0,0.0,1.0,1.0,1.0,0.0,2.0,0.0,0.0,0.0,0.0,1.0,1.0,0.0,1.0,1.0,0.0,0.0,0.0,0.0,0.0,0.0,0.0,0.0,0.0,0.0,0.0,0.0,0.0,0.0,0.0,0.0,0.0,1.0,0.0,0.0,1.0,19.0
230,2021-08-30,0.0,0.0,0.0,0.0,0.0,0.0,0.0,0.0,0.0,0.0,0.0,0.0,0.0,0.0,0.0,0.0,0.0,0.0,0.0,0.0,2.0,2.0,0.0,0.0,0.0,0.0,1.0,1.0,0.0,1.0,0.0,1.0,0.0,0.0,1.0,0.0,0.0,0.0,1.0,0.0,0.0,1.0,0.0,2.0,0.0,0.0,1.0,0.0,0.0,0.0,0.0,0.0,0.0,0.0,0.0,0.0,0.0,0.0,0.0,0.0,0.0,0.0,0.0,0.0,0.0,0.0,0.0,0.0,0.0,0.0,1.0,0.0,0.0,0.0,2.0,0.0,0.0,0.0,1.0,0.0,18.0
231,2021-08-31,0.0,0.0,0.0,0.0,0.0,0.0,0.0,0.0,0.0,0.0,1.0,0.0,0.0,0.0,0.0,0.0,0.0,0.0,0.0,0.0,0.0,0.0,1.0,0.0,0.0,1.0,1.0,2.0,1.0,1.0,0.0,2.0,1.0,0.0,1.0,0.0,1.0,2.0,0.0,0.0,1.0,0.0,1.0,0.0,0.0,2.0,2.0,0.0,0.0,0.0,0.0,0.0,1.0,0.0,0.0,0.0,1.0,0.0,0.0,0.0,0.0,0.0,0.0,0.0,0.0,0.0,0.0,0.0,0.0,0.0,0.0,0.0,1.0,0.0,0.0,0.0,0.0,1.0,0.0,0.0,25.0
232,2021-09-01,0.0,0.0,0.0,0.0,0.0,1.0,0.0,0.0,0.0,0.0,1.0,0.0,0.0,0.0,0.0,0.0,0.0,0.0,0.0,0.0,1.0,0.0,1.0,0.0,0.0,0.0,1.0,1.0,0.0,2.0,1.0,1.0,1.0,0.0,0.0,0.0,1.0,2.0,0.0,0.0,0.0,3.0,2.0,0.0,0.0,0.0,1.0,0.0,0.0,1.0,0.0,0.0,0.0,0.0,0.0,0.0,1.0,0.0,0.0,0.0,1.0,0.0,0.0,0.0,0.0,0.0,0.0,0.0,0.0,0.0,0.0,0.0,0.0,0.0,0.0,0.0,0.0,1.0,0.0,0.0,24.0
233,2021-09-02,0.0,0.0,0.0,0.0,0.0,0.0,0.0,2.0,0.0,0.0,0.0,0.0,0.0,0.0,0.0,0.0,0.0,0.0,0.0,0.0,0.0,1.0,1.0,0.0,0.0,0.0,1.0,1.0,0.0,2.0,1.0,0.0,1.0,0.0,0.0,1.0,0.0,2.0,1.0,1.0,1.0,0.0,0.0,0.0,2.0,1.0,0.0,0.0,0.0,0.0,0.0,0.0,0.0,0.0,0.0,0.0,0.0,0.0,0.0,0.0,0.0,0.0,0.0,0.0,1.0,0.0,0.0,1.0,0.0,0.0,0.0,0.0,0.0,0.0,1.0,0.0,1.0,1.0,0.0,0.0,24.0
234,2021-09-03,0.0,0.0,0.0,0.0,0.0,0.0,0.0,0.0,0.0,0.0,0.0,0.0,0.0,0.0,0.0,0.0,1.0,0.0,0.0,0.0,2.0,2.0,0.0,0.0,2.0,1.0,3.0,1.0,0.0,2.0,0.0,0.0,0.0,0.0,1.0,0.0,0.0,1.0,3.0,0.0,0.0,0.0,1.0,0.0,1.0,0.0,1.0,0.0,0.0,0.0,1.0,1.0,0.0,0.0,0.0,0.0,2.0,0.0,0.0,0.0,0.0,0.0,0.0,0.0,0.0,0.0,0.0,1.0,0.0,0.0,1.0,0.0,0.0,0.0,0.0,0.0,1.0,0.0,0.0,0.0,29.0
235,2021-09-04,0.0,0.0,0.0,1.0,0.0,0.0,0.0,0.0,0.0,0.0,0.0,0.0,0.0,0.0,0.0,0.0,0.0,0.0,0.0,0.0,1.0,0.0,0.0,0.0,0.0,0.0,0.0,1.0,0.0,0.0,0.0,0.0,0.0,0.0,0.0,0.0,1.0,2.0,1.0,1.0,0.0,0.0,0.0,0.0,1.0,1.0,0.0,1.0,0.0,0.0,0.0,0.0,0.0,0.0,0.0,0.0,0.0,0.0,0.0,0.0,0.0,0.0,0.0,0.0,0.0,0.0,1.0,0.0,0.0,0.0,0.0,0.0,0.0,0.0,1.0,0.0,0.0,0.0,1.0,0.0,14.0
236,2021-09-05,0.0,0.0,0.0,0.0,0.0,0.0,0.0,0.0,0.0,0.0,0.0,0.0,0.0,0.0,0.0,0.0,0.0,0.0,0.0,0.0,0.0,0.0,0.0,0.0,0.0,0.0,1.0,3.0,0.0,0.0,0.0,0.0,1.0,0.0,0.0,0.0,0.0,0.0,0.0,1.0,0.0,0.0,0.0,0.0,0.0,0.0,0.0,0.0,0.0,1.0,0.0,0.0,0.0,1.0,0.0,0.0,0.0,0.0,2.0,0.0,0.0,1.0,0.0,0.0,0.0,0.0,1.0,0.0,0.0,0.0,0.0,0.0,0.0,0.0,0.0,0.0,0.0,0.0,0.0,0.0,12.0
237,2021-09-06,0.0,0.0,0.0,0.0,0.0,0.0,0.0,0.0,0.0,0.0,0.0,0.0,0.0,0.0,0.0,0.0,0.0,0.0,0.0,0.0,0.0,0.0,0.0,1.0,0.0,0.0,0.0,0.0,0.0,0.0,1.0,0.0,0.0,0.0,0.0,0.0,0.0,1.0,0.0,0.0,0.0,0.0,0.0,0.0,0.0,0.0,0.0,1.0,0.0,1.0,1.0,0.0,0.0,0.0,0.0,0.0,1.0,0.0,0.0,0.0,0.0,0.0,0.0,0.0,0.0,0.0,0.0,0.0,0.0,0.0,0.0,0.0,0.0,0.0,0.0,0.0,0.0,1.0,0.0,0.0,8.0
238,2021-09-07,0.0,0.0,0.0,1.0,0.0,0.0,0.0,0.0,0.0,0.0,0.0,0.0,0.0,0.0,0.0,0.0,0.0,0.0,0.0,0.0,1.0,0.0,1.0,0.0,1.0,0.0,1.0,1.0,1.0,0.0,0.0,0.0,0.0,0.0,0.0,0.0,1.0,0.0,0.0,0.0,1.0,1.0,1.0,0.0,1.0,1.0,1.0,1.0,0.0,0.0,0.0,0.0,1.0,0.0,0.0,0.0,0.0,0.0,0.0,0.0,0.0,0.0,0.0,0.0,0.0,0.0,0.0,0.0,0.0,0.0,0.0,0.0,0.0,0.0,0.0,0.0,0.0,2.0,0.0,0.0,18.0
239,2021-09-08,0.0,0.0,0.0,0.0,0.0,0.0,0.0,1.0,0.0,1.0,0.0,0.0,0.0,0.0,0.0,1.0,0.0,0.0,0.0,0.0,1.0,0.0,0.0,0.0,1.0,0.0,1.0,1.0,0.0,1.0,2.0,0.0,2.0,0.0,0.0,0.0,1.0,0.0,0.0,2.0,2.0,0.0,0.0,0.0,0.0,3.0,0.0,2.0,0.0,1.0,1.0,0.0,0.0,0.0,1.0,0.0,1.0,0.0,0.0,1.0,0.0,0.0,0.0,0.0,0.0,0.0,0.0,0.0,0.0,0.0,1.0,0.0,0.0,0.0,0.0,0.0,1.0,0.0,0.0,0.0,29.0
240,2021-09-09,0.0,0.0,0.0,0.0,0.0,0.0,0.0,0.0,0.0,0.0,0.0,0.0,0.0,0.0,0.0,0.0,1.0,0.0,0.0,0.0,0.0,0.0,1.0,0.0,1.0,3.0,1.0,1.0,1.0,0.0,0.0,0.0,1.0,0.0,0.0,1.0,1.0,2.0,2.0,1.0,0.0,0.0,0.0,0.0,0.0,1.0,0.0,1.0,0.0,0.0,0.0,0.0,0.0,0.0,1.0,1.0,0.0,0.0,0.0,0.0,0.0,0.0,0.0,0.0,1.0,1.0,2.0,0.0,0.0,0.0,0.0,0.0,0.0,0.0,2.0,0.0,0.0,0.0,0.0,0.0,27.0
241,2021-09-10,0.0,0.0,0.0,0.0,0.0,0.0,0.0,0.0,0.0,0.0,0.0,0.0,0.0,0.0,0.0,0.0,0.0,0.0,0.0,0.0,0.0,1.0,0.0,0.0,1.0,0.0,2.0,0.0,0.0,0.0,0.0,0.0,1.0,0.0,2.0,0.0,1.0,1.0,0.0,0.0,0.0,0.0,0.0,0.0,0.0,1.0,3.0,0.0,0.0,0.0,1.0,0.0,0.0,0.0,0.0,0.0,0.0,0.0,0.0,0.0,0.0,0.0,0.0,0.0,0.0,0.0,0.0,0.0,0.0,0.0,0.0,0.0,0.0,0.0,0.0,1.0,0.0,1.0,0.0,0.0,16.0
242,2021-09-11,0.0,0.0,0.0,0.0,0.0,0.0,0.0,0.0,0.0,0.0,0.0,0.0,0.0,0.0,0.0,0.0,0.0,0.0,0.0,0.0,1.0,0.0,1.0,0.0,1.0,2.0,0.0,0.0,0.0,0.0,0.0,0.0,0.0,0.0,1.0,1.0,0.0,0.0,0.0,0.0,1.0,0.0,0.0,0.0,0.0,0.0,0.0,1.0,0.0,0.0,1.0,0.0,0.0,0.0,0.0,0.0,0.0,0.0,0.0,0.0,0.0,0.0,0.0,0.0,0.0,0.0,0.0,1.0,0.0,0.0,0.0,0.0,1.0,0.0,0.0,0.0,1.0,0.0,0.0,0.0,13.0
243,2021-09-12,0.0,0.0,0.0,0.0,0.0,0.0,0.0,0.0,0.0,0.0,0.0,0.0,0.0,0.0,0.0,0.0,0.0,0.0,0.0,0.0,0.0,0.0,1.0,0.0,0.0,2.0,0.0,0.0,0.0,0.0,1.0,0.0,0.0,1.0,0.0,1.0,0.0,4.0,0.0,0.0,1.0,0.0,0.0,0.0,0.0,0.0,1.0,2.0,0.0,0.0,0.0,0.0,0.0,0.0,0.0,0.0,0.0,0.0,0.0,0.0,0.0,0.0,0.0,0.0,0.0,0.0,1.0,0.0,1.0,0.0,0.0,1.0,0.0,0.0,1.0,0.0,0.0,1.0,0.0,0.0,19.0
244,2021-09-13,0.0,0.0,0.0,0.0,0.0,0.0,1.0,0.0,0.0,0.0,0.0,0.0,0.0,0.0,0.0,0.0,0.0,0.0,0.0,0.0,0.0,1.0,0.0,0.0,1.0,1.0,1.0,0.0,0.0,0.0,1.0,0.0,0.0,0.0,0.0,2.0,0.0,0.0,1.0,0.0,0.0,1.0,0.0,0.0,1.0,1.0,0.0,0.0,0.0,0.0,1.0,1.0,0.0,0.0,1.0,1.0,0.0,0.0,0.0,0.0,1.0,0.0,0.0,0.0,0.0,0.0,0.0,0.0,0.0,0.0,0.0,0.0,0.0,0.0,0.0,0.0,1.0,3.0,0.0,0.0,21.0
245,2021-09-14,0.0,0.0,0.0,0.0,0.0,0.0,0.0,1.0,0.0,0.0,0.0,0.0,0.0,0.0,0.0,0.0,0.0,0.0,0.0,0.0,1.0,1.0,0.0,0.0,0.0,2.0,1.0,1.0,0.0,1.0,0.0,0.0,0.0,0.0,2.0,1.0,1.0,1.0,0.0,1.0,1.0,0.0,0.0,1.0,3.0,1.0,1.0,0.0,0.0,0.0,0.0,0.0,0.0,0.0,0.0,0.0,0.0,0.0,0.0,0.0,1.0,0.0,0.0,0.0,0.0,0.0,1.0,0.0,0.0,0.0,0.0,0.0,0.0,0.0,0.0,0.0,0.0,0.0,0.0,0.0,23.0
246,2021-09-15,0.0,0.0,0.0,0.0,0.0,0.0,0.0,2.0,0.0,0.0,0.0,0.0,0.0,0.0,0.0,0.0,1.0,0.0,0.0,0.0,1.0,0.0,0.0,0.0,2.0,2.0,1.0,0.0,1.0,0.0,1.0,0.0,0.0,0.0,6.0,4.0,0.0,1.0,0.0,0.0,1.0,0.0,0.0,0.0,0.0,2.0,0.0,1.0,0.0,0.0,0.0,0.0,0.0,0.0,0.0,0.0,2.0,0.0,0.0,0.0,0.0,0.0,1.0,0.0,1.0,1.0,0.0,0.0,0.0,0.0,0.0,1.0,0.0,0.0,1.0,1.0,0.0,1.0,0.0,0.0,35.0
247,2021-09-16,0.0,0.0,0.0,0.0,0.0,1.0,2.0,0.0,0.0,0.0,0.0,0.0,0.0,0.0,1.0,0.0,0.0,0.0,0.0,0.0,0.0,1.0,0.0,0.0,0.0,7.0,1.0,2.0,0.0,0.0,1.0,2.0,2.0,0.0,1.0,8.0,3.0,1.0,2.0,1.0,1.0,0.0,0.0,0.0,0.0,5.0,0.0,0.0,0.0,1.0,0.0,0.0,0.0,0.0,1.0,0.0,0.0,0.0,0.0,0.0,0.0,0.0,0.0,0.0,0.0,0.0,1.0,1.0,0.0,0.0,0.0,0.0,0.0,0.0,0.0,0.0,0.0,1.0,0.0,0.0,47.0
248,2021-09-17,0.0,0.0,0.0,0.0,0.0,1.0,1.0,0.0,1.0,0.0,0.0,0.0,0.0,0.0,0.0,0.0,0.0,0.0,0.0,0.0,2.0,0.0,0.0,0.0,1.0,5.0,0.0,0.0,0.0,0.0,0.0,4.0,1.0,0.0,0.0,3.0,0.0,0.0,1.0,0.0,3.0,1.0,1.0,0.0,2.0,5.0,0.0,0.0,0.0,0.0,0.0,0.0,0.0,0.0,0.0,2.0,0.0,0.0,0.0,0.0,0.0,0.0,0.0,0.0,1.0,3.0,0.0,2.0,0.0,0.0,2.0,0.0,1.0,2.0,0.0,1.0,0.0,2.0,0.0,0.0,48.0
249,2021-09-18,0.0,0.0,0.0,0.0,0.0,0.0,0.0,0.0,0.0,0.0,0.0,0.0,0.0,0.0,0.0,0.0,0.0,0.0,0.0,0.0,0.0,0.0,0.0,0.0,0.0,1.0,1.0,1.0,0.0,0.0,0.0,0.0,0.0,0.0,2.0,0.0,0.0,0.0,1.0,0.0,0.0,0.0,0.0,0.0,0.0,1.0,1.0,2.0,0.0,0.0,1.0,0.0,0.0,0.0,0.0,0.0,0.0,0.0,0.0,0.0,0.0,0.0,0.0,0.0,0.0,2.0,1.0,0.0,0.0,0.0,0.0,0.0,0.0,0.0,0.0,0.0,0.0,2.0,0.0,0.0,16.0
250,2021-09-19,0.0,0.0,0.0,0.0,0.0,0.0,0.0,1.0,0.0,0.0,0.0,0.0,0.0,0.0,0.0,0.0,0.0,0.0,0.0,0.0,0.0,0.0,1.0,0.0,0.0,2.0,1.0,0.0,0.0,1.0,0.0,1.0,0.0,0.0,0.0,6.0,3.0,5.0,0.0,0.0,0.0,0.0,0.0,0.0,0.0,1.0,0.0,0.0,0.0,0.0,0.0,1.0,0.0,0.0,0.0,1.0,0.0,1.0,1.0,0.0,0.0,0.0,0.0,0.0,0.0,0.0,0.0,0.0,0.0,0.0,2.0,0.0,0.0,0.0,0.0,3.0,1.0,0.0,0.0,0.0,32.0
251,2021-09-20,0.0,0.0,0.0,0.0,0.0,1.0,0.0,1.0,0.0,0.0,0.0,0.0,0.0,0.0,0.0,0.0,0.0,0.0,0.0,0.0,1.0,0.0,0.0,0.0,0.0,2.0,0.0,0.0,0.0,0.0,4.0,2.0,2.0,0.0,0.0,3.0,0.0,0.0,0.0,0.0,2.0,0.0,0.0,0.0,4.0,3.0,0.0,1.0,0.0,2.0,0.0,0.0,0.0,0.0,0.0,0.0,0.0,0.0,0.0,0.0,0.0,0.0,0.0,0.0,0.0,2.0,0.0,1.0,0.0,0.0,0.0,0.0,0.0,1.0,0.0,0.0,2.0,1.0,0.0,0.0,35.0
252,2021-09-21,0.0,0.0,0.0,0.0,0.0,1.0,0.0,0.0,0.0,0.0,0.0,0.0,0.0,0.0,0.0,1.0,1.0,0.0,0.0,0.0,0.0,0.0,0.0,0.0,1.0,1.0,1.0,1.0,0.0,0.0,0.0,0.0,1.0,0.0,1.0,3.0,1.0,3.0,0.0,0.0,0.0,1.0,0.0,0.0,1.0,7.0,1.0,1.0,0.0,0.0,0.0,0.0,0.0,0.0,1.0,0.0,1.0,2.0,0.0,0.0,1.0,0.0,0.0,0.0,0.0,2.0,0.0,1.0,0.0,0.0,1.0,0.0,0.0,0.0,0.0,3.0,0.0,0.0,0.0,0.0,39.0
253,2021-09-22,1.0,0.0,0.0,0.0,1.0,1.0,0.0,0.0,0.0,0.0,0.0,0.0,0.0,0.0,0.0,1.0,0.0,1.0,0.0,0.0,1.0,0.0,0.0,0.0,0.0,0.0,1.0,0.0,0.0,1.0,1.0,0.0,1.0,0.0,1.0,0.0,4.0,0.0,0.0,0.0,0.0,1.0,0.0,0.0,1.0,2.0,1.0,0.0,0.0,1.0,0.0,0.0,0.0,0.0,0.0,1.0,0.0,0.0,0.0,0.0,0.0,0.0,0.0,0.0,0.0,1.0,1.0,1.0,0.0,0.0,0.0,1.0,0.0,0.0,0.0,1.0,0.0,2.0,0.0,0.0,29.0
254,2021-09-23,0.0,0.0,0.0,0.0,0.0,0.0,0.0,0.0,0.0,0.0,0.0,0.0,0.0,0.0,0.0,0.0,0.0,0.0,0.0,0.0,0.0,1.0,0.0,0.0,0.0,3.0,1.0,0.0,0.0,1.0,1.0,1.0,1.0,0.0,0.0,3.0,0.0,0.0,0.0,1.0,2.0,2.0,0.0,0.0,1.0,2.0,1.0,0.0,0.0,0.0,0.0,0.0,0.0,0.0,0.0,1.0,0.0,0.0,0.0,0.0,0.0,0.0,0.0,0.0,0.0,0.0,0.0,0.0,0.0,0.0,1.0,1.0,1.0,1.0,1.0,3.0,1.0,0.0,0.0,0.0,31.0
255,2021-09-24,0.0,0.0,0.0,0.0,0.0,0.0,1.0,0.0,0.0,0.0,0.0,0.0,0.0,0.0,0.0,0.0,0.0,0.0,0.0,0.0,0.0,2.0,0.0,0.0,0.0,4.0,0.0,0.0,0.0,1.0,2.0,1.0,1.0,0.0,0.0,1.0,0.0,0.0,0.0,0.0,0.0,0.0,1.0,0.0,2.0,1.0,1.0,1.0,0.0,0.0,0.0,0.0,0.0,0.0,0.0,1.0,1.0,0.0,0.0,0.0,0.0,0.0,0.0,0.0,0.0,2.0,1.0,0.0,0.0,0.0,1.0,0.0,1.0,0.0,0.0,4.0,0.0,1.0,0.0,0.0,31.0
256,2021-09-25,0.0,0.0,0.0,0.0,0.0,0.0,0.0,0.0,0.0,0.0,0.0,0.0,0.0,0.0,0.0,0.0,0.0,0.0,0.0,0.0,0.0,1.0,0.0,0.0,0.0,2.0,1.0,0.0,0.0,0.0,1.0,0.0,0.0,0.0,0.0,0.0,0.0,1.0,1.0,0.0,1.0,0.0,0.0,0.0,2.0,1.0,0.0,1.0,0.0,0.0,1.0,0.0,1.0,0.0,0.0,0.0,0.0,1.0,0.0,0.0,1.0,0.0,0.0,0.0,0.0,0.0,1.0,0.0,1.0,0.0,0.0,0.0,0.0,0.0,0.0,0.0,1.0,1.0,0.0,0.0,20.0
257,2021-09-26,0.0,0.0,0.0,0.0,0.0,0.0,1.0,0.0,0.0,0.0,0.0,0.0,0.0,0.0,1.0,0.0,0.0,0.0,0.0,0.0,1.0,0.0,0.0,0.0,0.0,1.0,0.0,0.0,0.0,0.0,2.0,0.0,0.0,0.0,0.0,1.0,0.0,0.0,0.0,0.0,0.0,0.0,0.0,0.0,1.0,1.0,1.0,0.0,0.0,0.0,2.0,0.0,0.0,0.0,0.0,0.0,1.0,0.0,0.0,0.0,0.0,0.0,0.0,0.0,0.0,0.0,1.0,0.0,0.0,0.0,0.0,0.0,0.0,0.0,0.0,0.0,1.0,0.0,0.0,0.0,15.0
258,2021-09-27,0.0,0.0,0.0,0.0,0.0,0.0,0.0,0.0,0.0,0.0,0.0,0.0,0.0,1.0,0.0,1.0,0.0,0.0,0.0,0.0,0.0,0.0,0.0,0.0,3.0,2.0,0.0,0.0,0.0,1.0,0.0,1.0,0.0,0.0,0.0,3.0,1.0,2.0,0.0,0.0,0.0,1.0,0.0,0.0,0.0,4.0,2.0,0.0,0.0,0.0,0.0,0.0,0.0,0.0,0.0,0.0,0.0,1.0,0.0,0.0,0.0,0.0,0.0,0.0,1.0,0.0,0.0,1.0,0.0,0.0,0.0,0.0,0.0,0.0,0.0,3.0,2.0,2.0,0.0,0.0,32.0
259,2021-09-28,0.0,0.0,0.0,0.0,0.0,1.0,1.0,0.0,0.0,0.0,0.0,0.0,0.0,0.0,0.0,0.0,2.0,0.0,0.0,0.0,1.0,2.0,0.0,0.0,1.0,1.0,1.0,2.0,0.0,0.0,4.0,0.0,0.0,1.0,3.0,2.0,0.0,0.0,0.0,0.0,0.0,0.0,0.0,0.0,2.0,2.0,0.0,2.0,0.0,0.0,0.0,0.0,0.0,0.0,0.0,0.0,2.0,0.0,0.0,0.0,0.0,0.0,0.0,0.0,0.0,0.0,0.0,1.0,0.0,0.0,0.0,0.0,0.0,0.0,0.0,1.0,1.0,0.0,0.0,0.0,33.0
260,2021-09-29,0.0,0.0,0.0,0.0,1.0,1.0,0.0,0.0,0.0,0.0,0.0,0.0,0.0,0.0,0.0,0.0,0.0,0.0,0.0,0.0,2.0,0.0,1.0,0.0,0.0,4.0,2.0,0.0,0.0,1.0,1.0,0.0,1.0,0.0,1.0,3.0,1.0,1.0,0.0,0.0,2.0,0.0,1.0,0.0,1.0,3.0,0.0,0.0,0.0,0.0,0.0,0.0,0.0,0.0,0.0,0.0,0.0,0.0,0.0,0.0,0.0,0.0,2.0,0.0,1.0,1.0,1.0,0.0,0.0,0.0,1.0,0.0,0.0,0.0,0.0,2.0,0.0,0.0,0.0,1.0,36.0
