date,GME,"Core, influential Redditors community talking about Brokerage Accounts","Core, influential Redditors community talking about Gamestop as a Business/Store","Core, influential Redditors community talking about General Posts/Knowledge About Understanding Stocks","Core, influential Redditors community talking about MOD (moderator) Announcements","Core, influential Redditors community talking about Meme & Photo Posts","Core, influential Redditors community talking about Mix - GME Price Movements and Nonsense Posts","Core, influential Redditors community talking about Regulatory Matters (Direct and Indirect)","Core, influential Redditors community talking about The GME Short Squeeze","Core, influential Redditors community talking about Unclear Topic - Some posts about holding, FINRA, and a lot of external links","Core, influential Redditors community talking about Unity Amoung 'Apes'",Highly controversial community talking about Brokerage Accounts,Highly controversial community talking about Gamestop as a Business/Store,Highly controversial community talking about General Posts/Knowledge About Understanding Stocks,Highly controversial community talking about MOD (moderator) Announcements,Highly controversial community talking about Meme & Photo Posts,Highly controversial community talking about Mix - GME Price Movements and Nonsense Posts,Highly controversial community talking about Regulatory Matters (Direct and Indirect),Highly controversial community talking about The GME Short Squeeze,"Highly controversial community talking about Unclear Topic - Some posts about holding, FINRA, and a lot of external links",Highly controversial community talking about Unity Amoung 'Apes',Scriptophobic community talking about Brokerage Accounts,Scriptophobic community talking about Gamestop as a Business/Store,Scriptophobic community talking about General Posts/Knowledge About Understanding Stocks,Scriptophobic community talking about MOD (moderator) Announcements,Scriptophobic community talking about Meme & Photo Posts,Scriptophobic community talking about Mix - GME Price Movements and Nonsense Posts,Scriptophobic community talking about Regulatory Matters (Direct and Indirect),Scriptophobic community talking about The GME Short Squeeze,"Scriptophobic community talking about Unclear Topic - Some posts about holding, FINRA, and a lot of external links",Scriptophobic community talking about Unity Amoung 'Apes',Unpopular community talking about Brokerage Accounts,Unpopular community talking about Gamestop as a Business/Store,Unpopular community talking about General Posts/Knowledge About Understanding Stocks,Unpopular community talking about MOD (moderator) Announcements,Unpopular community talking about Meme & Photo Posts,Unpopular community talking about Mix - GME Price Movements and Nonsense Posts,Unpopular community talking about Regulatory Matters (Direct and Indirect),Unpopular community talking about The GME Short Squeeze,"Unpopular community talking about Unclear Topic - Some posts about holding, FINRA, and a lot of external links",Unpopular community talking about Unity Amoung 'Apes',"Core, influential Redditors",Highly controversial,Scriptophobic,Unpopular,Brokerage Accounts,Gamestop as a Business/Store,General Posts/Knowledge About Understanding Stocks,MOD (moderator) Announcements,Meme & Photo Posts,Mix - GME Price Movements and Nonsense Posts,Regulatory Matters (Direct and Indirect),The GME Short Squeeze,"Unclear Topic - Some posts about holding, FINRA, and a lot of external links",Unity Amoung 'Apes',"Core, influential Redditors community talking about Brokerage Accounts_shift1","Core, influential Redditors community talking about Gamestop as a Business/Store_shift1","Core, influential Redditors community talking about General Posts/Knowledge About Understanding Stocks_shift1","Core, influential Redditors community talking about MOD (moderator) Announcements_shift1","Core, influential Redditors community talking about Meme & Photo Posts_shift1","Core, influential Redditors community talking about Mix - GME Price Movements and Nonsense Posts_shift1","Core, influential Redditors community talking about Regulatory Matters (Direct and Indirect)_shift1","Core, influential Redditors community talking about The GME Short Squeeze_shift1","Core, influential Redditors community talking about Unclear Topic - Some posts about holding, FINRA, and a lot of external links_shift1","Core, influential Redditors community talking about Unity Amoung 'Apes'_shift1",Highly controversial community talking about Brokerage Accounts_shift1,Highly controversial community talking about Gamestop as a Business/Store_shift1,Highly controversial community talking about General Posts/Knowledge About Understanding Stocks_shift1,Highly controversial community talking about MOD (moderator) Announcements_shift1,Highly controversial community talking about Meme & Photo Posts_shift1,Highly controversial community talking about Mix - GME Price Movements and Nonsense Posts_shift1,Highly controversial community talking about Regulatory Matters (Direct and Indirect)_shift1,Highly controversial community talking about The GME Short Squeeze_shift1,"Highly controversial community talking about Unclear Topic - Some posts about holding, FINRA, and a lot of external links_shift1",Highly controversial community talking about Unity Amoung 'Apes'_shift1,Scriptophobic community talking about Brokerage Accounts_shift1,Scriptophobic community talking about Gamestop as a Business/Store_shift1,Scriptophobic community talking about General Posts/Knowledge About Understanding Stocks_shift1,Scriptophobic community talking about MOD (moderator) Announcements_shift1,Scriptophobic community talking about Meme & Photo Posts_shift1,Scriptophobic community talking about Mix - GME Price Movements and Nonsense Posts_shift1,Scriptophobic community talking about Regulatory Matters (Direct and Indirect)_shift1,Scriptophobic community talking about The GME Short Squeeze_shift1,"Scriptophobic community talking about Unclear Topic - Some posts about holding, FINRA, and a lot of external links_shift1",Scriptophobic community talking about Unity Amoung 'Apes'_shift1,Unpopular community talking about Brokerage Accounts_shift1,Unpopular community talking about Gamestop as a Business/Store_shift1,Unpopular community talking about General Posts/Knowledge About Understanding Stocks_shift1,Unpopular community talking about MOD (moderator) Announcements_shift1,Unpopular community talking about Meme & Photo Posts_shift1,Unpopular community talking about Mix - GME Price Movements and Nonsense Posts_shift1,Unpopular community talking about Regulatory Matters (Direct and Indirect)_shift1,Unpopular community talking about The GME Short Squeeze_shift1,"Unpopular community talking about Unclear Topic - Some posts about holding, FINRA, and a lot of external links_shift1",Unpopular community talking about Unity Amoung 'Apes'_shift1,"Core, influential Redditors_shift1",Highly controversial_shift1,Scriptophobic_shift1,Unpopular_shift1,Brokerage Accounts_shift1,Gamestop as a Business/Store_shift1,General Posts/Knowledge About Understanding Stocks_shift1,MOD (moderator) Announcements_shift1,Meme & Photo Posts_shift1,Mix - GME Price Movements and Nonsense Posts_shift1,Regulatory Matters (Direct and Indirect)_shift1,The GME Short Squeeze_shift1,"Unclear Topic - Some posts about holding, FINRA, and a lot of external links_shift1",Unity Amoung 'Apes'_shift1
2021-01-05,0.006932485090750144,0.0,0.0,0.0,0.0,0.0,0.0,0.0,0.0,0.0,0.0,0.0,0.0,0.0,0.0,0.0,1.0,0.0,0.0,0.0,0.0,0.0,0.0,0.0,0.0,0.0,0.0,0.0,0.0,0.0,0.0,0.0,0.0,0.0,0.0,0.0,0.0,0.0,0.0,0.0,0.0,0.0,1.0,0.0,0.0,0.0,0.0,0.0,0.0,0.0,1.0,0.0,0.0,0.0,0.0,0.0,0.0,0.0,0.0,0.0,0.0,0.0,0.0,0.0,0.0,0.0,0.0,0.0,0.0,0.0,0.0,0.0,1.0,0.0,0.0,0.0,0.0,0.0,0.0,0.0,0.0,0.0,0.0,0.0,0.0,0.0,0.0,0.0,0.0,0.0,0.0,0.0,0.0,0.0,0.0,0.0,1.0,0.0,0.0,0.0,0.0,0.0,0.0,0.0,0.0,0.0,1.0,0.0,0.0
2021-01-06,0.05542978986777424,0.0,1.0,0.0,0.0,0.0,0.0,0.0,0.0,0.0,0.0,0.0,0.0,0.0,0.0,0.0,0.0,0.0,0.0,0.0,0.0,0.0,0.0,0.0,0.0,0.0,0.0,0.0,0.0,0.0,0.0,0.0,0.0,0.0,0.0,0.0,0.0,0.0,0.0,0.0,0.0,1.0,0.0,0.0,0.0,0.0,1.0,0.0,0.0,0.0,0.0,0.0,0.0,0.0,0.0,0.0,0.0,0.0,0.0,0.0,0.0,0.0,0.0,0.0,0.0,0.0,0.0,0.0,0.0,0.0,1.0,0.0,0.0,0.0,0.0,0.0,0.0,0.0,0.0,0.0,0.0,0.0,0.0,0.0,0.0,0.0,0.0,0.0,0.0,0.0,0.0,0.0,0.0,0.0,0.0,0.0,1.0,0.0,0.0,0.0,0.0,0.0,0.0,0.0,1.0,0.0,0.0,0.0,0.0
2021-01-10,-0.03717488007439647,0.0,0.0,0.0,0.0,0.0,0.0,0.0,0.0,0.0,0.0,0.0,0.0,1.0,0.0,0.0,0.0,0.0,0.0,0.0,0.0,0.0,0.0,0.0,0.0,0.0,0.0,0.0,0.0,0.0,0.0,0.0,0.0,0.0,0.0,0.0,0.0,0.0,0.0,0.0,0.0,0.0,1.0,0.0,0.0,0.0,0.0,1.0,0.0,0.0,0.0,0.0,0.0,0.0,0.0,0.0,1.0,0.0,0.0,0.0,0.0,0.0,0.0,0.0,0.0,0.0,0.0,0.0,0.0,0.0,0.0,0.0,0.0,0.0,0.0,0.0,0.0,0.0,0.0,0.0,0.0,0.0,0.0,0.0,0.0,0.0,0.0,0.0,0.0,0.0,0.0,0.0,0.0,0.0,0.0,1.0,0.0,0.0,0.0,0.0,1.0,0.0,0.0,0.0,0.0,0.0,0.0,0.0,0.0
2021-01-12,0.12022964321695423,0.0,0.0,0.0,0.0,0.0,0.0,0.0,1.0,0.0,0.0,0.0,0.0,0.0,0.0,0.0,0.0,0.0,0.0,0.0,0.0,0.0,0.0,0.0,0.0,0.0,0.0,0.0,0.0,0.0,0.0,0.0,0.0,0.0,0.0,0.0,0.0,0.0,0.0,0.0,0.0,1.0,0.0,0.0,0.0,0.0,0.0,0.0,0.0,0.0,0.0,0.0,1.0,0.0,0.0,0.0,0.0,0.0,0.0,0.0,0.0,0.0,0.0,0.0,0.0,0.0,0.0,1.0,0.0,0.0,0.0,0.0,0.0,0.0,0.0,0.0,0.0,0.0,0.0,0.0,0.0,0.0,0.0,0.0,0.0,0.0,0.0,0.0,0.0,0.0,0.0,0.0,0.0,0.0,0.0,0.0,1.0,0.0,0.0,0.0,0.0,1.0,0.0,0.0,0.0,0.0,0.0,0.0,0.0
2021-01-14,0.693397733658892,0.0,0.0,0.0,0.0,0.0,0.0,0.0,1.0,0.0,0.0,0.0,0.0,0.0,0.0,0.0,0.0,0.0,1.0,0.0,0.0,0.0,0.0,0.0,0.0,0.0,0.0,0.0,0.0,0.0,0.0,0.0,0.0,0.0,0.0,0.0,0.0,0.0,0.0,0.0,0.0,1.0,1.0,0.0,0.0,0.0,0.0,0.0,0.0,0.0,0.0,0.0,2.0,0.0,0.0,0.0,0.0,0.0,0.0,0.0,0.0,0.0,1.0,0.0,0.0,0.0,0.0,0.0,0.0,0.0,0.0,0.0,0.0,0.0,0.0,0.0,0.0,0.0,0.0,0.0,0.0,0.0,0.0,0.0,0.0,0.0,0.0,0.0,0.0,0.0,0.0,0.0,0.0,0.0,0.0,1.0,0.0,0.0,0.0,0.0,0.0,0.0,0.0,0.0,0.0,0.0,1.0,0.0,0.0
2021-01-15,-0.1170942187559727,0.0,0.0,0.0,0.0,0.0,0.0,0.0,1.0,0.0,0.0,1.0,0.0,0.0,0.0,0.0,0.0,0.0,1.0,0.0,0.0,0.0,0.0,0.0,0.0,0.0,0.0,0.0,0.0,0.0,0.0,0.0,0.0,0.0,0.0,0.0,0.0,0.0,0.0,0.0,0.0,1.0,2.0,0.0,0.0,1.0,0.0,0.0,0.0,0.0,0.0,0.0,2.0,0.0,0.0,0.0,0.0,0.0,0.0,0.0,0.0,0.0,1.0,0.0,0.0,0.0,0.0,0.0,0.0,0.0,0.0,0.0,1.0,0.0,0.0,0.0,0.0,0.0,0.0,0.0,0.0,0.0,0.0,0.0,0.0,0.0,0.0,0.0,0.0,0.0,0.0,0.0,0.0,0.0,0.0,1.0,1.0,0.0,0.0,0.0,0.0,0.0,0.0,0.0,0.0,0.0,2.0,0.0,0.0
2021-01-16,0.0,0.0,0.0,0.0,0.0,0.0,0.0,0.0,1.0,0.0,0.0,0.0,0.0,0.0,0.0,0.0,0.0,0.0,1.0,0.0,0.0,0.0,0.0,0.0,0.0,0.0,0.0,0.0,0.0,0.0,0.0,0.0,0.0,0.0,0.0,0.0,0.0,0.0,0.0,0.0,0.0,1.0,1.0,0.0,0.0,0.0,0.0,0.0,0.0,0.0,0.0,0.0,2.0,0.0,0.0,0.0,0.0,0.0,0.0,0.0,0.0,0.0,1.0,0.0,0.0,1.0,0.0,0.0,0.0,0.0,0.0,0.0,1.0,0.0,0.0,0.0,0.0,0.0,0.0,0.0,0.0,0.0,0.0,0.0,0.0,0.0,0.0,0.0,0.0,0.0,0.0,0.0,0.0,0.0,0.0,1.0,2.0,0.0,0.0,1.0,0.0,0.0,0.0,0.0,0.0,0.0,2.0,0.0,0.0
2021-01-17,0.0,0.0,0.0,0.0,0.0,0.0,0.0,0.0,0.0,0.0,0.0,0.0,0.0,1.0,0.0,0.0,0.0,0.0,0.0,0.0,0.0,0.0,0.0,0.0,0.0,0.0,0.0,0.0,0.0,0.0,0.0,0.0,0.0,0.0,0.0,0.0,0.0,0.0,0.0,0.0,0.0,0.0,1.0,0.0,0.0,0.0,0.0,1.0,0.0,0.0,0.0,0.0,0.0,0.0,0.0,0.0,0.0,0.0,0.0,0.0,0.0,0.0,1.0,0.0,0.0,0.0,0.0,0.0,0.0,0.0,0.0,0.0,1.0,0.0,0.0,0.0,0.0,0.0,0.0,0.0,0.0,0.0,0.0,0.0,0.0,0.0,0.0,0.0,0.0,0.0,0.0,0.0,0.0,0.0,0.0,1.0,1.0,0.0,0.0,0.0,0.0,0.0,0.0,0.0,0.0,0.0,2.0,0.0,0.0
2021-01-18,0.0,0.0,0.0,0.0,0.0,0.0,0.0,0.0,0.0,0.0,0.0,0.0,0.0,1.0,0.0,1.0,0.0,2.0,0.0,0.0,0.0,0.0,0.0,0.0,0.0,0.0,0.0,0.0,0.0,0.0,0.0,0.0,0.0,0.0,0.0,0.0,0.0,0.0,0.0,0.0,0.0,0.0,4.0,0.0,0.0,0.0,0.0,1.0,0.0,1.0,0.0,2.0,0.0,0.0,0.0,0.0,0.0,0.0,0.0,0.0,0.0,0.0,0.0,0.0,0.0,0.0,0.0,1.0,0.0,0.0,0.0,0.0,0.0,0.0,0.0,0.0,0.0,0.0,0.0,0.0,0.0,0.0,0.0,0.0,0.0,0.0,0.0,0.0,0.0,0.0,0.0,0.0,0.0,0.0,0.0,0.0,1.0,0.0,0.0,0.0,0.0,1.0,0.0,0.0,0.0,0.0,0.0,0.0,0.0
2021-01-19,0.10321739120958194,0.0,0.0,0.0,0.0,0.0,0.0,0.0,0.0,0.0,0.0,0.0,2.0,1.0,0.0,0.0,0.0,0.0,0.0,0.0,0.0,0.0,0.0,0.0,0.0,0.0,0.0,0.0,0.0,0.0,0.0,0.0,0.0,0.0,0.0,0.0,0.0,0.0,0.0,0.0,0.0,0.0,3.0,0.0,0.0,0.0,2.0,1.0,0.0,0.0,0.0,0.0,0.0,0.0,0.0,0.0,0.0,0.0,0.0,0.0,0.0,0.0,0.0,0.0,0.0,0.0,0.0,1.0,0.0,1.0,0.0,2.0,0.0,0.0,0.0,0.0,0.0,0.0,0.0,0.0,0.0,0.0,0.0,0.0,0.0,0.0,0.0,0.0,0.0,0.0,0.0,0.0,0.0,0.0,0.0,0.0,4.0,0.0,0.0,0.0,0.0,1.0,0.0,1.0,0.0,2.0,0.0,0.0,0.0
2021-01-21,0.08914743079090309,0.0,0.0,0.0,0.0,0.0,0.0,0.0,0.0,0.0,0.0,0.0,1.0,0.0,0.0,0.0,0.0,0.0,1.0,0.0,1.0,0.0,0.0,0.0,0.0,0.0,0.0,0.0,0.0,0.0,0.0,0.0,0.0,0.0,0.0,0.0,0.0,0.0,0.0,0.0,0.0,0.0,3.0,0.0,0.0,0.0,1.0,0.0,0.0,0.0,0.0,0.0,1.0,0.0,1.0,0.0,0.0,0.0,0.0,0.0,0.0,0.0,0.0,0.0,0.0,0.0,2.0,1.0,0.0,0.0,0.0,0.0,0.0,0.0,0.0,0.0,0.0,0.0,0.0,0.0,0.0,0.0,0.0,0.0,0.0,0.0,0.0,0.0,0.0,0.0,0.0,0.0,0.0,0.0,0.0,0.0,3.0,0.0,0.0,0.0,2.0,1.0,0.0,0.0,0.0,0.0,0.0,0.0,0.0
2021-01-22,0.41264361859455045,0.0,1.0,0.0,0.0,0.0,0.0,0.0,2.0,0.0,1.0,1.0,3.0,0.0,0.0,0.0,0.0,1.0,3.0,0.0,0.0,0.0,0.0,0.0,0.0,0.0,0.0,0.0,0.0,0.0,0.0,0.0,1.0,0.0,0.0,0.0,0.0,0.0,0.0,0.0,0.0,4.0,8.0,0.0,1.0,1.0,5.0,0.0,0.0,0.0,0.0,1.0,5.0,0.0,1.0,0.0,0.0,0.0,0.0,0.0,0.0,0.0,0.0,0.0,0.0,0.0,1.0,0.0,0.0,0.0,0.0,0.0,1.0,0.0,1.0,0.0,0.0,0.0,0.0,0.0,0.0,0.0,0.0,0.0,0.0,0.0,0.0,0.0,0.0,0.0,0.0,0.0,0.0,0.0,0.0,0.0,3.0,0.0,0.0,0.0,1.0,0.0,0.0,0.0,0.0,0.0,1.0,0.0,1.0
2021-01-23,0.0,1.0,1.0,0.0,0.0,0.0,0.0,0.0,0.0,0.0,0.0,0.0,1.0,1.0,0.0,0.0,0.0,0.0,4.0,0.0,0.0,0.0,0.0,0.0,0.0,0.0,0.0,0.0,0.0,0.0,0.0,0.0,0.0,0.0,0.0,0.0,0.0,0.0,0.0,0.0,0.0,2.0,6.0,0.0,0.0,1.0,2.0,1.0,0.0,0.0,0.0,0.0,4.0,0.0,0.0,0.0,1.0,0.0,0.0,0.0,0.0,0.0,2.0,0.0,1.0,1.0,3.0,0.0,0.0,0.0,0.0,1.0,3.0,0.0,0.0,0.0,0.0,0.0,0.0,0.0,0.0,0.0,0.0,0.0,0.0,0.0,1.0,0.0,0.0,0.0,0.0,0.0,0.0,0.0,0.0,4.0,8.0,0.0,1.0,1.0,5.0,0.0,0.0,0.0,0.0,1.0,5.0,0.0,1.0
2021-01-24,0.0,0.0,0.0,0.0,0.0,0.0,1.0,0.0,0.0,0.0,1.0,0.0,1.0,1.0,0.0,0.0,0.0,0.0,3.0,0.0,0.0,0.0,0.0,0.0,0.0,0.0,0.0,0.0,0.0,0.0,0.0,0.0,0.0,0.0,0.0,0.0,0.0,0.0,0.0,0.0,0.0,2.0,5.0,0.0,0.0,0.0,1.0,1.0,0.0,0.0,1.0,0.0,3.0,0.0,1.0,1.0,1.0,0.0,0.0,0.0,0.0,0.0,0.0,0.0,0.0,0.0,1.0,1.0,0.0,0.0,0.0,0.0,4.0,0.0,0.0,0.0,0.0,0.0,0.0,0.0,0.0,0.0,0.0,0.0,0.0,0.0,0.0,0.0,0.0,0.0,0.0,0.0,0.0,0.0,0.0,2.0,6.0,0.0,0.0,1.0,2.0,1.0,0.0,0.0,0.0,0.0,4.0,0.0,0.0
2021-01-25,0.166533298188528,2.0,0.0,1.0,0.0,5.0,0.0,0.0,5.0,0.0,2.0,2.0,6.0,2.0,0.0,3.0,0.0,2.0,20.0,4.0,9.0,0.0,0.0,0.0,1.0,0.0,0.0,0.0,0.0,0.0,0.0,0.0,0.0,0.0,0.0,0.0,0.0,0.0,1.0,0.0,0.0,15.0,48.0,1.0,1.0,4.0,6.0,3.0,1.0,8.0,0.0,2.0,26.0,4.0,11.0,0.0,0.0,0.0,0.0,0.0,1.0,0.0,0.0,0.0,1.0,0.0,1.0,1.0,0.0,0.0,0.0,0.0,3.0,0.0,0.0,0.0,0.0,0.0,0.0,0.0,0.0,0.0,0.0,0.0,0.0,0.0,0.0,0.0,0.0,0.0,0.0,0.0,0.0,0.0,0.0,2.0,5.0,0.0,0.0,0.0,1.0,1.0,0.0,0.0,1.0,0.0,3.0,0.0,1.0
2021-01-26,0.65600266536059,0.0,4.0,2.0,0.0,1.0,0.0,0.0,5.0,0.0,0.0,3.0,2.0,0.0,0.0,0.0,0.0,1.0,13.0,3.0,9.0,0.0,0.0,0.0,0.0,0.0,0.0,0.0,0.0,0.0,0.0,1.0,0.0,0.0,0.0,0.0,0.0,0.0,0.0,0.0,0.0,12.0,31.0,0.0,1.0,4.0,6.0,2.0,0.0,1.0,0.0,1.0,18.0,3.0,9.0,2.0,0.0,1.0,0.0,5.0,0.0,0.0,5.0,0.0,2.0,2.0,6.0,2.0,0.0,3.0,0.0,2.0,20.0,4.0,9.0,0.0,0.0,0.0,1.0,0.0,0.0,0.0,0.0,0.0,0.0,0.0,0.0,0.0,0.0,0.0,0.0,0.0,1.0,0.0,0.0,15.0,48.0,1.0,1.0,4.0,6.0,3.0,1.0,8.0,0.0,2.0,26.0,4.0,11.0
2021-01-27,0.8537163690454002,1.0,2.0,1.0,0.0,2.0,1.0,1.0,6.0,1.0,5.0,14.0,19.0,5.0,1.0,6.0,5.0,6.0,39.0,5.0,26.0,0.0,0.0,0.0,0.0,0.0,0.0,0.0,0.0,0.0,0.0,0.0,0.0,0.0,0.0,0.0,0.0,0.0,1.0,0.0,0.0,20.0,126.0,0.0,1.0,15.0,21.0,6.0,1.0,8.0,6.0,7.0,46.0,6.0,31.0,0.0,4.0,2.0,0.0,1.0,0.0,0.0,5.0,0.0,0.0,3.0,2.0,0.0,0.0,0.0,0.0,1.0,13.0,3.0,9.0,0.0,0.0,0.0,0.0,0.0,0.0,0.0,0.0,0.0,0.0,1.0,0.0,0.0,0.0,0.0,0.0,0.0,0.0,0.0,0.0,12.0,31.0,0.0,1.0,4.0,6.0,2.0,0.0,1.0,0.0,1.0,18.0,3.0,9.0
2021-01-28,-0.5849992633020238,8.0,10.0,0.0,0.0,8.0,2.0,3.0,17.0,2.0,16.0,52.0,50.0,13.0,2.0,21.0,4.0,11.0,104.0,20.0,94.0,0.0,0.0,0.0,0.0,0.0,0.0,1.0,0.0,0.0,0.0,0.0,0.0,0.0,0.0,0.0,0.0,0.0,1.0,0.0,1.0,66.0,371.0,1.0,2.0,60.0,60.0,13.0,2.0,29.0,6.0,15.0,122.0,22.0,111.0,1.0,2.0,1.0,0.0,2.0,1.0,1.0,6.0,1.0,5.0,14.0,19.0,5.0,1.0,6.0,5.0,6.0,39.0,5.0,26.0,0.0,0.0,0.0,0.0,0.0,0.0,0.0,0.0,0.0,0.0,0.0,0.0,0.0,0.0,0.0,0.0,0.0,1.0,0.0,0.0,20.0,126.0,0.0,1.0,15.0,21.0,6.0,1.0,8.0,6.0,7.0,46.0,6.0,31.0
2021-01-29,0.5180309759608377,6.0,10.0,2.0,1.0,8.0,1.0,2.0,14.0,4.0,13.0,30.0,30.0,13.0,6.0,15.0,16.0,5.0,88.0,5.0,58.0,0.0,0.0,0.0,0.0,0.0,0.0,0.0,0.0,0.0,0.0,0.0,0.0,0.0,0.0,0.0,0.0,0.0,0.0,0.0,0.0,61.0,266.0,0.0,0.0,36.0,40.0,15.0,7.0,23.0,17.0,7.0,102.0,9.0,71.0,8.0,10.0,0.0,0.0,8.0,2.0,3.0,17.0,2.0,16.0,52.0,50.0,13.0,2.0,21.0,4.0,11.0,104.0,20.0,94.0,0.0,0.0,0.0,0.0,0.0,0.0,1.0,0.0,0.0,0.0,0.0,0.0,0.0,0.0,0.0,0.0,0.0,1.0,0.0,1.0,66.0,371.0,1.0,2.0,60.0,60.0,13.0,2.0,29.0,6.0,15.0,122.0,22.0,111.0
2021-01-30,0.0,3.0,3.0,0.0,1.0,1.0,0.0,0.0,8.0,0.0,4.0,9.0,9.0,0.0,0.0,3.0,0.0,7.0,18.0,0.0,14.0,0.0,0.0,0.0,0.0,0.0,0.0,0.0,0.0,0.0,0.0,0.0,0.0,0.0,0.0,0.0,0.0,0.0,0.0,1.0,0.0,20.0,60.0,0.0,1.0,12.0,12.0,0.0,1.0,4.0,0.0,7.0,26.0,1.0,18.0,6.0,10.0,2.0,1.0,8.0,1.0,2.0,14.0,4.0,13.0,30.0,30.0,13.0,6.0,15.0,16.0,5.0,88.0,5.0,58.0,0.0,0.0,0.0,0.0,0.0,0.0,0.0,0.0,0.0,0.0,0.0,0.0,0.0,0.0,0.0,0.0,0.0,0.0,0.0,0.0,61.0,266.0,0.0,0.0,36.0,40.0,15.0,7.0,23.0,17.0,7.0,102.0,9.0,71.0
2021-01-31,0.0,1.0,5.0,0.0,0.0,4.0,1.0,2.0,7.0,2.0,5.0,10.0,8.0,2.0,0.0,1.0,2.0,1.0,19.0,1.0,17.0,0.0,0.0,0.0,0.0,0.0,0.0,0.0,0.0,0.0,0.0,0.0,0.0,0.0,0.0,0.0,0.0,0.0,0.0,0.0,0.0,27.0,61.0,0.0,0.0,11.0,13.0,2.0,0.0,5.0,3.0,3.0,26.0,3.0,22.0,3.0,3.0,0.0,1.0,1.0,0.0,0.0,8.0,0.0,4.0,9.0,9.0,0.0,0.0,3.0,0.0,7.0,18.0,0.0,14.0,0.0,0.0,0.0,0.0,0.0,0.0,0.0,0.0,0.0,0.0,0.0,0.0,0.0,0.0,0.0,0.0,0.0,0.0,1.0,0.0,20.0,60.0,0.0,1.0,12.0,12.0,0.0,1.0,4.0,0.0,7.0,26.0,1.0,18.0
2021-02-01,-0.3677247801253174,3.0,2.0,5.0,1.0,0.0,1.0,0.0,12.0,2.0,15.0,14.0,14.0,6.0,2.0,14.0,3.0,5.0,60.0,4.0,47.0,0.0,0.0,0.0,0.0,0.0,0.0,0.0,0.0,0.0,0.0,0.0,0.0,0.0,0.0,0.0,0.0,1.0,0.0,0.0,0.0,41.0,169.0,0.0,1.0,17.0,16.0,11.0,3.0,14.0,4.0,6.0,72.0,6.0,62.0,1.0,5.0,0.0,0.0,4.0,1.0,2.0,7.0,2.0,5.0,10.0,8.0,2.0,0.0,1.0,2.0,1.0,19.0,1.0,17.0,0.0,0.0,0.0,0.0,0.0,0.0,0.0,0.0,0.0,0.0,0.0,0.0,0.0,0.0,0.0,0.0,0.0,0.0,0.0,0.0,27.0,61.0,0.0,0.0,11.0,13.0,2.0,0.0,5.0,3.0,3.0,26.0,3.0,22.0
2021-02-02,-0.916290731874155,5.0,5.0,3.0,2.0,4.0,1.0,4.0,14.0,2.0,12.0,9.0,27.0,14.0,5.0,16.0,3.0,7.0,81.0,6.0,48.0,0.0,0.0,0.0,0.0,0.0,0.0,0.0,0.0,0.0,0.0,1.0,0.0,0.0,0.0,0.0,0.0,0.0,1.0,0.0,0.0,52.0,216.0,0.0,2.0,15.0,32.0,17.0,7.0,20.0,4.0,11.0,96.0,8.0,60.0,3.0,2.0,5.0,1.0,0.0,1.0,0.0,12.0,2.0,15.0,14.0,14.0,6.0,2.0,14.0,3.0,5.0,60.0,4.0,47.0,0.0,0.0,0.0,0.0,0.0,0.0,0.0,0.0,0.0,0.0,0.0,0.0,0.0,0.0,0.0,0.0,1.0,0.0,0.0,0.0,41.0,169.0,0.0,1.0,17.0,16.0,11.0,3.0,14.0,4.0,6.0,72.0,6.0,62.0
2021-02-03,0.026425567198612724,3.0,6.0,1.0,0.0,2.0,5.0,2.0,11.0,0.0,10.0,4.0,15.0,10.0,2.0,9.0,1.0,7.0,46.0,9.0,29.0,0.0,0.0,0.0,0.0,0.0,0.0,0.0,0.0,0.0,0.0,0.0,0.0,0.0,0.0,0.0,0.0,0.0,0.0,0.0,0.0,40.0,132.0,0.0,0.0,7.0,21.0,11.0,2.0,11.0,6.0,9.0,57.0,9.0,39.0,5.0,5.0,3.0,2.0,4.0,1.0,4.0,14.0,2.0,12.0,9.0,27.0,14.0,5.0,16.0,3.0,7.0,81.0,6.0,48.0,0.0,0.0,0.0,0.0,0.0,0.0,0.0,0.0,0.0,0.0,1.0,0.0,0.0,0.0,0.0,0.0,0.0,1.0,0.0,0.0,52.0,216.0,0.0,2.0,15.0,32.0,17.0,7.0,20.0,4.0,11.0,96.0,8.0,60.0
2021-02-04,-0.546553583626917,1.0,4.0,2.0,1.0,1.0,0.0,2.0,11.0,1.0,8.0,8.0,24.0,8.0,0.0,8.0,3.0,3.0,33.0,5.0,28.0,0.0,0.0,0.0,1.0,0.0,0.0,0.0,0.0,0.0,0.0,0.0,0.0,0.0,0.0,0.0,0.0,1.0,1.0,0.0,0.0,31.0,120.0,1.0,2.0,9.0,28.0,10.0,2.0,9.0,3.0,6.0,45.0,6.0,36.0,3.0,6.0,1.0,0.0,2.0,5.0,2.0,11.0,0.0,10.0,4.0,15.0,10.0,2.0,9.0,1.0,7.0,46.0,9.0,29.0,0.0,0.0,0.0,0.0,0.0,0.0,0.0,0.0,0.0,0.0,0.0,0.0,0.0,0.0,0.0,0.0,0.0,0.0,0.0,0.0,40.0,132.0,0.0,0.0,7.0,21.0,11.0,2.0,11.0,6.0,9.0,57.0,9.0,39.0
2021-02-07,0.17560121360357403,0.0,0.0,0.0,0.0,0.0,0.0,0.0,0.0,0.0,0.0,0.0,1.0,0.0,0.0,0.0,0.0,0.0,0.0,0.0,0.0,0.0,0.0,0.0,0.0,0.0,0.0,0.0,0.0,0.0,0.0,0.0,0.0,0.0,0.0,0.0,0.0,0.0,0.0,0.0,0.0,0.0,1.0,0.0,0.0,0.0,1.0,0.0,0.0,0.0,0.0,0.0,0.0,0.0,0.0,1.0,4.0,2.0,1.0,1.0,0.0,2.0,11.0,1.0,8.0,8.0,24.0,8.0,0.0,8.0,3.0,3.0,33.0,5.0,28.0,0.0,0.0,0.0,1.0,0.0,0.0,0.0,0.0,0.0,0.0,0.0,0.0,0.0,0.0,0.0,0.0,1.0,1.0,0.0,0.0,31.0,120.0,1.0,2.0,9.0,28.0,10.0,2.0,9.0,3.0,6.0,45.0,6.0,36.0
2021-02-08,-0.060938305283434094,0.0,1.0,2.0,0.0,2.0,0.0,0.0,5.0,2.0,5.0,2.0,12.0,5.0,1.0,4.0,2.0,7.0,17.0,2.0,14.0,0.0,0.0,0.0,0.0,0.0,0.0,0.0,0.0,0.0,0.0,0.0,0.0,0.0,0.0,0.0,0.0,0.0,2.0,0.0,2.0,17.0,66.0,0.0,4.0,2.0,13.0,7.0,1.0,6.0,2.0,7.0,24.0,4.0,21.0,0.0,0.0,0.0,0.0,0.0,0.0,0.0,0.0,0.0,0.0,0.0,1.0,0.0,0.0,0.0,0.0,0.0,0.0,0.0,0.0,0.0,0.0,0.0,0.0,0.0,0.0,0.0,0.0,0.0,0.0,0.0,0.0,0.0,0.0,0.0,0.0,0.0,0.0,0.0,0.0,0.0,1.0,0.0,0.0,0.0,1.0,0.0,0.0,0.0,0.0,0.0,0.0,0.0,0.0
2021-02-09,-0.17614067042229237,2.0,4.0,4.0,1.0,0.0,1.0,0.0,7.0,0.0,5.0,6.0,13.0,7.0,1.0,4.0,3.0,7.0,23.0,2.0,21.0,0.0,0.0,0.0,1.0,0.0,0.0,0.0,0.0,0.0,0.0,0.0,0.0,1.0,1.0,0.0,0.0,2.0,1.0,0.0,1.0,24.0,87.0,1.0,6.0,8.0,17.0,12.0,4.0,4.0,4.0,9.0,31.0,2.0,27.0,0.0,1.0,2.0,0.0,2.0,0.0,0.0,5.0,2.0,5.0,2.0,12.0,5.0,1.0,4.0,2.0,7.0,17.0,2.0,14.0,0.0,0.0,0.0,0.0,0.0,0.0,0.0,0.0,0.0,0.0,0.0,0.0,0.0,0.0,0.0,0.0,0.0,2.0,0.0,2.0,17.0,66.0,0.0,4.0,2.0,13.0,7.0,1.0,6.0,2.0,7.0,24.0,4.0,21.0
2021-02-10,0.01753565514681486,0.0,11.0,7.0,1.0,4.0,1.0,1.0,8.0,3.0,7.0,5.0,21.0,14.0,1.0,10.0,7.0,9.0,36.0,34.0,36.0,0.0,0.0,0.0,1.0,0.0,0.0,0.0,0.0,0.0,2.0,0.0,2.0,2.0,0.0,0.0,0.0,0.0,2.0,0.0,4.0,43.0,173.0,3.0,10.0,5.0,34.0,23.0,3.0,14.0,8.0,10.0,46.0,37.0,49.0,2.0,4.0,4.0,1.0,0.0,1.0,0.0,7.0,0.0,5.0,6.0,13.0,7.0,1.0,4.0,3.0,7.0,23.0,2.0,21.0,0.0,0.0,0.0,1.0,0.0,0.0,0.0,0.0,0.0,0.0,0.0,0.0,1.0,1.0,0.0,0.0,2.0,1.0,0.0,1.0,24.0,87.0,1.0,6.0,8.0,17.0,12.0,4.0,4.0,4.0,9.0,31.0,2.0,27.0
2021-02-11,-0.0019550795976088367,1.0,18.0,6.0,1.0,2.0,1.0,7.0,12.0,0.0,19.0,12.0,50.0,26.0,8.0,11.0,3.0,23.0,65.0,8.0,69.0,0.0,0.0,0.0,1.0,0.0,0.0,0.0,0.0,0.0,0.0,1.0,7.0,0.0,1.0,0.0,0.0,1.0,0.0,0.0,6.0,67.0,275.0,1.0,16.0,14.0,75.0,32.0,11.0,13.0,4.0,31.0,77.0,8.0,94.0,0.0,11.0,7.0,1.0,4.0,1.0,1.0,8.0,3.0,7.0,5.0,21.0,14.0,1.0,10.0,7.0,9.0,36.0,34.0,36.0,0.0,0.0,0.0,1.0,0.0,0.0,0.0,0.0,0.0,2.0,0.0,2.0,2.0,0.0,0.0,0.0,0.0,2.0,0.0,4.0,43.0,173.0,3.0,10.0,5.0,34.0,23.0,3.0,14.0,8.0,10.0,46.0,37.0,49.0
2021-02-12,0.025122153097808058,12.0,12.0,6.0,3.0,3.0,2.0,4.0,13.0,4.0,21.0,16.0,61.0,24.0,0.0,21.0,8.0,24.0,91.0,8.0,84.0,0.0,1.0,0.0,0.0,0.0,0.0,0.0,1.0,0.0,0.0,0.0,3.0,2.0,0.0,0.0,1.0,3.0,3.0,0.0,1.0,80.0,337.0,2.0,13.0,28.0,77.0,32.0,3.0,24.0,11.0,31.0,108.0,12.0,106.0,1.0,18.0,6.0,1.0,2.0,1.0,7.0,12.0,0.0,19.0,12.0,50.0,26.0,8.0,11.0,3.0,23.0,65.0,8.0,69.0,0.0,0.0,0.0,1.0,0.0,0.0,0.0,0.0,0.0,0.0,1.0,7.0,0.0,1.0,0.0,0.0,1.0,0.0,0.0,6.0,67.0,275.0,1.0,16.0,14.0,75.0,32.0,11.0,13.0,4.0,31.0,77.0,8.0,94.0
2021-02-13,0.0,4.0,11.0,2.0,3.0,0.0,1.0,5.0,11.0,1.0,20.0,6.0,34.0,9.0,4.0,2.0,0.0,10.0,26.0,3.0,51.0,0.0,1.0,0.0,0.0,0.0,0.0,0.0,1.0,0.0,0.0,0.0,2.0,1.0,0.0,1.0,0.0,0.0,2.0,0.0,1.0,58.0,145.0,2.0,7.0,10.0,48.0,12.0,7.0,3.0,1.0,15.0,40.0,4.0,72.0,12.0,12.0,6.0,3.0,3.0,2.0,4.0,13.0,4.0,21.0,16.0,61.0,24.0,0.0,21.0,8.0,24.0,91.0,8.0,84.0,0.0,1.0,0.0,0.0,0.0,0.0,0.0,1.0,0.0,0.0,0.0,3.0,2.0,0.0,0.0,1.0,3.0,3.0,0.0,1.0,80.0,337.0,2.0,13.0,28.0,77.0,32.0,3.0,24.0,11.0,31.0,108.0,12.0,106.0
2021-02-14,0.0,2.0,15.0,0.0,3.0,3.0,2.0,5.0,5.0,0.0,15.0,11.0,33.0,4.0,4.0,5.0,3.0,9.0,26.0,2.0,30.0,0.0,0.0,0.0,1.0,0.0,0.0,0.0,0.0,0.0,0.0,1.0,3.0,1.0,1.0,1.0,0.0,1.0,1.0,0.0,3.0,50.0,127.0,1.0,12.0,14.0,51.0,5.0,9.0,9.0,5.0,15.0,32.0,2.0,48.0,4.0,11.0,2.0,3.0,0.0,1.0,5.0,11.0,1.0,20.0,6.0,34.0,9.0,4.0,2.0,0.0,10.0,26.0,3.0,51.0,0.0,1.0,0.0,0.0,0.0,0.0,0.0,1.0,0.0,0.0,0.0,2.0,1.0,0.0,1.0,0.0,0.0,2.0,0.0,1.0,58.0,145.0,2.0,7.0,10.0,48.0,12.0,7.0,3.0,1.0,15.0,40.0,4.0,72.0
2021-02-15,0.0,6.0,12.0,2.0,1.0,1.0,2.0,1.0,10.0,1.0,14.0,6.0,31.0,5.0,3.0,6.0,6.0,6.0,27.0,1.0,36.0,0.0,1.0,0.0,0.0,0.0,0.0,0.0,1.0,0.0,0.0,1.0,1.0,3.0,0.0,0.0,1.0,1.0,0.0,0.0,2.0,50.0,127.0,2.0,9.0,13.0,45.0,10.0,4.0,7.0,9.0,8.0,38.0,2.0,52.0,2.0,15.0,0.0,3.0,3.0,2.0,5.0,5.0,0.0,15.0,11.0,33.0,4.0,4.0,5.0,3.0,9.0,26.0,2.0,30.0,0.0,0.0,0.0,1.0,0.0,0.0,0.0,0.0,0.0,0.0,1.0,3.0,1.0,1.0,1.0,0.0,1.0,1.0,0.0,3.0,50.0,127.0,1.0,12.0,14.0,51.0,5.0,9.0,9.0,5.0,15.0,32.0,2.0,48.0
2021-02-16,-0.056731984975062766,4.0,6.0,4.0,3.0,3.0,2.0,0.0,3.0,1.0,8.0,5.0,25.0,10.0,1.0,3.0,1.0,4.0,17.0,3.0,19.0,0.0,0.0,1.0,1.0,0.0,0.0,1.0,0.0,0.0,0.0,0.0,4.0,1.0,0.0,0.0,0.0,0.0,3.0,0.0,2.0,34.0,88.0,3.0,10.0,9.0,35.0,16.0,5.0,6.0,3.0,5.0,23.0,4.0,29.0,6.0,12.0,2.0,1.0,1.0,2.0,1.0,10.0,1.0,14.0,6.0,31.0,5.0,3.0,6.0,6.0,6.0,27.0,1.0,36.0,0.0,1.0,0.0,0.0,0.0,0.0,0.0,1.0,0.0,0.0,1.0,1.0,3.0,0.0,0.0,1.0,1.0,0.0,0.0,2.0,50.0,127.0,2.0,9.0,13.0,45.0,10.0,4.0,7.0,9.0,8.0,38.0,2.0,52.0
2021-02-17,-0.07483846810395155,3.0,2.0,2.0,1.0,1.0,1.0,12.0,6.0,0.0,5.0,9.0,27.0,5.0,2.0,6.0,3.0,19.0,27.0,3.0,35.0,0.0,0.0,0.0,0.0,0.0,0.0,0.0,0.0,0.0,0.0,1.0,0.0,0.0,0.0,1.0,1.0,2.0,1.0,0.0,1.0,33.0,136.0,0.0,7.0,13.0,29.0,7.0,3.0,8.0,5.0,33.0,34.0,3.0,41.0,4.0,6.0,4.0,3.0,3.0,2.0,0.0,3.0,1.0,8.0,5.0,25.0,10.0,1.0,3.0,1.0,4.0,17.0,3.0,19.0,0.0,0.0,1.0,1.0,0.0,0.0,1.0,0.0,0.0,0.0,0.0,4.0,1.0,0.0,0.0,0.0,0.0,3.0,0.0,2.0,34.0,88.0,3.0,10.0,9.0,35.0,16.0,5.0,6.0,3.0,5.0,23.0,4.0,29.0
2021-02-18,-0.12135383910429662,19.0,60.0,6.0,1.0,18.0,7.0,30.0,26.0,3.0,30.0,60.0,232.0,38.0,17.0,55.0,31.0,68.0,77.0,30.0,155.0,0.0,1.0,0.0,0.0,0.0,0.0,1.0,1.0,0.0,0.0,3.0,11.0,2.0,0.0,2.0,1.0,3.0,4.0,0.0,4.0,200.0,763.0,3.0,30.0,82.0,304.0,46.0,18.0,75.0,39.0,102.0,108.0,33.0,189.0,3.0,2.0,2.0,1.0,1.0,1.0,12.0,6.0,0.0,5.0,9.0,27.0,5.0,2.0,6.0,3.0,19.0,27.0,3.0,35.0,0.0,0.0,0.0,0.0,0.0,0.0,0.0,0.0,0.0,0.0,1.0,0.0,0.0,0.0,1.0,1.0,2.0,1.0,0.0,1.0,33.0,136.0,0.0,7.0,13.0,29.0,7.0,3.0,8.0,5.0,33.0,34.0,3.0,41.0
2021-02-19,-0.0024605936534568885,9.0,27.0,8.0,1.0,11.0,2.0,7.0,33.0,5.0,33.0,38.0,99.0,34.0,10.0,28.0,9.0,42.0,103.0,15.0,135.0,0.0,0.0,0.0,0.0,2.0,1.0,0.0,0.0,0.0,2.0,1.0,3.0,4.0,0.0,0.0,1.0,4.0,10.0,0.0,8.0,136.0,513.0,5.0,31.0,48.0,129.0,46.0,11.0,41.0,13.0,53.0,146.0,20.0,178.0,19.0,60.0,6.0,1.0,18.0,7.0,30.0,26.0,3.0,30.0,60.0,232.0,38.0,17.0,55.0,31.0,68.0,77.0,30.0,155.0,0.0,1.0,0.0,0.0,0.0,0.0,1.0,1.0,0.0,0.0,3.0,11.0,2.0,0.0,2.0,1.0,3.0,4.0,0.0,4.0,200.0,763.0,3.0,30.0,82.0,304.0,46.0,18.0,75.0,39.0,102.0,108.0,33.0,189.0
2021-02-20,0.0,7.0,21.0,3.0,1.0,1.0,1.0,9.0,13.0,1.0,17.0,14.0,57.0,14.0,6.0,9.0,8.0,24.0,51.0,5.0,70.0,0.0,0.0,0.0,0.0,0.0,1.0,0.0,0.0,0.0,0.0,0.0,6.0,2.0,1.0,0.0,1.0,0.0,6.0,0.0,8.0,74.0,258.0,1.0,24.0,21.0,84.0,19.0,8.0,10.0,11.0,33.0,70.0,6.0,95.0,9.0,27.0,8.0,1.0,11.0,2.0,7.0,33.0,5.0,33.0,38.0,99.0,34.0,10.0,28.0,9.0,42.0,103.0,15.0,135.0,0.0,0.0,0.0,0.0,2.0,1.0,0.0,0.0,0.0,2.0,1.0,3.0,4.0,0.0,0.0,1.0,4.0,10.0,0.0,8.0,136.0,513.0,5.0,31.0,48.0,129.0,46.0,11.0,41.0,13.0,53.0,146.0,20.0,178.0
2021-02-21,0.0,7.0,14.0,4.0,4.0,2.0,1.0,6.0,9.0,2.0,12.0,16.0,51.0,10.0,4.0,15.0,13.0,10.0,28.0,5.0,56.0,0.0,0.0,1.0,0.0,0.0,0.0,0.0,0.0,0.0,0.0,3.0,3.0,1.0,1.0,1.0,0.0,2.0,1.0,0.0,5.0,61.0,208.0,1.0,17.0,26.0,68.0,16.0,9.0,18.0,14.0,18.0,38.0,7.0,73.0,7.0,21.0,3.0,1.0,1.0,1.0,9.0,13.0,1.0,17.0,14.0,57.0,14.0,6.0,9.0,8.0,24.0,51.0,5.0,70.0,0.0,0.0,0.0,0.0,0.0,1.0,0.0,0.0,0.0,0.0,0.0,6.0,2.0,1.0,0.0,1.0,0.0,6.0,0.0,8.0,74.0,258.0,1.0,24.0,21.0,84.0,19.0,8.0,10.0,11.0,33.0,70.0,6.0,95.0
2021-02-22,0.12511966187904028,7.0,14.0,8.0,4.0,7.0,2.0,8.0,19.0,1.0,25.0,32.0,81.0,35.0,3.0,22.0,11.0,14.0,75.0,8.0,105.0,0.0,0.0,0.0,0.0,1.0,0.0,0.0,0.0,0.0,1.0,0.0,2.0,2.0,0.0,4.0,1.0,3.0,4.0,0.0,5.0,95.0,386.0,2.0,21.0,39.0,97.0,45.0,7.0,34.0,14.0,25.0,98.0,9.0,136.0,7.0,14.0,4.0,4.0,2.0,1.0,6.0,9.0,2.0,12.0,16.0,51.0,10.0,4.0,15.0,13.0,10.0,28.0,5.0,56.0,0.0,0.0,1.0,0.0,0.0,0.0,0.0,0.0,0.0,0.0,3.0,3.0,1.0,1.0,1.0,0.0,2.0,1.0,0.0,5.0,61.0,208.0,1.0,17.0,26.0,68.0,16.0,9.0,18.0,14.0,18.0,38.0,7.0,73.0
2021-02-23,-0.02264576856164668,7.0,24.0,5.0,1.0,7.0,3.0,2.0,17.0,1.0,25.0,29.0,80.0,42.0,3.0,22.0,8.0,27.0,76.0,13.0,105.0,0.0,1.0,0.0,0.0,0.0,0.0,0.0,0.0,0.0,0.0,4.0,3.0,6.0,0.0,3.0,1.0,4.0,9.0,0.0,4.0,92.0,405.0,1.0,34.0,40.0,108.0,53.0,4.0,32.0,12.0,33.0,102.0,14.0,134.0,7.0,14.0,8.0,4.0,7.0,2.0,8.0,19.0,1.0,25.0,32.0,81.0,35.0,3.0,22.0,11.0,14.0,75.0,8.0,105.0,0.0,0.0,0.0,0.0,1.0,0.0,0.0,0.0,0.0,1.0,0.0,2.0,2.0,0.0,4.0,1.0,3.0,4.0,0.0,5.0,95.0,386.0,2.0,21.0,39.0,97.0,45.0,7.0,34.0,14.0,25.0,98.0,9.0,136.0
2021-02-24,0.7126357866605526,18.0,30.0,16.0,2.0,19.0,7.0,6.0,32.0,6.0,97.0,70.0,171.0,72.0,14.0,83.0,38.0,36.0,179.0,35.0,313.0,0.0,1.0,0.0,0.0,2.0,0.0,1.0,1.0,0.0,0.0,2.0,7.0,5.0,1.0,2.0,2.0,2.0,18.0,1.0,7.0,233.0,1011.0,5.0,47.0,90.0,209.0,93.0,17.0,106.0,47.0,45.0,230.0,42.0,417.0,7.0,24.0,5.0,1.0,7.0,3.0,2.0,17.0,1.0,25.0,29.0,80.0,42.0,3.0,22.0,8.0,27.0,76.0,13.0,105.0,0.0,1.0,0.0,0.0,0.0,0.0,0.0,0.0,0.0,0.0,4.0,3.0,6.0,0.0,3.0,1.0,4.0,9.0,0.0,4.0,92.0,405.0,1.0,34.0,40.0,108.0,53.0,4.0,32.0,12.0,33.0,102.0,14.0,134.0
2021-02-25,0.17023636129568961,16.0,52.0,18.0,3.0,20.0,9.0,10.0,57.0,7.0,112.0,74.0,264.0,106.0,14.0,74.0,51.0,34.0,295.0,53.0,470.0,0.0,0.0,2.0,0.0,1.0,0.0,0.0,1.0,0.0,0.0,4.0,6.0,5.0,2.0,2.0,3.0,2.0,15.0,2.0,21.0,304.0,1435.0,4.0,62.0,94.0,322.0,131.0,19.0,97.0,63.0,46.0,368.0,62.0,603.0,18.0,30.0,16.0,2.0,19.0,7.0,6.0,32.0,6.0,97.0,70.0,171.0,72.0,14.0,83.0,38.0,36.0,179.0,35.0,313.0,0.0,1.0,0.0,0.0,2.0,0.0,1.0,1.0,0.0,0.0,2.0,7.0,5.0,1.0,2.0,2.0,2.0,18.0,1.0,7.0,233.0,1011.0,5.0,47.0,90.0,209.0,93.0,17.0,106.0,47.0,45.0,230.0,42.0,417.0
2021-02-26,-0.06644725748602932,8.0,40.0,24.0,4.0,15.0,4.0,15.0,51.0,6.0,62.0,24.0,181.0,89.0,10.0,48.0,33.0,33.0,238.0,20.0,297.0,0.0,1.0,3.0,0.0,1.0,0.0,0.0,0.0,0.0,0.0,2.0,9.0,10.0,0.0,4.0,2.0,3.0,12.0,0.0,6.0,229.0,973.0,5.0,48.0,34.0,231.0,126.0,14.0,68.0,39.0,51.0,301.0,26.0,365.0,16.0,52.0,18.0,3.0,20.0,9.0,10.0,57.0,7.0,112.0,74.0,264.0,106.0,14.0,74.0,51.0,34.0,295.0,53.0,470.0,0.0,0.0,2.0,0.0,1.0,0.0,0.0,1.0,0.0,0.0,4.0,6.0,5.0,2.0,2.0,3.0,2.0,15.0,2.0,21.0,304.0,1435.0,4.0,62.0,94.0,322.0,131.0,19.0,97.0,63.0,46.0,368.0,62.0,603.0
2021-02-27,0.0,8.0,25.0,13.0,1.0,4.0,3.0,13.0,21.0,4.0,40.0,17.0,100.0,36.0,6.0,9.0,5.0,17.0,82.0,11.0,128.0,0.0,0.0,1.0,0.0,0.0,0.0,0.0,0.0,1.0,2.0,0.0,1.0,5.0,0.0,1.0,0.0,1.0,12.0,0.0,7.0,132.0,411.0,4.0,27.0,25.0,126.0,55.0,7.0,14.0,8.0,31.0,115.0,16.0,177.0,8.0,40.0,24.0,4.0,15.0,4.0,15.0,51.0,6.0,62.0,24.0,181.0,89.0,10.0,48.0,33.0,33.0,238.0,20.0,297.0,0.0,1.0,3.0,0.0,1.0,0.0,0.0,0.0,0.0,0.0,2.0,9.0,10.0,0.0,4.0,2.0,3.0,12.0,0.0,6.0,229.0,973.0,5.0,48.0,34.0,231.0,126.0,14.0,68.0,39.0,51.0,301.0,26.0,365.0
2021-02-28,0.0,3.0,20.0,9.0,4.0,5.0,2.0,7.0,37.0,2.0,35.0,26.0,94.0,39.0,4.0,11.0,13.0,20.0,133.0,17.0,144.0,0.0,1.0,1.0,0.0,0.0,0.0,0.0,1.0,0.0,0.0,1.0,3.0,4.0,0.0,2.0,0.0,2.0,6.0,0.0,7.0,124.0,501.0,3.0,25.0,30.0,118.0,53.0,8.0,18.0,15.0,29.0,177.0,19.0,186.0,8.0,25.0,13.0,1.0,4.0,3.0,13.0,21.0,4.0,40.0,17.0,100.0,36.0,6.0,9.0,5.0,17.0,82.0,11.0,128.0,0.0,0.0,1.0,0.0,0.0,0.0,0.0,0.0,1.0,2.0,0.0,1.0,5.0,0.0,1.0,0.0,1.0,12.0,0.0,7.0,132.0,411.0,4.0,27.0,25.0,126.0,55.0,7.0,14.0,8.0,31.0,115.0,16.0,177.0
2021-03-01,0.16839902715047234,9.0,21.0,13.0,1.0,6.0,4.0,9.0,13.0,5.0,32.0,30.0,122.0,55.0,7.0,31.0,19.0,14.0,125.0,10.0,185.0,0.0,1.0,1.0,0.0,1.0,0.0,0.0,2.0,0.0,0.0,1.0,5.0,4.0,0.0,0.0,2.0,0.0,7.0,0.0,9.0,113.0,598.0,5.0,28.0,40.0,149.0,73.0,8.0,38.0,25.0,23.0,147.0,15.0,226.0,3.0,20.0,9.0,4.0,5.0,2.0,7.0,37.0,2.0,35.0,26.0,94.0,39.0,4.0,11.0,13.0,20.0,133.0,17.0,144.0,0.0,1.0,1.0,0.0,0.0,0.0,0.0,1.0,0.0,0.0,1.0,3.0,4.0,0.0,2.0,0.0,2.0,6.0,0.0,7.0,124.0,501.0,3.0,25.0,30.0,118.0,53.0,8.0,18.0,15.0,29.0,177.0,19.0,186.0
2021-03-02,-0.01861065704830851,5.0,32.0,12.0,3.0,10.0,1.0,2.0,18.0,5.0,35.0,32.0,141.0,60.0,6.0,40.0,21.0,17.0,139.0,12.0,173.0,0.0,0.0,0.0,0.0,0.0,0.0,1.0,2.0,0.0,0.0,1.0,4.0,3.0,0.0,3.0,3.0,3.0,8.0,0.0,5.0,123.0,641.0,3.0,30.0,38.0,177.0,75.0,9.0,53.0,25.0,23.0,167.0,17.0,213.0,9.0,21.0,13.0,1.0,6.0,4.0,9.0,13.0,5.0,32.0,30.0,122.0,55.0,7.0,31.0,19.0,14.0,125.0,10.0,185.0,0.0,1.0,1.0,0.0,1.0,0.0,0.0,2.0,0.0,0.0,1.0,5.0,4.0,0.0,0.0,2.0,0.0,7.0,0.0,9.0,113.0,598.0,5.0,28.0,40.0,149.0,73.0,8.0,38.0,25.0,23.0,147.0,15.0,226.0
2021-03-03,0.049523239894449594,7.0,43.0,11.0,0.0,7.0,4.0,8.0,18.0,2.0,52.0,35.0,129.0,64.0,7.0,45.0,15.0,18.0,118.0,15.0,192.0,1.0,0.0,0.0,0.0,1.0,0.0,0.0,1.0,0.0,2.0,1.0,5.0,6.0,1.0,3.0,1.0,2.0,4.0,2.0,8.0,152.0,638.0,5.0,33.0,44.0,177.0,81.0,8.0,56.0,20.0,28.0,141.0,19.0,254.0,5.0,32.0,12.0,3.0,10.0,1.0,2.0,18.0,5.0,35.0,32.0,141.0,60.0,6.0,40.0,21.0,17.0,139.0,12.0,173.0,0.0,0.0,0.0,0.0,0.0,0.0,1.0,2.0,0.0,0.0,1.0,4.0,3.0,0.0,3.0,3.0,3.0,8.0,0.0,5.0,123.0,641.0,3.0,30.0,38.0,177.0,75.0,9.0,53.0,25.0,23.0,167.0,17.0,213.0
2021-03-04,0.0637178463953111,1.0,35.0,14.0,5.0,7.0,7.0,5.0,34.0,4.0,50.0,31.0,146.0,50.0,10.0,27.0,24.0,19.0,150.0,11.0,208.0,0.0,2.0,0.0,0.0,0.0,0.0,0.0,0.0,0.0,1.0,3.0,3.0,11.0,1.0,3.0,0.0,2.0,9.0,1.0,5.0,162.0,676.0,3.0,38.0,35.0,186.0,75.0,16.0,37.0,31.0,26.0,193.0,16.0,264.0,7.0,43.0,11.0,0.0,7.0,4.0,8.0,18.0,2.0,52.0,35.0,129.0,64.0,7.0,45.0,15.0,18.0,118.0,15.0,192.0,1.0,0.0,0.0,0.0,1.0,0.0,0.0,1.0,0.0,2.0,1.0,5.0,6.0,1.0,3.0,1.0,2.0,4.0,2.0,8.0,152.0,638.0,5.0,33.0,44.0,177.0,81.0,8.0,56.0,20.0,28.0,141.0,19.0,254.0
2021-03-05,0.039917915207640264,10.0,31.0,13.0,3.0,5.0,3.0,1.0,32.0,4.0,53.0,40.0,146.0,49.0,9.0,26.0,25.0,17.0,133.0,10.0,201.0,0.0,2.0,0.0,0.0,0.0,0.0,0.0,0.0,0.0,2.0,4.0,2.0,6.0,1.0,3.0,2.0,3.0,12.0,0.0,7.0,155.0,656.0,4.0,40.0,54.0,181.0,68.0,13.0,34.0,30.0,21.0,177.0,14.0,263.0,1.0,35.0,14.0,5.0,7.0,7.0,5.0,34.0,4.0,50.0,31.0,146.0,50.0,10.0,27.0,24.0,19.0,150.0,11.0,208.0,0.0,2.0,0.0,0.0,0.0,0.0,0.0,0.0,0.0,1.0,3.0,3.0,11.0,1.0,3.0,0.0,2.0,9.0,1.0,5.0,162.0,676.0,3.0,38.0,35.0,186.0,75.0,16.0,37.0,31.0,26.0,193.0,16.0,264.0
2021-03-06,0.0,6.0,17.0,4.0,0.0,0.0,1.0,4.0,18.0,1.0,32.0,36.0,75.0,17.0,4.0,14.0,8.0,17.0,79.0,7.0,125.0,0.0,0.0,0.0,0.0,0.0,0.0,1.0,1.0,0.0,0.0,6.0,2.0,2.0,3.0,1.0,0.0,2.0,5.0,0.0,11.0,83.0,382.0,2.0,32.0,48.0,94.0,23.0,7.0,15.0,9.0,24.0,103.0,8.0,168.0,10.0,31.0,13.0,3.0,5.0,3.0,1.0,32.0,4.0,53.0,40.0,146.0,49.0,9.0,26.0,25.0,17.0,133.0,10.0,201.0,0.0,2.0,0.0,0.0,0.0,0.0,0.0,0.0,0.0,2.0,4.0,2.0,6.0,1.0,3.0,2.0,3.0,12.0,0.0,7.0,155.0,656.0,4.0,40.0,54.0,181.0,68.0,13.0,34.0,30.0,21.0,177.0,14.0,263.0
2021-03-07,0.0,5.0,12.0,2.0,0.0,2.0,1.0,4.0,13.0,1.0,21.0,20.0,56.0,16.0,8.0,4.0,11.0,18.0,77.0,3.0,99.0,0.0,1.0,0.0,0.0,0.0,0.0,1.0,0.0,0.0,0.0,1.0,2.0,3.0,0.0,0.0,1.0,2.0,3.0,0.0,9.0,61.0,312.0,2.0,21.0,26.0,71.0,21.0,8.0,6.0,13.0,25.0,93.0,4.0,129.0,6.0,17.0,4.0,0.0,0.0,1.0,4.0,18.0,1.0,32.0,36.0,75.0,17.0,4.0,14.0,8.0,17.0,79.0,7.0,125.0,0.0,0.0,0.0,0.0,0.0,0.0,1.0,1.0,0.0,0.0,6.0,2.0,2.0,3.0,1.0,0.0,2.0,5.0,0.0,11.0,83.0,382.0,2.0,32.0,48.0,94.0,23.0,7.0,15.0,9.0,24.0,103.0,8.0,168.0
2021-03-08,0.3450642730612754,7.0,22.0,10.0,0.0,9.0,3.0,1.0,21.0,3.0,27.0,34.0,101.0,36.0,3.0,19.0,16.0,15.0,86.0,11.0,154.0,0.0,0.0,1.0,0.0,1.0,0.0,1.0,0.0,0.0,0.0,1.0,5.0,3.0,1.0,2.0,1.0,1.0,6.0,0.0,7.0,103.0,475.0,3.0,27.0,42.0,128.0,50.0,4.0,31.0,20.0,18.0,113.0,14.0,188.0,5.0,12.0,2.0,0.0,2.0,1.0,4.0,13.0,1.0,21.0,20.0,56.0,16.0,8.0,4.0,11.0,18.0,77.0,3.0,99.0,0.0,1.0,0.0,0.0,0.0,0.0,1.0,0.0,0.0,0.0,1.0,2.0,3.0,0.0,0.0,1.0,2.0,3.0,0.0,9.0,61.0,312.0,2.0,21.0,26.0,71.0,21.0,8.0,6.0,13.0,25.0,93.0,4.0,129.0
2021-03-09,0.23855120857203468,13.0,42.0,15.0,2.0,12.0,5.0,9.0,39.0,5.0,87.0,54.0,197.0,63.0,13.0,51.0,31.0,42.0,187.0,20.0,356.0,0.0,0.0,3.0,0.0,1.0,0.0,0.0,1.0,0.0,2.0,1.0,5.0,8.0,2.0,2.0,4.0,2.0,9.0,1.0,14.0,229.0,1014.0,7.0,48.0,68.0,244.0,89.0,17.0,66.0,40.0,53.0,236.0,26.0,459.0,7.0,22.0,10.0,0.0,9.0,3.0,1.0,21.0,3.0,27.0,34.0,101.0,36.0,3.0,19.0,16.0,15.0,86.0,11.0,154.0,0.0,0.0,1.0,0.0,1.0,0.0,1.0,0.0,0.0,0.0,1.0,5.0,3.0,1.0,2.0,1.0,1.0,6.0,0.0,7.0,103.0,475.0,3.0,27.0,42.0,128.0,50.0,4.0,31.0,20.0,18.0,113.0,14.0,188.0
2021-03-10,0.07074645435568658,12.0,85.0,32.0,2.0,30.0,12.0,19.0,127.0,16.0,193.0,86.0,426.0,159.0,22.0,167.0,59.0,46.0,505.0,59.0,714.0,1.0,1.0,3.0,0.0,0.0,0.0,1.0,0.0,0.0,0.0,2.0,16.0,5.0,0.0,4.0,5.0,6.0,19.0,2.0,28.0,528.0,2243.0,6.0,87.0,101.0,528.0,199.0,24.0,201.0,76.0,72.0,651.0,77.0,935.0,13.0,42.0,15.0,2.0,12.0,5.0,9.0,39.0,5.0,87.0,54.0,197.0,63.0,13.0,51.0,31.0,42.0,187.0,20.0,356.0,0.0,0.0,3.0,0.0,1.0,0.0,0.0,1.0,0.0,2.0,1.0,5.0,8.0,2.0,2.0,4.0,2.0,9.0,1.0,14.0,229.0,1014.0,7.0,48.0,68.0,244.0,89.0,17.0,66.0,40.0,53.0,236.0,26.0,459.0
2021-03-11,-0.019048194970694474,11.0,37.0,32.0,1.0,20.0,6.0,10.0,41.0,4.0,80.0,49.0,213.0,142.0,10.0,84.0,35.0,31.0,242.0,35.0,376.0,0.0,1.0,4.0,1.0,1.0,0.0,0.0,0.0,0.0,2.0,1.0,5.0,15.0,2.0,5.0,5.0,8.0,9.0,1.0,14.0,242.0,1217.0,9.0,65.0,61.0,256.0,193.0,14.0,110.0,46.0,49.0,292.0,40.0,472.0,12.0,85.0,32.0,2.0,30.0,12.0,19.0,127.0,16.0,193.0,86.0,426.0,159.0,22.0,167.0,59.0,46.0,505.0,59.0,714.0,1.0,1.0,3.0,0.0,0.0,0.0,1.0,0.0,0.0,0.0,2.0,16.0,5.0,0.0,4.0,5.0,6.0,19.0,2.0,28.0,528.0,2243.0,6.0,87.0,101.0,528.0,199.0,24.0,201.0,76.0,72.0,651.0,77.0,935.0
2021-03-12,0.017159620282826284,6.0,41.0,16.0,5.0,14.0,7.0,9.0,37.0,3.0,81.0,40.0,197.0,80.0,10.0,73.0,27.0,32.0,166.0,25.0,294.0,0.0,0.0,2.0,0.0,1.0,0.0,0.0,0.0,0.0,1.0,0.0,8.0,7.0,3.0,5.0,2.0,2.0,13.0,2.0,12.0,219.0,944.0,4.0,54.0,46.0,246.0,105.0,18.0,93.0,36.0,43.0,216.0,30.0,388.0,11.0,37.0,32.0,1.0,20.0,6.0,10.0,41.0,4.0,80.0,49.0,213.0,142.0,10.0,84.0,35.0,31.0,242.0,35.0,376.0,0.0,1.0,4.0,1.0,1.0,0.0,0.0,0.0,0.0,2.0,1.0,5.0,15.0,2.0,5.0,5.0,8.0,9.0,1.0,14.0,242.0,1217.0,9.0,65.0,61.0,256.0,193.0,14.0,110.0,46.0,49.0,292.0,40.0,472.0
2021-03-13,0.0,7.0,35.0,5.0,5.0,3.0,5.0,4.0,24.0,1.0,50.0,36.0,126.0,38.0,11.0,22.0,21.0,28.0,128.0,24.0,205.0,0.0,0.0,1.0,0.0,0.0,0.0,0.0,1.0,0.0,0.0,1.0,11.0,5.0,0.0,1.0,0.0,3.0,15.0,0.0,12.0,139.0,639.0,2.0,48.0,44.0,172.0,49.0,16.0,26.0,26.0,35.0,168.0,25.0,267.0,6.0,41.0,16.0,5.0,14.0,7.0,9.0,37.0,3.0,81.0,40.0,197.0,80.0,10.0,73.0,27.0,32.0,166.0,25.0,294.0,0.0,0.0,2.0,0.0,1.0,0.0,0.0,0.0,0.0,1.0,0.0,8.0,7.0,3.0,5.0,2.0,2.0,13.0,2.0,12.0,219.0,944.0,4.0,54.0,46.0,246.0,105.0,18.0,93.0,36.0,43.0,216.0,30.0,388.0
2021-03-14,0.0,14.0,25.0,8.0,3.0,2.0,2.0,11.0,31.0,2.0,66.0,45.0,182.0,35.0,6.0,24.0,13.0,19.0,109.0,15.0,264.0,0.0,0.0,0.0,0.0,0.0,0.0,2.0,0.0,1.0,0.0,2.0,9.0,0.0,3.0,1.0,0.0,3.0,7.0,0.0,13.0,164.0,712.0,3.0,38.0,61.0,216.0,43.0,12.0,27.0,15.0,35.0,147.0,18.0,343.0,7.0,35.0,5.0,5.0,3.0,5.0,4.0,24.0,1.0,50.0,36.0,126.0,38.0,11.0,22.0,21.0,28.0,128.0,24.0,205.0,0.0,0.0,1.0,0.0,0.0,0.0,0.0,1.0,0.0,0.0,1.0,11.0,5.0,0.0,1.0,0.0,3.0,15.0,0.0,12.0,139.0,639.0,2.0,48.0,44.0,172.0,49.0,16.0,26.0,26.0,35.0,168.0,25.0,267.0
2021-03-15,-0.18357754647566926,16.0,49.0,18.0,3.0,29.0,5.0,14.0,51.0,6.0,91.0,61.0,253.0,99.0,10.0,88.0,35.0,40.0,292.0,37.0,340.0,0.0,1.0,3.0,1.0,0.0,0.0,0.0,1.0,0.0,1.0,3.0,8.0,6.0,0.0,5.0,2.0,5.0,16.0,1.0,20.0,282.0,1255.0,7.0,66.0,80.0,311.0,126.0,14.0,122.0,42.0,59.0,360.0,44.0,452.0,14.0,25.0,8.0,3.0,2.0,2.0,11.0,31.0,2.0,66.0,45.0,182.0,35.0,6.0,24.0,13.0,19.0,109.0,15.0,264.0,0.0,0.0,0.0,0.0,0.0,0.0,2.0,0.0,1.0,0.0,2.0,9.0,0.0,3.0,1.0,0.0,3.0,7.0,0.0,13.0,164.0,712.0,3.0,38.0,61.0,216.0,43.0,12.0,27.0,15.0,35.0,147.0,18.0,343.0
2021-03-16,-0.05590866003907613,9.0,75.0,20.0,4.0,31.0,8.0,14.0,64.0,5.0,128.0,59.0,311.0,100.0,12.0,92.0,29.0,56.0,362.0,50.0,458.0,0.0,1.0,3.0,0.0,0.0,0.0,1.0,0.0,0.0,1.0,6.0,13.0,10.0,1.0,1.0,1.0,7.0,10.0,3.0,16.0,358.0,1529.0,6.0,68.0,74.0,400.0,133.0,17.0,124.0,38.0,78.0,436.0,58.0,603.0,16.0,49.0,18.0,3.0,29.0,5.0,14.0,51.0,6.0,91.0,61.0,253.0,99.0,10.0,88.0,35.0,40.0,292.0,37.0,340.0,0.0,1.0,3.0,1.0,0.0,0.0,0.0,1.0,0.0,1.0,3.0,8.0,6.0,0.0,5.0,2.0,5.0,16.0,1.0,20.0,282.0,1255.0,7.0,66.0,80.0,311.0,126.0,14.0,122.0,42.0,59.0,360.0,44.0,452.0
2021-03-17,0.007847302848728518,27.0,52.0,19.0,0.0,17.0,13.0,19.0,39.0,6.0,74.0,142.0,261.0,54.0,19.0,80.0,37.0,64.0,187.0,34.0,289.0,0.0,1.0,1.0,0.0,2.0,0.0,0.0,1.0,0.0,0.0,5.0,9.0,8.0,1.0,4.0,2.0,3.0,10.0,2.0,14.0,266.0,1167.0,5.0,58.0,174.0,323.0,82.0,20.0,103.0,52.0,86.0,237.0,42.0,377.0,9.0,75.0,20.0,4.0,31.0,8.0,14.0,64.0,5.0,128.0,59.0,311.0,100.0,12.0,92.0,29.0,56.0,362.0,50.0,458.0,0.0,1.0,3.0,0.0,0.0,0.0,1.0,0.0,0.0,1.0,6.0,13.0,10.0,1.0,1.0,1.0,7.0,10.0,3.0,16.0,358.0,1529.0,6.0,68.0,74.0,400.0,133.0,17.0,124.0,38.0,78.0,436.0,58.0,603.0
2021-03-18,-0.03917304048227906,30.0,31.0,21.0,3.0,16.0,4.0,11.0,35.0,5.0,87.0,139.0,226.0,85.0,20.0,78.0,35.0,46.0,219.0,34.0,348.0,0.0,0.0,2.0,1.0,1.0,0.0,1.0,0.0,0.0,0.0,9.0,11.0,6.0,0.0,0.0,1.0,4.0,11.0,2.0,20.0,243.0,1230.0,5.0,64.0,178.0,268.0,114.0,24.0,95.0,40.0,62.0,265.0,41.0,455.0,27.0,52.0,19.0,0.0,17.0,13.0,19.0,39.0,6.0,74.0,142.0,261.0,54.0,19.0,80.0,37.0,64.0,187.0,34.0,289.0,0.0,1.0,1.0,0.0,2.0,0.0,0.0,1.0,0.0,0.0,5.0,9.0,8.0,1.0,4.0,2.0,3.0,10.0,2.0,14.0,266.0,1167.0,5.0,58.0,174.0,323.0,82.0,20.0,103.0,52.0,86.0,237.0,42.0,377.0
2021-03-19,-0.0073628296992218,19.0,94.0,25.0,2.0,25.0,14.0,11.0,62.0,8.0,175.0,121.0,387.0,150.0,21.0,142.0,33.0,43.0,302.0,44.0,632.0,0.0,1.0,0.0,0.0,0.0,0.0,0.0,0.0,0.0,2.0,3.0,16.0,7.0,4.0,10.0,2.0,7.0,17.0,1.0,25.0,435.0,1875.0,3.0,92.0,143.0,498.0,182.0,27.0,177.0,49.0,61.0,381.0,53.0,834.0,30.0,31.0,21.0,3.0,16.0,4.0,11.0,35.0,5.0,87.0,139.0,226.0,85.0,20.0,78.0,35.0,46.0,219.0,34.0,348.0,0.0,0.0,2.0,1.0,1.0,0.0,1.0,0.0,0.0,0.0,9.0,11.0,6.0,0.0,0.0,1.0,4.0,11.0,2.0,20.0,243.0,1230.0,5.0,64.0,178.0,268.0,114.0,24.0,95.0,40.0,62.0,265.0,41.0,455.0
2021-03-20,0.0,25.0,49.0,11.0,3.0,6.0,7.0,4.0,17.0,1.0,60.0,88.0,160.0,31.0,16.0,28.0,15.0,27.0,114.0,20.0,195.0,0.0,0.0,0.0,0.0,0.0,0.0,1.0,0.0,0.0,0.0,6.0,8.0,2.0,1.0,1.0,0.0,4.0,4.0,1.0,7.0,183.0,694.0,1.0,34.0,119.0,217.0,44.0,20.0,35.0,22.0,36.0,135.0,22.0,262.0,19.0,94.0,25.0,2.0,25.0,14.0,11.0,62.0,8.0,175.0,121.0,387.0,150.0,21.0,142.0,33.0,43.0,302.0,44.0,632.0,0.0,1.0,0.0,0.0,0.0,0.0,0.0,0.0,0.0,2.0,3.0,16.0,7.0,4.0,10.0,2.0,7.0,17.0,1.0,25.0,435.0,1875.0,3.0,92.0,143.0,498.0,182.0,27.0,177.0,49.0,61.0,381.0,53.0,834.0
2021-03-21,0.0,6.0,40.0,7.0,3.0,7.0,5.0,9.0,22.0,6.0,57.0,51.0,161.0,23.0,20.0,38.0,29.0,51.0,86.0,10.0,227.0,0.0,1.0,0.0,1.0,1.0,0.0,0.0,0.0,0.0,0.0,3.0,6.0,4.0,1.0,0.0,0.0,1.0,3.0,0.0,17.0,162.0,696.0,3.0,35.0,60.0,208.0,34.0,25.0,46.0,34.0,61.0,111.0,16.0,301.0,25.0,49.0,11.0,3.0,6.0,7.0,4.0,17.0,1.0,60.0,88.0,160.0,31.0,16.0,28.0,15.0,27.0,114.0,20.0,195.0,0.0,0.0,0.0,0.0,0.0,0.0,1.0,0.0,0.0,0.0,6.0,8.0,2.0,1.0,1.0,0.0,4.0,4.0,1.0,7.0,183.0,694.0,1.0,34.0,119.0,217.0,44.0,20.0,35.0,22.0,36.0,135.0,22.0,262.0
2021-03-22,-0.02928570135188194,26.0,68.0,11.0,5.0,29.0,4.0,15.0,30.0,4.0,78.0,92.0,248.0,80.0,17.0,100.0,21.0,42.0,161.0,32.0,301.0,1.0,2.0,1.0,0.0,2.0,0.0,1.0,0.0,0.0,0.0,1.0,11.0,7.0,2.0,1.0,2.0,4.0,6.0,1.0,14.0,270.0,1094.0,7.0,49.0,120.0,329.0,99.0,24.0,132.0,27.0,62.0,197.0,37.0,393.0,6.0,40.0,7.0,3.0,7.0,5.0,9.0,22.0,6.0,57.0,51.0,161.0,23.0,20.0,38.0,29.0,51.0,86.0,10.0,227.0,0.0,1.0,0.0,1.0,1.0,0.0,0.0,0.0,0.0,0.0,3.0,6.0,4.0,1.0,0.0,0.0,1.0,3.0,0.0,17.0,162.0,696.0,3.0,35.0,60.0,208.0,34.0,25.0,46.0,34.0,61.0,111.0,16.0,301.0
2021-03-23,-0.06774865968532577,16.0,105.0,19.0,9.0,35.0,17.0,27.0,57.0,17.0,110.0,96.0,431.0,85.0,32.0,135.0,53.0,93.0,265.0,46.0,431.0,0.0,1.0,0.0,1.0,1.0,0.0,3.0,0.0,0.0,0.0,6.0,16.0,4.0,0.0,5.0,3.0,10.0,9.0,1.0,20.0,412.0,1667.0,6.0,74.0,118.0,553.0,108.0,42.0,176.0,73.0,133.0,331.0,64.0,561.0,26.0,68.0,11.0,5.0,29.0,4.0,15.0,30.0,4.0,78.0,92.0,248.0,80.0,17.0,100.0,21.0,42.0,161.0,32.0,301.0,1.0,2.0,1.0,0.0,2.0,0.0,1.0,0.0,0.0,0.0,1.0,11.0,7.0,2.0,1.0,2.0,4.0,6.0,1.0,14.0,270.0,1094.0,7.0,49.0,120.0,329.0,99.0,24.0,132.0,27.0,62.0,197.0,37.0,393.0
2021-03-24,-0.41231107705277953,18.0,104.0,34.0,16.0,40.0,12.0,27.0,111.0,13.0,158.0,109.0,443.0,129.0,41.0,174.0,52.0,100.0,502.0,64.0,610.0,0.0,0.0,1.0,0.0,1.0,0.0,1.0,1.0,0.0,0.0,0.0,13.0,12.0,2.0,8.0,3.0,5.0,19.0,2.0,32.0,533.0,2224.0,4.0,96.0,127.0,560.0,176.0,59.0,223.0,67.0,133.0,633.0,79.0,800.0,16.0,105.0,19.0,9.0,35.0,17.0,27.0,57.0,17.0,110.0,96.0,431.0,85.0,32.0,135.0,53.0,93.0,265.0,46.0,431.0,0.0,1.0,0.0,1.0,1.0,0.0,3.0,0.0,0.0,0.0,6.0,16.0,4.0,0.0,5.0,3.0,10.0,9.0,1.0,20.0,412.0,1667.0,6.0,74.0,118.0,553.0,108.0,42.0,176.0,73.0,133.0,331.0,64.0,561.0
2021-03-25,0.4232550987320968,16.0,92.0,30.0,9.0,36.0,12.0,24.0,69.0,9.0,143.0,79.0,334.0,130.0,27.0,145.0,38.0,88.0,294.0,48.0,573.0,0.0,0.0,4.0,2.0,4.0,0.0,0.0,0.0,0.0,0.0,5.0,13.0,6.0,2.0,9.0,2.0,8.0,9.0,3.0,14.0,440.0,1756.0,10.0,71.0,100.0,439.0,170.0,40.0,194.0,52.0,120.0,372.0,60.0,730.0,18.0,104.0,34.0,16.0,40.0,12.0,27.0,111.0,13.0,158.0,109.0,443.0,129.0,41.0,174.0,52.0,100.0,502.0,64.0,610.0,0.0,0.0,1.0,0.0,1.0,0.0,1.0,1.0,0.0,0.0,0.0,13.0,12.0,2.0,8.0,3.0,5.0,19.0,2.0,32.0,533.0,2224.0,4.0,96.0,127.0,560.0,176.0,59.0,223.0,67.0,133.0,633.0,79.0,800.0
2021-03-26,-0.015079106827120305,21.0,67.0,17.0,3.0,25.0,8.0,19.0,34.0,5.0,95.0,69.0,252.0,90.0,27.0,92.0,47.0,52.0,202.0,36.0,391.0,0.0,0.0,2.0,1.0,2.0,0.0,0.0,0.0,0.0,1.0,2.0,9.0,12.0,1.0,2.0,2.0,4.0,11.0,2.0,14.0,294.0,1258.0,6.0,59.0,92.0,328.0,121.0,32.0,121.0,57.0,75.0,247.0,43.0,501.0,16.0,92.0,30.0,9.0,36.0,12.0,24.0,69.0,9.0,143.0,79.0,334.0,130.0,27.0,145.0,38.0,88.0,294.0,48.0,573.0,0.0,0.0,4.0,2.0,4.0,0.0,0.0,0.0,0.0,0.0,5.0,13.0,6.0,2.0,9.0,2.0,8.0,9.0,3.0,14.0,440.0,1756.0,10.0,71.0,100.0,439.0,170.0,40.0,194.0,52.0,120.0,372.0,60.0,730.0
2021-03-27,0.0,12.0,43.0,8.0,2.0,8.0,2.0,14.0,29.0,4.0,54.0,56.0,154.0,29.0,16.0,28.0,19.0,42.0,102.0,9.0,207.0,0.0,1.0,0.0,1.0,0.0,0.0,0.0,0.0,0.0,0.0,1.0,6.0,3.0,1.0,5.0,0.0,5.0,3.0,0.0,13.0,176.0,662.0,2.0,37.0,69.0,204.0,40.0,20.0,41.0,21.0,61.0,134.0,13.0,274.0,21.0,67.0,17.0,3.0,25.0,8.0,19.0,34.0,5.0,95.0,69.0,252.0,90.0,27.0,92.0,47.0,52.0,202.0,36.0,391.0,0.0,0.0,2.0,1.0,2.0,0.0,0.0,0.0,0.0,1.0,2.0,9.0,12.0,1.0,2.0,2.0,4.0,11.0,2.0,14.0,294.0,1258.0,6.0,59.0,92.0,328.0,121.0,32.0,121.0,57.0,75.0,247.0,43.0,501.0
2021-03-28,0.0,5.0,23.0,3.0,3.0,7.0,1.0,18.0,19.0,5.0,59.0,26.0,108.0,21.0,16.0,28.0,16.0,41.0,62.0,14.0,191.0,0.0,0.0,0.0,1.0,1.0,0.0,0.0,1.0,0.0,0.0,1.0,7.0,3.0,0.0,1.0,1.0,5.0,6.0,1.0,8.0,143.0,523.0,3.0,33.0,32.0,138.0,27.0,20.0,37.0,18.0,64.0,88.0,20.0,258.0,12.0,43.0,8.0,2.0,8.0,2.0,14.0,29.0,4.0,54.0,56.0,154.0,29.0,16.0,28.0,19.0,42.0,102.0,9.0,207.0,0.0,1.0,0.0,1.0,0.0,0.0,0.0,0.0,0.0,0.0,1.0,6.0,3.0,1.0,5.0,0.0,5.0,3.0,0.0,13.0,176.0,662.0,2.0,37.0,69.0,204.0,40.0,20.0,41.0,21.0,61.0,134.0,13.0,274.0
2021-03-29,0.0016561033276205144,9.0,35.0,14.0,4.0,16.0,2.0,18.0,31.0,0.0,54.0,49.0,139.0,48.0,15.0,47.0,15.0,58.0,110.0,27.0,263.0,0.0,0.0,1.0,1.0,2.0,0.0,0.0,0.0,0.0,0.0,1.0,2.0,6.0,1.0,2.0,1.0,5.0,4.0,1.0,8.0,183.0,771.0,4.0,31.0,59.0,176.0,69.0,21.0,67.0,18.0,81.0,145.0,28.0,325.0,5.0,23.0,3.0,3.0,7.0,1.0,18.0,19.0,5.0,59.0,26.0,108.0,21.0,16.0,28.0,16.0,41.0,62.0,14.0,191.0,0.0,0.0,0.0,1.0,1.0,0.0,0.0,1.0,0.0,0.0,1.0,7.0,3.0,0.0,1.0,1.0,5.0,6.0,1.0,8.0,143.0,523.0,3.0,33.0,32.0,138.0,27.0,20.0,37.0,18.0,64.0,88.0,20.0,258.0
2021-03-30,0.07007338631376198,14.0,65.0,12.0,3.0,16.0,4.0,23.0,17.0,7.0,90.0,45.0,157.0,58.0,20.0,54.0,19.0,52.0,109.0,24.0,263.0,0.0,2.0,0.0,1.0,1.0,0.0,2.0,0.0,0.0,0.0,2.0,14.0,8.0,2.0,1.0,2.0,9.0,2.0,0.0,19.0,251.0,801.0,6.0,59.0,61.0,238.0,78.0,26.0,72.0,25.0,86.0,128.0,31.0,372.0,9.0,35.0,14.0,4.0,16.0,2.0,18.0,31.0,0.0,54.0,49.0,139.0,48.0,15.0,47.0,15.0,58.0,110.0,27.0,263.0,0.0,0.0,1.0,1.0,2.0,0.0,0.0,0.0,0.0,0.0,1.0,2.0,6.0,1.0,2.0,1.0,5.0,4.0,1.0,8.0,183.0,771.0,4.0,31.0,59.0,176.0,69.0,21.0,67.0,18.0,81.0,145.0,28.0,325.0
2021-03-31,-0.024150227619788807,12.0,32.0,14.0,4.0,19.0,5.0,18.0,11.0,11.0,51.0,54.0,142.0,61.0,12.0,45.0,24.0,43.0,103.0,17.0,169.0,0.0,0.0,1.0,1.0,1.0,0.0,2.0,0.0,0.0,0.0,3.0,9.0,7.0,1.0,2.0,1.0,9.0,4.0,0.0,8.0,177.0,670.0,5.0,44.0,69.0,183.0,83.0,18.0,67.0,30.0,72.0,118.0,28.0,228.0,14.0,65.0,12.0,3.0,16.0,4.0,23.0,17.0,7.0,90.0,45.0,157.0,58.0,20.0,54.0,19.0,52.0,109.0,24.0,263.0,0.0,2.0,0.0,1.0,1.0,0.0,2.0,0.0,0.0,0.0,2.0,14.0,8.0,2.0,1.0,2.0,9.0,2.0,0.0,19.0,251.0,801.0,6.0,59.0,61.0,238.0,78.0,26.0,72.0,25.0,86.0,128.0,31.0,372.0
2021-04-01,0.008550368695649931,8.0,43.0,10.0,3.0,18.0,6.0,11.0,16.0,5.0,45.0,43.0,145.0,46.0,20.0,63.0,26.0,46.0,101.0,28.0,206.0,1.0,0.0,1.0,1.0,3.0,1.0,0.0,0.0,0.0,0.0,2.0,4.0,12.0,1.0,6.0,2.0,10.0,4.0,1.0,5.0,165.0,724.0,7.0,47.0,54.0,192.0,69.0,25.0,90.0,35.0,67.0,121.0,34.0,256.0,12.0,32.0,14.0,4.0,19.0,5.0,18.0,11.0,11.0,51.0,54.0,142.0,61.0,12.0,45.0,24.0,43.0,103.0,17.0,169.0,0.0,0.0,1.0,1.0,1.0,0.0,2.0,0.0,0.0,0.0,3.0,9.0,7.0,1.0,2.0,1.0,9.0,4.0,0.0,8.0,177.0,670.0,5.0,44.0,69.0,183.0,83.0,18.0,67.0,30.0,72.0,118.0,28.0,228.0
2021-04-02,0.0,8.0,21.0,12.0,0.0,12.0,4.0,13.0,11.0,5.0,52.0,38.0,101.0,24.0,8.0,21.0,7.0,45.0,71.0,14.0,203.0,1.0,0.0,0.0,2.0,1.0,0.0,0.0,0.0,0.0,0.0,1.0,5.0,3.0,3.0,2.0,1.0,7.0,3.0,1.0,10.0,138.0,532.0,4.0,36.0,48.0,127.0,39.0,13.0,36.0,12.0,65.0,85.0,20.0,265.0,8.0,43.0,10.0,3.0,18.0,6.0,11.0,16.0,5.0,45.0,43.0,145.0,46.0,20.0,63.0,26.0,46.0,101.0,28.0,206.0,1.0,0.0,1.0,1.0,3.0,1.0,0.0,0.0,0.0,0.0,2.0,4.0,12.0,1.0,6.0,2.0,10.0,4.0,1.0,5.0,165.0,724.0,7.0,47.0,54.0,192.0,69.0,25.0,90.0,35.0,67.0,121.0,34.0,256.0
2021-04-03,0.0,1.0,22.0,4.0,3.0,13.0,2.0,11.0,7.0,3.0,58.0,22.0,72.0,18.0,9.0,10.0,16.0,25.0,80.0,17.0,161.0,0.0,0.0,0.0,1.0,0.0,0.0,0.0,0.0,0.0,2.0,0.0,4.0,1.0,1.0,1.0,0.0,2.0,2.0,0.0,9.0,124.0,430.0,3.0,20.0,23.0,98.0,23.0,14.0,24.0,18.0,38.0,89.0,20.0,230.0,8.0,21.0,12.0,0.0,12.0,4.0,13.0,11.0,5.0,52.0,38.0,101.0,24.0,8.0,21.0,7.0,45.0,71.0,14.0,203.0,1.0,0.0,0.0,2.0,1.0,0.0,0.0,0.0,0.0,0.0,1.0,5.0,3.0,3.0,2.0,1.0,7.0,3.0,1.0,10.0,138.0,532.0,4.0,36.0,48.0,127.0,39.0,13.0,36.0,12.0,65.0,85.0,20.0,265.0
2021-04-04,0.0,1.0,14.0,2.0,3.0,6.0,2.0,9.0,15.0,2.0,40.0,30.0,84.0,12.0,13.0,15.0,3.0,16.0,63.0,10.0,105.0,0.0,0.0,0.0,1.0,1.0,0.0,0.0,1.0,0.0,0.0,0.0,3.0,5.0,1.0,1.0,0.0,4.0,4.0,1.0,6.0,94.0,351.0,3.0,25.0,31.0,101.0,19.0,18.0,23.0,5.0,29.0,83.0,13.0,151.0,1.0,22.0,4.0,3.0,13.0,2.0,11.0,7.0,3.0,58.0,22.0,72.0,18.0,9.0,10.0,16.0,25.0,80.0,17.0,161.0,0.0,0.0,0.0,1.0,0.0,0.0,0.0,0.0,0.0,2.0,0.0,4.0,1.0,1.0,1.0,0.0,2.0,2.0,0.0,9.0,124.0,430.0,3.0,20.0,23.0,98.0,23.0,14.0,24.0,18.0,38.0,89.0,20.0,230.0
2021-04-05,-0.02378547688387186,2.0,128.0,7.0,11.0,30.0,4.0,12.0,33.0,14.0,176.0,18.0,399.0,24.0,39.0,64.0,22.0,47.0,116.0,41.0,423.0,0.0,4.0,0.0,1.0,0.0,0.0,1.0,0.0,0.0,0.0,0.0,14.0,3.0,2.0,4.0,0.0,6.0,10.0,1.0,17.0,417.0,1193.0,6.0,57.0,20.0,545.0,34.0,53.0,98.0,26.0,66.0,159.0,56.0,616.0,1.0,14.0,2.0,3.0,6.0,2.0,9.0,15.0,2.0,40.0,30.0,84.0,12.0,13.0,15.0,3.0,16.0,63.0,10.0,105.0,0.0,0.0,0.0,1.0,1.0,0.0,0.0,1.0,0.0,0.0,0.0,3.0,5.0,1.0,1.0,0.0,4.0,4.0,1.0,6.0,94.0,351.0,3.0,25.0,31.0,101.0,19.0,18.0,23.0,5.0,29.0,83.0,13.0,151.0
2021-04-06,-0.013191721618615527,1.0,11.0,3.0,4.0,2.0,1.0,1.0,2.0,2.0,17.0,3.0,72.0,4.0,13.0,10.0,4.0,9.0,7.0,7.0,43.0,0.0,0.0,0.0,1.0,0.0,0.0,0.0,0.0,0.0,0.0,0.0,0.0,2.0,1.0,1.0,0.0,1.0,0.0,1.0,3.0,44.0,172.0,1.0,9.0,4.0,83.0,9.0,19.0,13.0,5.0,11.0,9.0,10.0,63.0,2.0,128.0,7.0,11.0,30.0,4.0,12.0,33.0,14.0,176.0,18.0,399.0,24.0,39.0,64.0,22.0,47.0,116.0,41.0,423.0,0.0,4.0,0.0,1.0,0.0,0.0,1.0,0.0,0.0,0.0,0.0,14.0,3.0,2.0,4.0,0.0,6.0,10.0,1.0,17.0,417.0,1193.0,6.0,57.0,20.0,545.0,34.0,53.0,98.0,26.0,66.0,159.0,56.0,616.0
2021-04-07,-0.03603445985964885,2.0,4.0,4.0,0.0,0.0,0.0,1.0,0.0,0.0,6.0,3.0,16.0,6.0,4.0,10.0,1.0,12.0,7.0,2.0,26.0,0.0,0.0,0.0,1.0,0.0,0.0,0.0,0.0,0.0,0.0,0.0,0.0,2.0,0.0,0.0,0.0,0.0,0.0,0.0,2.0,17.0,87.0,1.0,4.0,5.0,20.0,12.0,5.0,10.0,1.0,13.0,7.0,2.0,34.0,1.0,11.0,3.0,4.0,2.0,1.0,1.0,2.0,2.0,17.0,3.0,72.0,4.0,13.0,10.0,4.0,9.0,7.0,7.0,43.0,0.0,0.0,0.0,1.0,0.0,0.0,0.0,0.0,0.0,0.0,0.0,0.0,2.0,1.0,1.0,0.0,1.0,0.0,1.0,3.0,44.0,172.0,1.0,9.0,4.0,83.0,9.0,19.0,13.0,5.0,11.0,9.0,10.0,63.0
2021-04-08,-0.04428835542840827,6.0,11.0,0.0,2.0,9.0,0.0,3.0,5.0,2.0,5.0,23.0,23.0,1.0,5.0,8.0,0.0,16.0,19.0,2.0,19.0,0.0,0.0,0.0,1.0,1.0,0.0,0.0,0.0,0.0,0.0,1.0,0.0,4.0,3.0,2.0,0.0,2.0,1.0,0.0,0.0,43.0,116.0,2.0,13.0,30.0,34.0,5.0,11.0,20.0,0.0,21.0,25.0,4.0,24.0,2.0,4.0,4.0,0.0,0.0,0.0,1.0,0.0,0.0,6.0,3.0,16.0,6.0,4.0,10.0,1.0,12.0,7.0,2.0,26.0,0.0,0.0,0.0,1.0,0.0,0.0,0.0,0.0,0.0,0.0,0.0,0.0,2.0,0.0,0.0,0.0,0.0,0.0,0.0,2.0,17.0,87.0,1.0,4.0,5.0,20.0,12.0,5.0,10.0,1.0,13.0,7.0,2.0,34.0
2021-04-09,-0.07245572210039196,4.0,3.0,3.0,0.0,5.0,0.0,4.0,4.0,2.0,8.0,20.0,25.0,2.0,4.0,13.0,4.0,10.0,22.0,11.0,31.0,0.0,0.0,0.0,1.0,0.0,0.0,0.0,0.0,0.0,0.0,1.0,1.0,1.0,1.0,3.0,0.0,6.0,0.0,1.0,1.0,33.0,142.0,1.0,15.0,25.0,29.0,6.0,6.0,21.0,4.0,20.0,26.0,14.0,40.0,6.0,11.0,0.0,2.0,9.0,0.0,3.0,5.0,2.0,5.0,23.0,23.0,1.0,5.0,8.0,0.0,16.0,19.0,2.0,19.0,0.0,0.0,0.0,1.0,1.0,0.0,0.0,0.0,0.0,0.0,1.0,0.0,4.0,3.0,2.0,0.0,2.0,1.0,0.0,0.0,43.0,116.0,2.0,13.0,30.0,34.0,5.0,11.0,20.0,0.0,21.0,25.0,4.0,24.0
2021-04-10,0.0,1.0,3.0,1.0,1.0,0.0,0.0,3.0,1.0,1.0,7.0,5.0,9.0,5.0,1.0,4.0,1.0,10.0,4.0,1.0,14.0,0.0,0.0,0.0,1.0,1.0,0.0,0.0,0.0,0.0,0.0,0.0,0.0,1.0,0.0,0.0,0.0,0.0,0.0,0.0,1.0,18.0,54.0,2.0,2.0,6.0,12.0,7.0,3.0,5.0,1.0,13.0,5.0,2.0,22.0,4.0,3.0,3.0,0.0,5.0,0.0,4.0,4.0,2.0,8.0,20.0,25.0,2.0,4.0,13.0,4.0,10.0,22.0,11.0,31.0,0.0,0.0,0.0,1.0,0.0,0.0,0.0,0.0,0.0,0.0,1.0,1.0,1.0,1.0,3.0,0.0,6.0,0.0,1.0,1.0,33.0,142.0,1.0,15.0,25.0,29.0,6.0,6.0,21.0,4.0,20.0,26.0,14.0,40.0
2021-04-11,0.0,1.0,7.0,0.0,0.0,0.0,0.0,1.0,3.0,1.0,5.0,4.0,12.0,0.0,3.0,3.0,2.0,4.0,15.0,3.0,21.0,0.0,0.0,0.0,0.0,1.0,0.0,0.0,0.0,0.0,0.0,1.0,1.0,0.0,0.0,1.0,0.0,1.0,1.0,0.0,1.0,18.0,67.0,1.0,6.0,6.0,20.0,0.0,3.0,5.0,2.0,6.0,19.0,4.0,27.0,1.0,3.0,1.0,1.0,0.0,0.0,3.0,1.0,1.0,7.0,5.0,9.0,5.0,1.0,4.0,1.0,10.0,4.0,1.0,14.0,0.0,0.0,0.0,1.0,1.0,0.0,0.0,0.0,0.0,0.0,0.0,0.0,1.0,0.0,0.0,0.0,0.0,0.0,0.0,1.0,18.0,54.0,2.0,2.0,6.0,12.0,7.0,3.0,5.0,1.0,13.0,5.0,2.0,22.0
2021-04-12,-0.11547296742290604,1.0,4.0,3.0,0.0,6.0,1.0,3.0,3.0,2.0,9.0,14.0,22.0,5.0,3.0,21.0,7.0,6.0,31.0,6.0,34.0,0.0,0.0,0.0,1.0,0.0,0.0,0.0,0.0,0.0,0.0,0.0,3.0,0.0,1.0,0.0,0.0,0.0,1.0,0.0,0.0,32.0,149.0,1.0,5.0,15.0,29.0,8.0,5.0,27.0,8.0,9.0,35.0,8.0,43.0,1.0,7.0,0.0,0.0,0.0,0.0,1.0,3.0,1.0,5.0,4.0,12.0,0.0,3.0,3.0,2.0,4.0,15.0,3.0,21.0,0.0,0.0,0.0,0.0,1.0,0.0,0.0,0.0,0.0,0.0,1.0,1.0,0.0,0.0,1.0,0.0,1.0,1.0,0.0,1.0,18.0,67.0,1.0,6.0,6.0,20.0,0.0,3.0,5.0,2.0,6.0,19.0,4.0,27.0
2021-04-13,-0.0007089538305840706,3.0,6.0,3.0,1.0,3.0,0.0,4.0,3.0,0.0,9.0,10.0,20.0,4.0,5.0,7.0,1.0,5.0,18.0,7.0,25.0,0.0,0.0,0.0,1.0,0.0,0.0,0.0,0.0,0.0,0.0,0.0,0.0,1.0,0.0,1.0,0.0,0.0,1.0,0.0,2.0,32.0,102.0,1.0,5.0,13.0,26.0,8.0,7.0,11.0,1.0,9.0,22.0,7.0,36.0,1.0,4.0,3.0,0.0,6.0,1.0,3.0,3.0,2.0,9.0,14.0,22.0,5.0,3.0,21.0,7.0,6.0,31.0,6.0,34.0,0.0,0.0,0.0,1.0,0.0,0.0,0.0,0.0,0.0,0.0,0.0,3.0,0.0,1.0,0.0,0.0,0.0,1.0,0.0,0.0,32.0,149.0,1.0,5.0,15.0,29.0,8.0,5.0,27.0,8.0,9.0,35.0,8.0,43.0
2021-04-14,0.16648646120130753,1.0,4.0,2.0,1.0,3.0,0.0,4.0,5.0,3.0,13.0,7.0,32.0,6.0,4.0,4.0,6.0,13.0,20.0,7.0,25.0,0.0,0.0,0.0,1.0,0.0,0.0,0.0,0.0,0.0,0.0,0.0,1.0,1.0,0.0,1.0,0.0,1.0,1.0,0.0,2.0,36.0,124.0,1.0,7.0,8.0,37.0,9.0,6.0,8.0,6.0,18.0,26.0,10.0,40.0,3.0,6.0,3.0,1.0,3.0,0.0,4.0,3.0,0.0,9.0,10.0,20.0,4.0,5.0,7.0,1.0,5.0,18.0,7.0,25.0,0.0,0.0,0.0,1.0,0.0,0.0,0.0,0.0,0.0,0.0,0.0,0.0,1.0,0.0,1.0,0.0,0.0,1.0,0.0,2.0,32.0,102.0,1.0,5.0,13.0,26.0,8.0,7.0,11.0,1.0,9.0,22.0,7.0,36.0
2021-04-15,-0.06250290054661377,0.0,3.0,2.0,0.0,2.0,0.0,3.0,6.0,0.0,14.0,8.0,14.0,5.0,4.0,9.0,0.0,3.0,20.0,4.0,28.0,0.0,0.0,0.0,1.0,0.0,0.0,0.0,0.0,0.0,0.0,1.0,2.0,1.0,0.0,1.0,0.0,1.0,4.0,1.0,1.0,30.0,95.0,1.0,12.0,9.0,19.0,8.0,5.0,12.0,0.0,7.0,30.0,5.0,43.0,1.0,4.0,2.0,1.0,3.0,0.0,4.0,5.0,3.0,13.0,7.0,32.0,6.0,4.0,4.0,6.0,13.0,20.0,7.0,25.0,0.0,0.0,0.0,1.0,0.0,0.0,0.0,0.0,0.0,0.0,0.0,1.0,1.0,0.0,1.0,0.0,1.0,1.0,0.0,2.0,36.0,124.0,1.0,7.0,8.0,37.0,9.0,6.0,8.0,6.0,18.0,26.0,10.0,40.0
2021-04-16,-0.011249435462189676,0.0,12.0,5.0,0.0,3.0,0.0,2.0,3.0,1.0,6.0,7.0,19.0,5.0,3.0,11.0,0.0,6.0,12.0,7.0,34.0,0.0,0.0,0.0,0.0,1.0,0.0,0.0,0.0,0.0,0.0,1.0,0.0,0.0,0.0,0.0,0.0,0.0,0.0,0.0,2.0,32.0,104.0,1.0,3.0,8.0,31.0,10.0,3.0,15.0,0.0,8.0,15.0,8.0,42.0,0.0,3.0,2.0,0.0,2.0,0.0,3.0,6.0,0.0,14.0,8.0,14.0,5.0,4.0,9.0,0.0,3.0,20.0,4.0,28.0,0.0,0.0,0.0,1.0,0.0,0.0,0.0,0.0,0.0,0.0,1.0,2.0,1.0,0.0,1.0,0.0,1.0,4.0,1.0,1.0,30.0,95.0,1.0,12.0,9.0,19.0,8.0,5.0,12.0,0.0,7.0,30.0,5.0,43.0
2021-04-17,0.0,1.0,3.0,0.0,1.0,3.0,1.0,4.0,5.0,1.0,8.0,6.0,30.0,2.0,2.0,5.0,0.0,0.0,4.0,0.0,25.0,0.0,0.0,0.0,0.0,0.0,0.0,0.0,0.0,0.0,1.0,0.0,1.0,1.0,1.0,0.0,0.0,0.0,0.0,0.0,1.0,27.0,74.0,1.0,4.0,7.0,34.0,3.0,4.0,8.0,1.0,4.0,9.0,1.0,35.0,0.0,12.0,5.0,0.0,3.0,0.0,2.0,3.0,1.0,6.0,7.0,19.0,5.0,3.0,11.0,0.0,6.0,12.0,7.0,34.0,0.0,0.0,0.0,0.0,1.0,0.0,0.0,0.0,0.0,0.0,1.0,0.0,0.0,0.0,0.0,0.0,0.0,0.0,0.0,2.0,32.0,104.0,1.0,3.0,8.0,31.0,10.0,3.0,15.0,0.0,8.0,15.0,8.0,42.0
2021-04-18,0.0,3.0,6.0,0.0,1.0,1.0,1.0,2.0,0.0,0.0,5.0,7.0,10.0,3.0,1.0,1.0,1.0,3.0,11.0,2.0,15.0,0.0,0.0,0.0,0.0,0.0,0.0,0.0,0.0,0.0,0.0,0.0,1.0,0.0,0.0,0.0,0.0,0.0,0.0,0.0,2.0,19.0,54.0,0.0,3.0,10.0,17.0,3.0,2.0,2.0,2.0,5.0,11.0,2.0,22.0,1.0,3.0,0.0,1.0,3.0,1.0,4.0,5.0,1.0,8.0,6.0,30.0,2.0,2.0,5.0,0.0,0.0,4.0,0.0,25.0,0.0,0.0,0.0,0.0,0.0,0.0,0.0,0.0,0.0,1.0,0.0,1.0,1.0,1.0,0.0,0.0,0.0,0.0,0.0,1.0,27.0,74.0,1.0,4.0,7.0,34.0,3.0,4.0,8.0,1.0,4.0,9.0,1.0,35.0
2021-04-19,0.06069682448106026,1.0,9.0,1.0,0.0,0.0,0.0,0.0,6.0,2.0,8.0,12.0,14.0,1.0,1.0,4.0,4.0,6.0,18.0,3.0,27.0,0.0,0.0,0.0,0.0,0.0,0.0,0.0,0.0,0.0,0.0,0.0,1.0,1.0,1.0,0.0,0.0,1.0,0.0,0.0,1.0,27.0,90.0,0.0,5.0,13.0,24.0,3.0,2.0,4.0,4.0,7.0,24.0,5.0,36.0,3.0,6.0,0.0,1.0,1.0,1.0,2.0,0.0,0.0,5.0,7.0,10.0,3.0,1.0,1.0,1.0,3.0,11.0,2.0,15.0,0.0,0.0,0.0,0.0,0.0,0.0,0.0,0.0,0.0,0.0,0.0,1.0,0.0,0.0,0.0,0.0,0.0,0.0,0.0,2.0,19.0,54.0,0.0,3.0,10.0,17.0,3.0,2.0,2.0,2.0,5.0,11.0,2.0,22.0
2021-04-20,-0.03617611235721001,1.0,9.0,0.0,1.0,1.0,0.0,2.0,3.0,1.0,9.0,8.0,16.0,5.0,1.0,2.0,1.0,5.0,16.0,5.0,23.0,0.0,0.0,0.0,0.0,0.0,0.0,0.0,0.0,0.0,0.0,0.0,1.0,1.0,1.0,0.0,0.0,0.0,0.0,0.0,0.0,27.0,82.0,0.0,3.0,9.0,26.0,6.0,3.0,3.0,1.0,7.0,19.0,6.0,32.0,1.0,9.0,1.0,0.0,0.0,0.0,0.0,6.0,2.0,8.0,12.0,14.0,1.0,1.0,4.0,4.0,6.0,18.0,3.0,27.0,0.0,0.0,0.0,0.0,0.0,0.0,0.0,0.0,0.0,0.0,0.0,1.0,1.0,1.0,0.0,0.0,1.0,0.0,0.0,1.0,27.0,90.0,0.0,5.0,13.0,24.0,3.0,2.0,4.0,4.0,7.0,24.0,5.0,36.0
2021-04-21,-0.00012619400019626937,6.0,2.0,2.0,0.0,5.0,0.0,0.0,5.0,0.0,14.0,8.0,17.0,6.0,4.0,5.0,0.0,5.0,15.0,5.0,26.0,0.0,0.0,0.0,0.0,0.0,0.0,1.0,0.0,0.0,0.0,0.0,0.0,0.0,1.0,0.0,0.0,0.0,0.0,0.0,1.0,34.0,91.0,1.0,2.0,14.0,19.0,8.0,5.0,10.0,0.0,6.0,20.0,5.0,41.0,1.0,9.0,0.0,1.0,1.0,0.0,2.0,3.0,1.0,9.0,8.0,16.0,5.0,1.0,2.0,1.0,5.0,16.0,5.0,23.0,0.0,0.0,0.0,0.0,0.0,0.0,0.0,0.0,0.0,0.0,0.0,1.0,1.0,1.0,0.0,0.0,0.0,0.0,0.0,0.0,27.0,82.0,0.0,3.0,9.0,26.0,6.0,3.0,3.0,1.0,7.0,19.0,6.0,32.0
2021-04-22,-0.04741262890673755,4.0,6.0,4.0,0.0,7.0,1.0,3.0,6.0,0.0,13.0,4.0,19.0,11.0,5.0,6.0,1.0,8.0,20.0,5.0,36.0,0.0,0.0,0.0,0.0,0.0,0.0,0.0,0.0,0.0,0.0,0.0,0.0,1.0,1.0,0.0,0.0,2.0,0.0,0.0,0.0,44.0,115.0,0.0,4.0,8.0,25.0,16.0,6.0,13.0,2.0,13.0,26.0,5.0,49.0,6.0,2.0,2.0,0.0,5.0,0.0,0.0,5.0,0.0,14.0,8.0,17.0,6.0,4.0,5.0,0.0,5.0,15.0,5.0,26.0,0.0,0.0,0.0,0.0,0.0,0.0,1.0,0.0,0.0,0.0,0.0,0.0,0.0,1.0,0.0,0.0,0.0,0.0,0.0,1.0,34.0,91.0,1.0,2.0,14.0,19.0,8.0,5.0,10.0,0.0,6.0,20.0,5.0,41.0
2021-04-23,6.61121689580103e-05,8.0,11.0,2.0,4.0,7.0,0.0,4.0,6.0,0.0,19.0,24.0,25.0,5.0,7.0,11.0,3.0,10.0,15.0,5.0,36.0,0.0,0.0,0.0,0.0,0.0,0.0,0.0,0.0,0.0,0.0,2.0,2.0,0.0,2.0,3.0,0.0,0.0,1.0,0.0,0.0,61.0,141.0,0.0,10.0,34.0,38.0,7.0,13.0,21.0,3.0,14.0,22.0,5.0,55.0,4.0,6.0,4.0,0.0,7.0,1.0,3.0,6.0,0.0,13.0,4.0,19.0,11.0,5.0,6.0,1.0,8.0,20.0,5.0,36.0,0.0,0.0,0.0,0.0,0.0,0.0,0.0,0.0,0.0,0.0,0.0,0.0,1.0,1.0,0.0,0.0,2.0,0.0,0.0,0.0,44.0,115.0,0.0,4.0,8.0,25.0,16.0,6.0,13.0,2.0,13.0,26.0,5.0,49.0
2021-04-24,0.0,4.0,6.0,0.0,0.0,2.0,0.0,2.0,3.0,0.0,5.0,12.0,15.0,3.0,6.0,3.0,1.0,11.0,6.0,1.0,25.0,0.0,0.0,0.0,0.0,0.0,0.0,0.0,0.0,0.0,0.0,0.0,1.0,0.0,1.0,0.0,0.0,0.0,0.0,0.0,0.0,22.0,83.0,0.0,2.0,16.0,22.0,3.0,7.0,5.0,1.0,13.0,9.0,1.0,30.0,8.0,11.0,2.0,4.0,7.0,0.0,4.0,6.0,0.0,19.0,24.0,25.0,5.0,7.0,11.0,3.0,10.0,15.0,5.0,36.0,0.0,0.0,0.0,0.0,0.0,0.0,0.0,0.0,0.0,0.0,2.0,2.0,0.0,2.0,3.0,0.0,0.0,1.0,0.0,0.0,61.0,141.0,0.0,10.0,34.0,38.0,7.0,13.0,21.0,3.0,14.0,22.0,5.0,55.0
2021-04-25,0.0,5.0,5.0,2.0,2.0,3.0,2.0,1.0,6.0,1.0,8.0,6.0,13.0,1.0,3.0,3.0,2.0,1.0,16.0,2.0,18.0,0.0,0.0,0.0,0.0,0.0,0.0,0.0,0.0,0.0,0.0,0.0,0.0,0.0,1.0,0.0,0.0,0.0,0.0,0.0,2.0,35.0,65.0,0.0,3.0,11.0,18.0,3.0,6.0,6.0,4.0,2.0,22.0,3.0,28.0,4.0,6.0,0.0,0.0,2.0,0.0,2.0,3.0,0.0,5.0,12.0,15.0,3.0,6.0,3.0,1.0,11.0,6.0,1.0,25.0,0.0,0.0,0.0,0.0,0.0,0.0,0.0,0.0,0.0,0.0,0.0,1.0,0.0,1.0,0.0,0.0,0.0,0.0,0.0,0.0,22.0,83.0,0.0,2.0,16.0,22.0,3.0,7.0,5.0,1.0,13.0,9.0,1.0,30.0
2021-04-26,0.11101325316108407,14.0,8.0,5.0,0.0,12.0,0.0,4.0,7.0,0.0,12.0,32.0,24.0,9.0,5.0,14.0,10.0,4.0,19.0,4.0,36.0,0.0,0.0,0.0,0.0,0.0,0.0,0.0,0.0,0.0,0.0,2.0,1.0,0.0,1.0,0.0,0.0,0.0,0.0,0.0,1.0,62.0,157.0,0.0,5.0,48.0,33.0,14.0,6.0,26.0,10.0,8.0,26.0,4.0,49.0,5.0,5.0,2.0,2.0,3.0,2.0,1.0,6.0,1.0,8.0,6.0,13.0,1.0,3.0,3.0,2.0,1.0,16.0,2.0,18.0,0.0,0.0,0.0,0.0,0.0,0.0,0.0,0.0,0.0,0.0,0.0,0.0,0.0,1.0,0.0,0.0,0.0,0.0,0.0,2.0,35.0,65.0,0.0,3.0,11.0,18.0,3.0,6.0,6.0,4.0,2.0,22.0,3.0,28.0
2021-04-27,0.051006219390133015,7.0,4.0,2.0,3.0,6.0,2.0,3.0,5.0,1.0,24.0,22.0,17.0,4.0,2.0,10.0,7.0,6.0,24.0,5.0,36.0,0.0,0.0,1.0,0.0,0.0,0.0,0.0,0.0,0.0,0.0,0.0,0.0,1.0,1.0,1.0,0.0,1.0,2.0,0.0,3.0,57.0,133.0,1.0,9.0,29.0,21.0,8.0,6.0,17.0,9.0,10.0,31.0,6.0,63.0,14.0,8.0,5.0,0.0,12.0,0.0,4.0,7.0,0.0,12.0,32.0,24.0,9.0,5.0,14.0,10.0,4.0,19.0,4.0,36.0,0.0,0.0,0.0,0.0,0.0,0.0,0.0,0.0,0.0,0.0,2.0,1.0,0.0,1.0,0.0,0.0,0.0,0.0,0.0,1.0,62.0,157.0,0.0,5.0,48.0,33.0,14.0,6.0,26.0,10.0,8.0,26.0,4.0,49.0
2021-04-28,0.00454608637424639,9.0,11.0,1.0,0.0,3.0,2.0,4.0,14.0,4.0,8.0,21.0,22.0,6.0,4.0,4.0,2.0,6.0,18.0,5.0,20.0,0.0,0.0,0.0,0.0,0.0,0.0,0.0,0.0,0.0,0.0,1.0,1.0,2.0,1.0,0.0,0.0,0.0,0.0,0.0,3.0,56.0,108.0,0.0,8.0,31.0,34.0,9.0,5.0,7.0,4.0,10.0,32.0,9.0,31.0,7.0,4.0,2.0,3.0,6.0,2.0,3.0,5.0,1.0,24.0,22.0,17.0,4.0,2.0,10.0,7.0,6.0,24.0,5.0,36.0,0.0,0.0,1.0,0.0,0.0,0.0,0.0,0.0,0.0,0.0,0.0,0.0,1.0,1.0,1.0,0.0,1.0,2.0,0.0,3.0,57.0,133.0,1.0,9.0,29.0,21.0,8.0,6.0,17.0,9.0,10.0,31.0,6.0,63.0
2021-04-29,-0.013473718283279212,21.0,9.0,10.0,4.0,10.0,0.0,3.0,5.0,1.0,11.0,23.0,20.0,6.0,1.0,13.0,1.0,6.0,13.0,3.0,38.0,0.0,0.0,0.0,0.0,0.0,0.0,0.0,0.0,0.0,0.0,1.0,3.0,0.0,1.0,2.0,0.0,0.0,1.0,0.0,0.0,74.0,124.0,0.0,8.0,45.0,32.0,16.0,6.0,25.0,1.0,9.0,19.0,4.0,49.0,9.0,11.0,1.0,0.0,3.0,2.0,4.0,14.0,4.0,8.0,21.0,22.0,6.0,4.0,4.0,2.0,6.0,18.0,5.0,20.0,0.0,0.0,0.0,0.0,0.0,0.0,0.0,0.0,0.0,0.0,1.0,1.0,2.0,1.0,0.0,0.0,0.0,0.0,0.0,3.0,56.0,108.0,0.0,8.0,31.0,34.0,9.0,5.0,7.0,4.0,10.0,32.0,9.0,31.0
2021-04-30,-0.01486679627506295,7.0,6.0,2.0,1.0,2.0,0.0,6.0,10.0,0.0,10.0,16.0,26.0,5.0,6.0,11.0,0.0,6.0,17.0,4.0,28.0,0.0,0.0,0.0,0.0,0.0,0.0,0.0,0.0,0.0,0.0,0.0,0.0,0.0,1.0,2.0,0.0,1.0,0.0,0.0,0.0,44.0,119.0,0.0,4.0,23.0,32.0,7.0,8.0,15.0,0.0,13.0,27.0,4.0,38.0,21.0,9.0,10.0,4.0,10.0,0.0,3.0,5.0,1.0,11.0,23.0,20.0,6.0,1.0,13.0,1.0,6.0,13.0,3.0,38.0,0.0,0.0,0.0,0.0,0.0,0.0,0.0,0.0,0.0,0.0,1.0,3.0,0.0,1.0,2.0,0.0,0.0,1.0,0.0,0.0,74.0,124.0,0.0,8.0,45.0,32.0,16.0,6.0,25.0,1.0,9.0,19.0,4.0,49.0
2021-05-01,0.0,3.0,6.0,1.0,0.0,1.0,2.0,0.0,4.0,1.0,13.0,6.0,13.0,3.0,1.0,3.0,1.0,9.0,17.0,4.0,17.0,0.0,0.0,0.0,0.0,0.0,0.0,0.0,0.0,0.0,0.0,0.0,1.0,0.0,1.0,0.0,0.0,1.0,1.0,0.0,2.0,31.0,74.0,0.0,6.0,9.0,20.0,4.0,2.0,4.0,3.0,10.0,22.0,5.0,32.0,7.0,6.0,2.0,1.0,2.0,0.0,6.0,10.0,0.0,10.0,16.0,26.0,5.0,6.0,11.0,0.0,6.0,17.0,4.0,28.0,0.0,0.0,0.0,0.0,0.0,0.0,0.0,0.0,0.0,0.0,0.0,0.0,0.0,1.0,2.0,0.0,1.0,0.0,0.0,0.0,44.0,119.0,0.0,4.0,23.0,32.0,7.0,8.0,15.0,0.0,13.0,27.0,4.0,38.0
2021-05-02,0.0,5.0,4.0,0.0,1.0,1.0,0.0,2.0,3.0,0.0,9.0,11.0,16.0,2.0,5.0,5.0,2.0,10.0,7.0,1.0,15.0,0.0,0.0,0.0,0.0,0.0,0.0,0.0,0.0,0.0,0.0,0.0,0.0,1.0,0.0,0.0,0.0,0.0,0.0,0.0,0.0,25.0,74.0,0.0,1.0,16.0,20.0,3.0,6.0,6.0,2.0,12.0,10.0,1.0,24.0,3.0,6.0,1.0,0.0,1.0,2.0,0.0,4.0,1.0,13.0,6.0,13.0,3.0,1.0,3.0,1.0,9.0,17.0,4.0,17.0,0.0,0.0,0.0,0.0,0.0,0.0,0.0,0.0,0.0,0.0,0.0,1.0,0.0,1.0,0.0,0.0,1.0,1.0,0.0,2.0,31.0,74.0,0.0,6.0,9.0,20.0,4.0,2.0,4.0,3.0,10.0,22.0,5.0,32.0
2021-05-03,-0.06786605291761291,10.0,12.0,2.0,1.0,4.0,1.0,4.0,16.0,1.0,11.0,15.0,18.0,7.0,3.0,16.0,3.0,2.0,19.0,4.0,20.0,0.0,0.0,0.0,0.0,0.0,0.0,0.0,0.0,0.0,0.0,0.0,0.0,1.0,0.0,0.0,0.0,1.0,1.0,0.0,2.0,62.0,107.0,0.0,5.0,25.0,30.0,10.0,4.0,20.0,4.0,7.0,36.0,5.0,33.0,5.0,4.0,0.0,1.0,1.0,0.0,2.0,3.0,0.0,9.0,11.0,16.0,2.0,5.0,5.0,2.0,10.0,7.0,1.0,15.0,0.0,0.0,0.0,0.0,0.0,0.0,0.0,0.0,0.0,0.0,0.0,0.0,1.0,0.0,0.0,0.0,0.0,0.0,0.0,0.0,25.0,74.0,0.0,1.0,16.0,20.0,3.0,6.0,6.0,2.0,12.0,10.0,1.0,24.0
2021-05-04,-0.009104210867082272,14.0,9.0,1.0,0.0,3.0,0.0,3.0,10.0,1.0,8.0,29.0,26.0,3.0,0.0,13.0,2.0,8.0,22.0,8.0,28.0,0.0,0.0,0.0,0.0,0.0,0.0,0.0,0.0,0.0,0.0,0.0,1.0,0.0,1.0,0.0,0.0,1.0,0.0,0.0,0.0,49.0,139.0,0.0,3.0,43.0,36.0,4.0,1.0,16.0,2.0,12.0,32.0,9.0,36.0,10.0,12.0,2.0,1.0,4.0,1.0,4.0,16.0,1.0,11.0,15.0,18.0,7.0,3.0,16.0,3.0,2.0,19.0,4.0,20.0,0.0,0.0,0.0,0.0,0.0,0.0,0.0,0.0,0.0,0.0,0.0,0.0,1.0,0.0,0.0,0.0,1.0,1.0,0.0,2.0,62.0,107.0,0.0,5.0,25.0,30.0,10.0,4.0,20.0,4.0,7.0,36.0,5.0,33.0
2021-05-05,-0.007807416276241293,25.0,13.0,4.0,3.0,11.0,0.0,13.0,4.0,2.0,21.0,49.0,28.0,12.0,13.0,17.0,2.0,12.0,16.0,3.0,41.0,0.0,0.0,0.0,0.0,0.0,0.0,0.0,0.0,0.0,0.0,2.0,1.0,2.0,0.0,2.0,0.0,0.0,0.0,1.0,0.0,96.0,193.0,0.0,8.0,76.0,42.0,18.0,16.0,30.0,2.0,25.0,20.0,6.0,62.0,14.0,9.0,1.0,0.0,3.0,0.0,3.0,10.0,1.0,8.0,29.0,26.0,3.0,0.0,13.0,2.0,8.0,22.0,8.0,28.0,0.0,0.0,0.0,0.0,0.0,0.0,0.0,0.0,0.0,0.0,0.0,1.0,0.0,1.0,0.0,0.0,1.0,0.0,0.0,0.0,49.0,139.0,0.0,3.0,43.0,36.0,4.0,1.0,16.0,2.0,12.0,32.0,9.0,36.0
2021-05-06,0.009547945016728529,12.0,10.0,2.0,1.0,5.0,2.0,13.0,4.0,1.0,14.0,26.0,26.0,8.0,3.0,15.0,5.0,14.0,15.0,5.0,25.0,0.0,0.0,0.0,0.0,0.0,0.0,0.0,0.0,0.0,0.0,2.0,2.0,0.0,1.0,1.0,0.0,1.0,1.0,0.0,0.0,64.0,142.0,0.0,8.0,40.0,38.0,10.0,5.0,21.0,7.0,28.0,20.0,6.0,39.0,25.0,13.0,4.0,3.0,11.0,0.0,13.0,4.0,2.0,21.0,49.0,28.0,12.0,13.0,17.0,2.0,12.0,16.0,3.0,41.0,0.0,0.0,0.0,0.0,0.0,0.0,0.0,0.0,0.0,0.0,2.0,1.0,2.0,0.0,2.0,0.0,0.0,0.0,1.0,0.0,96.0,193.0,0.0,8.0,76.0,42.0,18.0,16.0,30.0,2.0,25.0,20.0,6.0,62.0
2021-05-07,0.0006209245513761252,5.0,10.0,1.0,0.0,5.0,0.0,4.0,3.0,1.0,11.0,19.0,14.0,5.0,3.0,9.0,0.0,13.0,4.0,2.0,17.0,0.0,0.0,0.0,0.0,0.0,0.0,0.0,0.0,0.0,0.0,0.0,0.0,1.0,0.0,0.0,0.0,1.0,0.0,0.0,2.0,40.0,86.0,0.0,4.0,24.0,24.0,7.0,3.0,14.0,0.0,18.0,7.0,3.0,30.0,12.0,10.0,2.0,1.0,5.0,2.0,13.0,4.0,1.0,14.0,26.0,26.0,8.0,3.0,15.0,5.0,14.0,15.0,5.0,25.0,0.0,0.0,0.0,0.0,0.0,0.0,0.0,0.0,0.0,0.0,2.0,2.0,0.0,1.0,1.0,0.0,1.0,1.0,0.0,0.0,64.0,142.0,0.0,8.0,40.0,38.0,10.0,5.0,21.0,7.0,28.0,20.0,6.0,39.0
2021-05-08,0.0,3.0,1.0,0.0,0.0,3.0,0.0,2.0,2.0,1.0,3.0,4.0,7.0,2.0,2.0,5.0,2.0,2.0,4.0,3.0,10.0,0.0,0.0,0.0,0.0,0.0,0.0,0.0,0.0,0.0,0.0,0.0,1.0,0.0,1.0,0.0,0.0,0.0,0.0,0.0,0.0,15.0,41.0,0.0,2.0,7.0,9.0,2.0,3.0,8.0,2.0,4.0,6.0,4.0,13.0,5.0,10.0,1.0,0.0,5.0,0.0,4.0,3.0,1.0,11.0,19.0,14.0,5.0,3.0,9.0,0.0,13.0,4.0,2.0,17.0,0.0,0.0,0.0,0.0,0.0,0.0,0.0,0.0,0.0,0.0,0.0,0.0,1.0,0.0,0.0,0.0,1.0,0.0,0.0,2.0,40.0,86.0,0.0,4.0,24.0,24.0,7.0,3.0,14.0,0.0,18.0,7.0,3.0,30.0
2021-05-09,0.0,3.0,4.0,0.0,0.0,3.0,0.0,1.0,0.0,0.0,2.0,4.0,10.0,0.0,3.0,4.0,3.0,4.0,5.0,0.0,10.0,0.0,0.0,0.0,0.0,0.0,0.0,0.0,0.0,0.0,0.0,0.0,0.0,0.0,0.0,0.0,0.0,0.0,1.0,0.0,1.0,13.0,43.0,0.0,2.0,7.0,14.0,0.0,3.0,7.0,3.0,5.0,6.0,0.0,13.0,3.0,1.0,0.0,0.0,3.0,0.0,2.0,2.0,1.0,3.0,4.0,7.0,2.0,2.0,5.0,2.0,2.0,4.0,3.0,10.0,0.0,0.0,0.0,0.0,0.0,0.0,0.0,0.0,0.0,0.0,0.0,1.0,0.0,1.0,0.0,0.0,0.0,0.0,0.0,0.0,15.0,41.0,0.0,2.0,7.0,9.0,2.0,3.0,8.0,2.0,4.0,6.0,4.0,13.0
2021-05-10,-0.1177054471892439,5.0,7.0,0.0,1.0,6.0,1.0,1.0,3.0,2.0,8.0,11.0,23.0,7.0,4.0,7.0,0.0,4.0,14.0,4.0,19.0,0.0,0.0,0.0,0.0,0.0,0.0,0.0,0.0,0.0,0.0,0.0,1.0,0.0,1.0,0.0,0.0,0.0,0.0,0.0,1.0,34.0,93.0,0.0,3.0,16.0,31.0,7.0,6.0,13.0,1.0,5.0,17.0,6.0,28.0,3.0,4.0,0.0,0.0,3.0,0.0,1.0,0.0,0.0,2.0,4.0,10.0,0.0,3.0,4.0,3.0,4.0,5.0,0.0,10.0,0.0,0.0,0.0,0.0,0.0,0.0,0.0,0.0,0.0,0.0,0.0,0.0,0.0,0.0,0.0,0.0,0.0,1.0,0.0,1.0,13.0,43.0,0.0,2.0,7.0,14.0,0.0,3.0,7.0,3.0,5.0,6.0,0.0,13.0
2021-05-11,0.0255062903864632,1.0,5.0,2.0,3.0,4.0,2.0,1.0,6.0,2.0,3.0,10.0,11.0,5.0,3.0,6.0,2.0,3.0,15.0,6.0,15.0,0.0,0.0,0.0,0.0,0.0,0.0,0.0,0.0,0.0,0.0,0.0,0.0,0.0,0.0,0.0,0.0,0.0,1.0,0.0,0.0,29.0,76.0,0.0,1.0,11.0,16.0,7.0,6.0,10.0,4.0,4.0,22.0,8.0,18.0,5.0,7.0,0.0,1.0,6.0,1.0,1.0,3.0,2.0,8.0,11.0,23.0,7.0,4.0,7.0,0.0,4.0,14.0,4.0,19.0,0.0,0.0,0.0,0.0,0.0,0.0,0.0,0.0,0.0,0.0,0.0,1.0,0.0,1.0,0.0,0.0,0.0,0.0,0.0,1.0,34.0,93.0,0.0,3.0,16.0,31.0,7.0,6.0,13.0,1.0,5.0,17.0,6.0,28.0
2021-05-12,-0.014603838064888802,9.0,7.0,0.0,0.0,8.0,0.0,1.0,4.0,0.0,8.0,8.0,16.0,2.0,3.0,9.0,1.0,5.0,13.0,5.0,18.0,0.0,0.0,0.0,0.0,0.0,0.0,0.0,0.0,0.0,0.0,0.0,2.0,2.0,0.0,0.0,0.0,0.0,0.0,0.0,0.0,37.0,80.0,0.0,4.0,17.0,25.0,4.0,3.0,17.0,1.0,6.0,17.0,5.0,26.0,1.0,5.0,2.0,3.0,4.0,2.0,1.0,6.0,2.0,3.0,10.0,11.0,5.0,3.0,6.0,2.0,3.0,15.0,6.0,15.0,0.0,0.0,0.0,0.0,0.0,0.0,0.0,0.0,0.0,0.0,0.0,0.0,0.0,0.0,0.0,0.0,0.0,1.0,0.0,0.0,29.0,76.0,0.0,1.0,11.0,16.0,7.0,6.0,10.0,4.0,4.0,22.0,8.0,18.0
2021-05-13,0.1276261997817858,1.0,7.0,2.0,0.0,7.0,1.0,4.0,3.0,0.0,7.0,16.0,27.0,3.0,0.0,10.0,3.0,5.0,13.0,2.0,25.0,0.0,0.0,0.0,0.0,0.0,0.0,0.0,0.0,0.0,0.0,1.0,0.0,0.0,1.0,1.0,0.0,0.0,1.0,0.0,1.0,32.0,104.0,0.0,5.0,18.0,34.0,5.0,1.0,18.0,4.0,9.0,17.0,2.0,33.0,9.0,7.0,0.0,0.0,8.0,0.0,1.0,4.0,0.0,8.0,8.0,16.0,2.0,3.0,9.0,1.0,5.0,13.0,5.0,18.0,0.0,0.0,0.0,0.0,0.0,0.0,0.0,0.0,0.0,0.0,0.0,2.0,2.0,0.0,0.0,0.0,0.0,0.0,0.0,0.0,37.0,80.0,0.0,4.0,17.0,25.0,4.0,3.0,17.0,1.0,6.0,17.0,5.0,26.0
2021-05-14,-0.02823689146309877,1.0,7.0,1.0,0.0,8.0,0.0,2.0,6.0,1.0,11.0,8.0,12.0,4.0,3.0,7.0,0.0,3.0,16.0,3.0,15.0,0.0,0.0,0.0,0.0,0.0,0.0,0.0,0.0,0.0,0.0,0.0,0.0,0.0,0.0,1.0,0.0,0.0,0.0,0.0,0.0,37.0,71.0,0.0,1.0,9.0,19.0,5.0,3.0,16.0,0.0,5.0,22.0,4.0,26.0,1.0,7.0,2.0,0.0,7.0,1.0,4.0,3.0,0.0,7.0,16.0,27.0,3.0,0.0,10.0,3.0,5.0,13.0,2.0,25.0,0.0,0.0,0.0,0.0,0.0,0.0,0.0,0.0,0.0,0.0,1.0,0.0,0.0,1.0,1.0,0.0,0.0,1.0,0.0,1.0,32.0,104.0,0.0,5.0,18.0,34.0,5.0,1.0,18.0,4.0,9.0,17.0,2.0,33.0
2021-05-15,0.0,1.0,1.0,3.0,2.0,3.0,0.0,2.0,2.0,0.0,4.0,3.0,8.0,1.0,1.0,3.0,3.0,1.0,10.0,3.0,19.0,0.0,0.0,0.0,0.0,0.0,0.0,0.0,0.0,0.0,0.0,0.0,0.0,0.0,1.0,0.0,0.0,0.0,0.0,0.0,0.0,18.0,52.0,0.0,1.0,4.0,9.0,4.0,4.0,6.0,3.0,3.0,12.0,3.0,23.0,1.0,7.0,1.0,0.0,8.0,0.0,2.0,6.0,1.0,11.0,8.0,12.0,4.0,3.0,7.0,0.0,3.0,16.0,3.0,15.0,0.0,0.0,0.0,0.0,0.0,0.0,0.0,0.0,0.0,0.0,0.0,0.0,0.0,0.0,1.0,0.0,0.0,0.0,0.0,0.0,37.0,71.0,0.0,1.0,9.0,19.0,5.0,3.0,16.0,0.0,5.0,22.0,4.0,26.0
2021-05-16,0.0,0.0,0.0,0.0,0.0,2.0,1.0,0.0,2.0,0.0,6.0,3.0,5.0,3.0,1.0,1.0,2.0,0.0,7.0,3.0,14.0,0.0,0.0,0.0,0.0,0.0,0.0,0.0,0.0,0.0,0.0,0.0,0.0,0.0,1.0,1.0,0.0,0.0,0.0,0.0,0.0,11.0,39.0,0.0,2.0,3.0,5.0,3.0,2.0,4.0,3.0,0.0,9.0,3.0,20.0,1.0,1.0,3.0,2.0,3.0,0.0,2.0,2.0,0.0,4.0,3.0,8.0,1.0,1.0,3.0,3.0,1.0,10.0,3.0,19.0,0.0,0.0,0.0,0.0,0.0,0.0,0.0,0.0,0.0,0.0,0.0,0.0,0.0,1.0,0.0,0.0,0.0,0.0,0.0,0.0,18.0,52.0,0.0,1.0,4.0,9.0,4.0,4.0,6.0,3.0,3.0,12.0,3.0,23.0
2021-05-17,0.12161099603632422,2.0,3.0,1.0,2.0,6.0,0.0,2.0,2.0,4.0,3.0,2.0,16.0,2.0,1.0,8.0,4.0,6.0,8.0,1.0,14.0,0.0,0.0,0.0,0.0,0.0,0.0,0.0,0.0,0.0,0.0,0.0,0.0,0.0,1.0,0.0,0.0,0.0,0.0,0.0,0.0,25.0,62.0,0.0,1.0,4.0,19.0,3.0,4.0,14.0,4.0,8.0,10.0,5.0,17.0,0.0,0.0,0.0,0.0,2.0,1.0,0.0,2.0,0.0,6.0,3.0,5.0,3.0,1.0,1.0,2.0,0.0,7.0,3.0,14.0,0.0,0.0,0.0,0.0,0.0,0.0,0.0,0.0,0.0,0.0,0.0,0.0,0.0,1.0,1.0,0.0,0.0,0.0,0.0,0.0,11.0,39.0,0.0,2.0,3.0,5.0,3.0,2.0,4.0,3.0,0.0,9.0,3.0,20.0
2021-05-18,0.00038747787238162663,5.0,1.0,1.0,1.0,2.0,4.0,3.0,3.0,3.0,10.0,5.0,7.0,6.0,3.0,6.0,2.0,6.0,4.0,1.0,22.0,0.0,0.0,0.0,0.0,0.0,0.0,0.0,0.0,0.0,0.0,0.0,0.0,0.0,1.0,0.0,0.0,1.0,0.0,0.0,0.0,33.0,62.0,0.0,2.0,10.0,8.0,7.0,5.0,8.0,6.0,10.0,7.0,4.0,32.0,2.0,3.0,1.0,2.0,6.0,0.0,2.0,2.0,4.0,3.0,2.0,16.0,2.0,1.0,8.0,4.0,6.0,8.0,1.0,14.0,0.0,0.0,0.0,0.0,0.0,0.0,0.0,0.0,0.0,0.0,0.0,0.0,0.0,1.0,0.0,0.0,0.0,0.0,0.0,0.0,25.0,62.0,0.0,1.0,4.0,19.0,3.0,4.0,14.0,4.0,8.0,10.0,5.0,17.0
2021-05-19,-0.06777985031637868,2.0,3.0,2.0,1.0,2.0,0.0,2.0,1.0,0.0,3.0,6.0,7.0,3.0,0.0,4.0,4.0,5.0,11.0,1.0,17.0,0.0,0.0,0.0,0.0,0.0,0.0,0.0,0.0,0.0,0.0,0.0,1.0,0.0,1.0,0.0,0.0,1.0,2.0,0.0,0.0,16.0,58.0,0.0,5.0,8.0,11.0,5.0,2.0,6.0,4.0,8.0,14.0,1.0,20.0,5.0,1.0,1.0,1.0,2.0,4.0,3.0,3.0,3.0,10.0,5.0,7.0,6.0,3.0,6.0,2.0,6.0,4.0,1.0,22.0,0.0,0.0,0.0,0.0,0.0,0.0,0.0,0.0,0.0,0.0,0.0,0.0,0.0,1.0,0.0,0.0,1.0,0.0,0.0,0.0,33.0,62.0,0.0,2.0,10.0,8.0,7.0,5.0,8.0,6.0,10.0,7.0,4.0,32.0
2021-05-20,0.009784373862344984,4.0,5.0,1.0,1.0,4.0,0.0,1.0,0.0,1.0,2.0,5.0,12.0,1.0,1.0,3.0,1.0,5.0,4.0,0.0,12.0,0.0,0.0,0.0,0.0,0.0,0.0,0.0,0.0,0.0,0.0,0.0,0.0,1.0,0.0,0.0,0.0,0.0,0.0,0.0,0.0,19.0,44.0,0.0,1.0,9.0,17.0,3.0,2.0,7.0,1.0,6.0,4.0,1.0,14.0,2.0,3.0,2.0,1.0,2.0,0.0,2.0,1.0,0.0,3.0,6.0,7.0,3.0,0.0,4.0,4.0,5.0,11.0,1.0,17.0,0.0,0.0,0.0,0.0,0.0,0.0,0.0,0.0,0.0,0.0,0.0,1.0,0.0,1.0,0.0,0.0,1.0,2.0,0.0,0.0,16.0,58.0,0.0,5.0,8.0,11.0,5.0,2.0,6.0,4.0,8.0,14.0,1.0,20.0
2021-05-21,0.03628587334442094,2.0,4.0,0.0,0.0,4.0,0.0,3.0,0.0,0.0,9.0,5.0,9.0,3.0,5.0,5.0,0.0,5.0,4.0,1.0,14.0,0.0,0.0,0.0,0.0,0.0,0.0,0.0,0.0,0.0,0.0,2.0,0.0,0.0,0.0,0.0,0.0,0.0,1.0,0.0,0.0,22.0,51.0,0.0,3.0,9.0,13.0,3.0,5.0,9.0,0.0,8.0,5.0,1.0,23.0,4.0,5.0,1.0,1.0,4.0,0.0,1.0,0.0,1.0,2.0,5.0,12.0,1.0,1.0,3.0,1.0,5.0,4.0,0.0,12.0,0.0,0.0,0.0,0.0,0.0,0.0,0.0,0.0,0.0,0.0,0.0,0.0,1.0,0.0,0.0,0.0,0.0,0.0,0.0,0.0,19.0,44.0,0.0,1.0,9.0,17.0,3.0,2.0,7.0,1.0,6.0,4.0,1.0,14.0
2021-05-22,0.0,1.0,4.0,0.0,2.0,1.0,0.0,2.0,1.0,0.0,5.0,4.0,6.0,0.0,2.0,1.0,2.0,2.0,5.0,1.0,10.0,0.0,0.0,0.0,0.0,0.0,0.0,0.0,0.0,0.0,0.0,0.0,0.0,0.0,0.0,0.0,0.0,0.0,0.0,0.0,0.0,16.0,33.0,0.0,0.0,5.0,10.0,0.0,4.0,2.0,2.0,4.0,6.0,1.0,15.0,2.0,4.0,0.0,0.0,4.0,0.0,3.0,0.0,0.0,9.0,5.0,9.0,3.0,5.0,5.0,0.0,5.0,4.0,1.0,14.0,0.0,0.0,0.0,0.0,0.0,0.0,0.0,0.0,0.0,0.0,2.0,0.0,0.0,0.0,0.0,0.0,0.0,1.0,0.0,0.0,22.0,51.0,0.0,3.0,9.0,13.0,3.0,5.0,9.0,0.0,8.0,5.0,1.0,23.0
2021-05-23,0.0,1.0,3.0,0.0,0.0,1.0,0.0,0.0,1.0,0.0,6.0,1.0,6.0,0.0,1.0,0.0,1.0,1.0,6.0,0.0,14.0,0.0,0.0,0.0,0.0,0.0,0.0,0.0,0.0,0.0,0.0,0.0,1.0,1.0,0.0,1.0,0.0,0.0,1.0,0.0,0.0,12.0,30.0,0.0,4.0,2.0,10.0,1.0,1.0,2.0,1.0,1.0,8.0,0.0,20.0,1.0,4.0,0.0,2.0,1.0,0.0,2.0,1.0,0.0,5.0,4.0,6.0,0.0,2.0,1.0,2.0,2.0,5.0,1.0,10.0,0.0,0.0,0.0,0.0,0.0,0.0,0.0,0.0,0.0,0.0,0.0,0.0,0.0,0.0,0.0,0.0,0.0,0.0,0.0,0.0,16.0,33.0,0.0,0.0,5.0,10.0,0.0,4.0,2.0,2.0,4.0,6.0,1.0,15.0
2021-05-24,0.018049824845309002,1.0,4.0,1.0,0.0,3.0,1.0,1.0,7.0,1.0,4.0,4.0,9.0,5.0,1.0,5.0,1.0,3.0,3.0,0.0,8.0,0.0,0.0,0.0,0.0,0.0,0.0,0.0,0.0,0.0,0.0,0.0,0.0,0.0,0.0,0.0,0.0,0.0,0.0,0.0,0.0,23.0,39.0,0.0,0.0,5.0,13.0,6.0,1.0,8.0,2.0,4.0,10.0,1.0,12.0,1.0,3.0,0.0,0.0,1.0,0.0,0.0,1.0,0.0,6.0,1.0,6.0,0.0,1.0,0.0,1.0,1.0,6.0,0.0,14.0,0.0,0.0,0.0,0.0,0.0,0.0,0.0,0.0,0.0,0.0,0.0,1.0,1.0,0.0,1.0,0.0,0.0,1.0,0.0,0.0,12.0,30.0,0.0,4.0,2.0,10.0,1.0,1.0,2.0,1.0,1.0,8.0,0.0,20.0
2021-05-25,0.1513771452915326,6.0,7.0,2.0,1.0,4.0,0.0,4.0,8.0,1.0,15.0,9.0,25.0,8.0,3.0,12.0,6.0,4.0,15.0,3.0,34.0,0.0,0.0,0.0,0.0,0.0,0.0,0.0,0.0,0.0,0.0,1.0,1.0,0.0,0.0,0.0,0.0,0.0,0.0,0.0,0.0,48.0,119.0,0.0,2.0,16.0,33.0,10.0,4.0,16.0,6.0,8.0,23.0,4.0,49.0,1.0,4.0,1.0,0.0,3.0,1.0,1.0,7.0,1.0,4.0,4.0,9.0,5.0,1.0,5.0,1.0,3.0,3.0,0.0,8.0,0.0,0.0,0.0,0.0,0.0,0.0,0.0,0.0,0.0,0.0,0.0,0.0,0.0,0.0,0.0,0.0,0.0,0.0,0.0,0.0,23.0,39.0,0.0,0.0,5.0,13.0,6.0,1.0,8.0,2.0,4.0,10.0,1.0,12.0
2021-05-26,0.14685957271057998,2.0,7.0,6.0,0.0,7.0,0.0,1.0,8.0,0.0,15.0,8.0,21.0,5.0,1.0,14.0,1.0,5.0,20.0,1.0,17.0,0.0,0.0,0.0,0.0,0.0,0.0,0.0,0.0,0.0,0.0,0.0,0.0,1.0,0.0,0.0,0.0,0.0,0.0,0.0,2.0,46.0,93.0,0.0,3.0,10.0,28.0,12.0,1.0,21.0,1.0,6.0,28.0,1.0,34.0,6.0,7.0,2.0,1.0,4.0,0.0,4.0,8.0,1.0,15.0,9.0,25.0,8.0,3.0,12.0,6.0,4.0,15.0,3.0,34.0,0.0,0.0,0.0,0.0,0.0,0.0,0.0,0.0,0.0,0.0,1.0,1.0,0.0,0.0,0.0,0.0,0.0,0.0,0.0,0.0,48.0,119.0,0.0,2.0,16.0,33.0,10.0,4.0,16.0,6.0,8.0,23.0,4.0,49.0
2021-05-27,0.046596873936564066,4.0,8.0,2.0,0.0,2.0,1.0,3.0,8.0,0.0,9.0,7.0,13.0,5.0,2.0,5.0,3.0,3.0,18.0,1.0,21.0,0.0,0.0,0.0,0.0,0.0,0.0,0.0,0.0,0.0,0.0,0.0,0.0,0.0,0.0,1.0,0.0,0.0,2.0,0.0,0.0,37.0,78.0,0.0,3.0,11.0,21.0,7.0,2.0,8.0,4.0,6.0,28.0,1.0,30.0,2.0,7.0,6.0,0.0,7.0,0.0,1.0,8.0,0.0,15.0,8.0,21.0,5.0,1.0,14.0,1.0,5.0,20.0,1.0,17.0,0.0,0.0,0.0,0.0,0.0,0.0,0.0,0.0,0.0,0.0,0.0,0.0,1.0,0.0,0.0,0.0,0.0,0.0,0.0,2.0,46.0,93.0,0.0,3.0,10.0,28.0,12.0,1.0,21.0,1.0,6.0,28.0,1.0,34.0
2021-05-28,-0.13516858445312704,6.0,3.0,0.0,2.0,4.0,0.0,1.0,5.0,0.0,13.0,11.0,14.0,8.0,2.0,8.0,0.0,4.0,14.0,1.0,21.0,0.0,0.0,0.0,0.0,0.0,0.0,0.0,0.0,0.0,0.0,0.0,0.0,1.0,0.0,0.0,0.0,0.0,1.0,0.0,0.0,34.0,83.0,0.0,2.0,17.0,17.0,9.0,4.0,12.0,0.0,5.0,20.0,1.0,34.0,4.0,8.0,2.0,0.0,2.0,1.0,3.0,8.0,0.0,9.0,7.0,13.0,5.0,2.0,5.0,3.0,3.0,18.0,1.0,21.0,0.0,0.0,0.0,0.0,0.0,0.0,0.0,0.0,0.0,0.0,0.0,0.0,0.0,0.0,1.0,0.0,0.0,2.0,0.0,0.0,37.0,78.0,0.0,3.0,11.0,21.0,7.0,2.0,8.0,4.0,6.0,28.0,1.0,30.0
2021-05-29,0.0,4.0,5.0,0.0,1.0,1.0,0.0,1.0,0.0,0.0,7.0,3.0,8.0,2.0,1.0,2.0,1.0,1.0,4.0,0.0,7.0,0.0,0.0,0.0,0.0,0.0,0.0,0.0,0.0,0.0,0.0,0.0,0.0,1.0,0.0,0.0,0.0,0.0,0.0,0.0,0.0,19.0,29.0,0.0,1.0,7.0,13.0,3.0,2.0,3.0,1.0,2.0,4.0,0.0,14.0,6.0,3.0,0.0,2.0,4.0,0.0,1.0,5.0,0.0,13.0,11.0,14.0,8.0,2.0,8.0,0.0,4.0,14.0,1.0,21.0,0.0,0.0,0.0,0.0,0.0,0.0,0.0,0.0,0.0,0.0,0.0,0.0,1.0,0.0,0.0,0.0,0.0,1.0,0.0,0.0,34.0,83.0,0.0,2.0,17.0,17.0,9.0,4.0,12.0,0.0,5.0,20.0,1.0,34.0
2021-05-30,0.0,4.0,2.0,0.0,2.0,2.0,0.0,1.0,1.0,1.0,5.0,2.0,7.0,2.0,2.0,0.0,1.0,1.0,2.0,0.0,7.0,0.0,0.0,0.0,0.0,0.0,0.0,0.0,0.0,0.0,0.0,1.0,0.0,0.0,0.0,0.0,0.0,0.0,0.0,0.0,0.0,18.0,24.0,0.0,1.0,7.0,9.0,2.0,4.0,2.0,1.0,2.0,3.0,1.0,12.0,4.0,5.0,0.0,1.0,1.0,0.0,1.0,0.0,0.0,7.0,3.0,8.0,2.0,1.0,2.0,1.0,1.0,4.0,0.0,7.0,0.0,0.0,0.0,0.0,0.0,0.0,0.0,0.0,0.0,0.0,0.0,0.0,1.0,0.0,0.0,0.0,0.0,0.0,0.0,0.0,19.0,29.0,0.0,1.0,7.0,13.0,3.0,2.0,3.0,1.0,2.0,4.0,0.0,14.0
