date,GME,"Core, influential Redditors community talking about Diamond Hands, Trading GME","Core, influential Redditors community talking about GME Observations (Price, Volume, Holders, etc.)","Core, influential Redditors community talking about MOD Posts, Many Links","Core, influential Redditors community talking about News/Press Releases","Core, influential Redditors community talking about Platform Terms/Government Regulations","Core, influential Redditors community talking about Posts about shorts/short squeeze","Core, influential Redditors community talking about Posts of Memes and Photos","Core, influential Redditors community talking about Unclear Topic - lots of Twitter Links","Core, influential Redditors community talking about Unclear Topic - mix between future of gamestop, wealth, others","Core, influential Redditors community talking about Users Commenting on Other Posts","Highly controversial community talking about Diamond Hands, Trading GME","Highly controversial community talking about GME Observations (Price, Volume, Holders, etc.)","Highly controversial community talking about MOD Posts, Many Links",Highly controversial community talking about News/Press Releases,Highly controversial community talking about Platform Terms/Government Regulations,Highly controversial community talking about Posts about shorts/short squeeze,Highly controversial community talking about Posts of Memes and Photos,Highly controversial community talking about Unclear Topic - lots of Twitter Links,"Highly controversial community talking about Unclear Topic - mix between future of gamestop, wealth, others",Highly controversial community talking about Users Commenting on Other Posts,"Scriptophobic community talking about Diamond Hands, Trading GME","Scriptophobic community talking about GME Observations (Price, Volume, Holders, etc.)","Scriptophobic community talking about MOD Posts, Many Links",Scriptophobic community talking about News/Press Releases,Scriptophobic community talking about Platform Terms/Government Regulations,Scriptophobic community talking about Posts about shorts/short squeeze,Scriptophobic community talking about Posts of Memes and Photos,Scriptophobic community talking about Unclear Topic - lots of Twitter Links,"Scriptophobic community talking about Unclear Topic - mix between future of gamestop, wealth, others",Scriptophobic community talking about Users Commenting on Other Posts,"Unpopular community talking about Diamond Hands, Trading GME","Unpopular community talking about GME Observations (Price, Volume, Holders, etc.)","Unpopular community talking about MOD Posts, Many Links",Unpopular community talking about News/Press Releases,Unpopular community talking about Platform Terms/Government Regulations,Unpopular community talking about Posts about shorts/short squeeze,Unpopular community talking about Posts of Memes and Photos,Unpopular community talking about Unclear Topic - lots of Twitter Links,"Unpopular community talking about Unclear Topic - mix between future of gamestop, wealth, others",Unpopular community talking about Users Commenting on Other Posts,all
2021-01-04,4.3125,0.0,0.0,0.0,0.0,0.0,0.0,0.0,0.0,0.0,0.0,0.0,0.0,0.0,0.0,0.0,0.0,0.0,0.0,0.0,0.0,0.0,0.0,0.0,0.0,0.0,0.0,0.0,0.0,0.0,0.0,0.0,0.0,0.0,0.0,0.0,0.0,0.0,0.0,1.0,0.0,1.0
2021-01-05,4.34250020980835,0.0,0.0,0.0,0.0,0.0,0.0,0.0,0.0,0.0,0.0,0.0,0.0,0.0,0.0,0.0,0.0,0.0,0.0,0.0,0.0,0.0,0.0,0.0,0.0,0.0,0.0,0.0,0.0,0.0,0.0,0.0,1.0,0.0,0.0,0.0,0.0,0.0,0.0,0.0,0.0,1.0
2021-01-06,4.590000152587891,0.0,0.0,0.0,0.0,0.0,0.0,0.0,0.0,0.0,0.0,0.0,0.0,0.0,0.0,0.0,0.0,0.0,0.0,0.0,0.0,0.0,0.0,0.0,0.0,0.0,0.0,0.0,0.0,1.0,0.0,0.0,0.0,0.0,0.0,0.0,0.0,0.0,0.0,0.0,0.0,1.0
2021-01-10,4.422500133514404,0.0,0.0,0.0,0.0,0.0,0.0,0.0,0.0,0.0,0.0,0.0,0.0,0.0,0.0,0.0,0.0,0.0,0.0,0.0,0.0,0.0,0.0,0.0,0.0,0.0,0.0,0.0,0.0,0.0,0.0,0.0,0.0,0.0,0.0,0.0,0.0,0.0,1.0,0.0,0.0,1.0
2021-01-12,4.987500190734863,0.0,0.0,0.0,0.0,0.0,0.0,0.0,0.0,0.0,0.0,0.0,0.0,0.0,0.0,0.0,0.0,0.0,0.0,0.0,0.0,0.0,0.0,0.0,0.0,0.0,1.0,0.0,0.0,0.0,0.0,0.0,0.0,0.0,0.0,0.0,0.0,0.0,0.0,0.0,0.0,1.0
2021-01-14,9.977499961853027,0.0,0.0,0.0,0.0,0.0,0.0,0.0,0.0,0.0,0.0,0.0,0.0,0.0,0.0,0.0,0.0,0.0,0.0,0.0,0.0,1.0,0.0,0.0,0.0,0.0,0.0,0.0,0.0,0.0,0.0,1.0,0.0,0.0,0.0,0.0,0.0,0.0,0.0,0.0,0.0,2.0
2021-01-15,8.875,0.0,0.0,0.0,0.0,0.0,0.0,0.0,0.0,0.0,0.0,0.0,0.0,0.0,0.0,0.0,0.0,0.0,0.0,0.0,0.0,1.0,0.0,0.0,0.0,0.0,0.0,0.0,0.0,0.0,0.0,0.0,1.0,0.0,0.0,0.0,1.0,0.0,0.0,0.0,0.0,3.0
2021-01-16,8.875,0.0,0.0,0.0,0.0,0.0,0.0,0.0,0.0,0.0,0.0,0.0,0.0,0.0,0.0,0.0,0.0,0.0,0.0,0.0,0.0,0.0,0.0,0.0,0.0,0.0,1.0,0.0,0.0,0.0,0.0,0.0,0.0,0.0,0.0,0.0,1.0,0.0,0.0,0.0,0.0,2.0
2021-01-17,8.875,0.0,0.0,0.0,0.0,0.0,0.0,0.0,0.0,0.0,0.0,0.0,0.0,0.0,0.0,0.0,0.0,0.0,0.0,0.0,0.0,0.0,0.0,0.0,0.0,0.0,0.0,0.0,0.0,0.0,0.0,0.0,0.0,0.0,0.0,0.0,0.0,0.0,0.0,1.0,0.0,1.0
2021-01-18,8.875,0.0,0.0,0.0,0.0,0.0,0.0,0.0,0.0,0.0,0.0,0.0,0.0,0.0,0.0,0.0,0.0,0.0,0.0,0.0,0.0,0.0,0.0,0.0,0.0,0.0,0.0,0.0,0.0,0.0,0.0,0.0,0.0,0.0,0.0,0.0,2.0,1.0,0.0,1.0,0.0,4.0
2021-01-19,9.84000015258789,0.0,0.0,0.0,0.0,0.0,0.0,0.0,0.0,0.0,0.0,0.0,0.0,0.0,0.0,0.0,0.0,0.0,0.0,0.0,0.0,0.0,0.0,0.0,0.0,0.0,0.0,0.0,0.0,0.0,0.0,1.0,0.0,0.0,0.0,0.0,1.0,0.0,0.0,0.0,1.0,3.0
2021-01-21,10.757499694824219,0.0,0.0,0.0,0.0,0.0,0.0,0.0,0.0,0.0,0.0,0.0,0.0,0.0,0.0,0.0,0.0,0.0,0.0,0.0,0.0,0.0,0.0,0.0,0.0,0.0,0.0,0.0,0.0,0.0,0.0,1.0,0.0,0.0,0.0,0.0,1.0,0.0,0.0,1.0,0.0,3.0
2021-01-22,16.252500534057617,0.0,0.0,0.0,0.0,0.0,0.0,0.0,0.0,1.0,0.0,0.0,0.0,0.0,0.0,0.0,0.0,0.0,0.0,0.0,0.0,1.0,0.0,0.0,0.0,0.0,0.0,0.0,0.0,1.0,1.0,5.0,0.0,0.0,1.0,0.0,2.0,0.0,0.0,0.0,1.0,13.0
2021-01-23,16.252500534057617,0.0,0.0,0.0,0.0,0.0,0.0,0.0,0.0,0.0,0.0,0.0,0.0,0.0,0.0,0.0,0.0,0.0,0.0,0.0,0.0,0.0,0.0,0.0,0.0,0.0,1.0,0.0,0.0,1.0,0.0,2.0,0.0,0.0,0.0,0.0,3.0,0.0,0.0,1.0,0.0,8.0
2021-01-24,16.252500534057617,0.0,0.0,0.0,0.0,0.0,0.0,0.0,0.0,0.0,0.0,0.0,0.0,0.0,0.0,0.0,0.0,0.0,0.0,0.0,0.0,1.0,0.0,0.0,0.0,0.0,1.0,0.0,0.0,0.0,0.0,2.0,0.0,1.0,0.0,0.0,2.0,0.0,0.0,0.0,0.0,7.0
2021-01-25,19.197500228881836,1.0,0.0,1.0,0.0,0.0,0.0,0.0,0.0,0.0,1.0,0.0,0.0,0.0,0.0,0.0,0.0,0.0,0.0,0.0,0.0,4.0,0.0,0.0,0.0,0.0,2.0,6.0,0.0,1.0,1.0,24.0,1.0,2.0,1.0,1.0,8.0,2.0,2.0,3.0,4.0,65.0
2021-01-26,36.994998931884766,0.0,0.0,0.0,0.0,0.0,1.0,0.0,0.0,0.0,0.0,0.0,0.0,0.0,0.0,0.0,0.0,0.0,0.0,0.0,1.0,1.0,1.0,0.0,0.0,0.0,1.0,1.0,0.0,1.0,1.0,11.0,1.0,2.0,0.0,1.0,10.0,0.0,0.0,7.0,3.0,43.0
2021-01-27,86.87750244140625,1.0,0.0,0.0,0.0,0.0,0.0,0.0,0.0,0.0,0.0,4.0,1.0,0.0,0.0,0.0,0.0,0.0,0.0,0.0,0.0,3.0,0.0,1.0,0.0,0.0,2.0,0.0,1.0,2.0,1.0,58.0,6.0,3.0,3.0,6.0,10.0,3.0,6.0,16.0,19.0,146.0
2021-01-28,48.400001525878906,1.0,0.0,1.0,1.0,0.0,3.0,0.0,0.0,0.0,0.0,8.0,0.0,0.0,1.0,0.0,0.0,1.0,0.0,4.0,1.0,13.0,2.0,2.0,0.0,6.0,2.0,2.0,1.0,3.0,4.0,175.0,8.0,15.0,2.0,24.0,43.0,9.0,19.0,37.0,52.0,440.0
2021-01-29,81.25,0.0,0.0,0.0,0.0,0.0,0.0,0.0,0.0,0.0,0.0,2.0,0.0,1.0,0.0,1.0,0.0,0.0,2.0,1.0,0.0,17.0,1.0,3.0,1.0,1.0,7.0,1.0,2.0,4.0,6.0,127.0,19.0,7.0,4.0,10.0,33.0,5.0,11.0,31.0,27.0,324.0
2021-01-30,81.25,0.0,0.0,1.0,0.0,0.0,0.0,0.0,0.0,0.0,0.0,1.0,0.0,0.0,0.0,1.0,0.0,0.0,0.0,0.0,0.0,5.0,0.0,1.0,1.0,0.0,2.0,0.0,0.0,1.0,2.0,22.0,0.0,0.0,2.0,9.0,11.0,1.0,3.0,13.0,5.0,81.0
2021-01-31,81.25,0.0,0.0,0.0,0.0,0.0,0.0,0.0,0.0,0.0,0.0,2.0,0.0,0.0,0.0,0.0,0.0,0.0,0.0,1.0,0.0,3.0,1.0,2.0,2.0,0.0,1.0,0.0,3.0,4.0,2.0,32.0,0.0,1.0,2.0,2.0,7.0,1.0,3.0,15.0,3.0,87.0
2021-02-01,56.25,0.0,0.0,0.0,1.0,0.0,0.0,0.0,0.0,0.0,0.0,4.0,0.0,0.0,0.0,0.0,1.0,0.0,0.0,1.0,1.0,6.0,1.0,2.0,2.0,1.0,3.0,0.0,1.0,4.0,5.0,72.0,7.0,9.0,4.0,9.0,17.0,8.0,5.0,16.0,30.0,210.0
2021-02-02,22.5,0.0,0.0,0.0,0.0,0.0,1.0,0.0,0.0,0.0,0.0,3.0,0.0,0.0,0.0,0.0,0.0,1.0,1.0,0.0,0.0,8.0,2.0,3.0,2.0,1.0,3.0,1.0,0.0,3.0,5.0,88.0,10.0,10.0,4.0,8.0,43.0,7.0,9.0,27.0,29.0,269.0
2021-02-03,23.102500915527344,1.0,0.0,0.0,0.0,0.0,0.0,0.0,1.0,0.0,0.0,3.0,0.0,0.0,0.0,0.0,1.0,0.0,0.0,0.0,0.0,9.0,1.0,2.0,0.0,2.0,4.0,1.0,1.0,4.0,1.0,50.0,3.0,8.0,6.0,2.0,25.0,3.0,6.0,16.0,21.0,171.0
2021-02-04,13.375,1.0,0.0,1.0,0.0,0.0,1.0,0.0,0.0,0.0,0.0,3.0,0.0,0.0,0.0,0.0,0.0,0.0,1.0,1.0,2.0,4.0,0.0,2.0,2.0,0.0,6.0,0.0,0.0,4.0,0.0,46.0,5.0,4.0,3.0,4.0,17.0,5.0,4.0,16.0,21.0,153.0
2021-02-07,15.942500114440918,0.0,0.0,0.0,0.0,0.0,0.0,0.0,0.0,0.0,0.0,0.0,0.0,0.0,0.0,0.0,0.0,0.0,0.0,0.0,0.0,0.0,0.0,0.0,0.0,0.0,0.0,0.0,0.0,0.0,0.0,0.0,0.0,0.0,0.0,0.0,0.0,0.0,0.0,1.0,0.0,1.0
2021-02-08,15.0,2.0,0.0,0.0,1.0,0.0,2.0,0.0,0.0,1.0,0.0,0.0,0.0,0.0,0.0,0.0,0.0,0.0,0.0,1.0,0.0,2.0,2.0,2.0,0.0,0.0,2.0,2.0,0.0,1.0,6.0,13.0,3.0,2.0,4.0,3.0,14.0,1.0,4.0,6.0,12.0,86.0
2021-02-09,12.577500343322754,1.0,0.0,2.0,2.0,0.0,2.0,0.0,0.0,1.0,0.0,0.0,0.0,0.0,0.0,0.0,0.0,0.0,0.0,0.0,1.0,6.0,1.0,3.0,0.0,0.0,5.0,0.0,0.0,4.0,3.0,30.0,3.0,1.0,5.0,2.0,13.0,3.0,3.0,11.0,14.0,116.0
2021-02-10,12.800000190734863,2.0,1.0,1.0,0.0,0.0,4.0,0.0,0.0,0.0,6.0,0.0,0.0,1.0,0.0,0.0,0.0,0.0,0.0,1.0,0.0,9.0,2.0,2.0,1.0,0.0,13.0,2.0,2.0,1.0,11.0,39.0,7.0,35.0,5.0,1.0,21.0,7.0,4.0,17.0,34.0,229.0
2021-02-11,12.774999618530273,4.0,0.0,2.0,0.0,2.0,2.0,0.0,0.0,0.0,11.0,0.0,0.0,0.0,0.0,0.0,1.0,0.0,0.0,1.0,0.0,11.0,3.0,0.0,4.0,2.0,12.0,0.0,2.0,15.0,12.0,72.0,9.0,19.0,15.0,8.0,46.0,10.0,4.0,39.0,52.0,358.0
2021-02-12,13.100000381469727,0.0,3.0,1.0,2.0,0.0,6.0,0.0,0.0,3.0,3.0,0.0,0.0,1.0,0.0,0.0,0.0,0.0,0.0,0.0,1.0,16.0,4.0,4.0,2.0,5.0,9.0,3.0,1.0,11.0,18.0,98.0,20.0,9.0,10.0,15.0,53.0,13.0,9.0,52.0,55.0,427.0
2021-02-13,13.100000381469727,1.0,0.0,0.0,0.0,0.0,4.0,1.0,0.0,3.0,3.0,0.0,0.0,1.0,1.0,0.0,0.0,0.0,0.0,0.0,1.0,12.0,4.0,1.0,2.0,3.0,5.0,1.0,0.0,6.0,9.0,42.0,2.0,10.0,6.0,9.0,15.0,3.0,1.0,31.0,32.0,209.0
2021-02-14,13.100000381469727,2.0,0.0,1.0,1.0,2.0,2.0,1.0,0.0,3.0,4.0,0.0,0.0,0.0,0.0,0.0,0.0,0.0,0.0,0.0,0.0,9.0,2.0,1.0,0.0,3.0,4.0,1.0,2.0,11.0,11.0,41.0,4.0,12.0,3.0,9.0,12.0,2.0,4.0,22.0,21.0,190.0
2021-02-15,13.100000381469727,0.0,1.0,1.0,0.0,1.0,5.0,0.0,0.0,3.0,2.0,0.0,0.0,0.0,0.0,1.0,0.0,0.0,0.0,0.0,1.0,7.0,0.0,2.0,1.0,3.0,10.0,1.0,2.0,10.0,11.0,28.0,2.0,6.0,4.0,4.0,17.0,4.0,6.0,24.0,28.0,185.0
2021-02-16,12.3774995803833,1.0,0.0,1.0,0.0,0.0,6.0,0.0,2.0,0.0,4.0,1.0,0.0,1.0,0.0,0.0,0.0,0.0,0.0,1.0,0.0,4.0,2.0,3.0,0.0,3.0,5.0,2.0,2.0,1.0,6.0,29.0,1.0,6.0,1.0,3.0,16.0,3.0,2.0,10.0,18.0,134.0
2021-02-17,11.484999656677246,0.0,1.0,0.0,1.0,1.0,1.0,1.0,0.0,2.0,0.0,0.0,0.0,0.0,0.0,0.0,0.0,0.0,0.0,0.0,0.0,6.0,1.0,1.0,7.0,2.0,4.0,1.0,1.0,9.0,1.0,32.0,4.0,4.0,9.0,8.0,16.0,3.0,3.0,32.0,25.0,176.0
2021-02-18,10.172499656677246,6.0,1.0,0.0,1.0,3.0,8.0,1.0,1.0,9.0,5.0,0.0,0.0,0.0,0.0,0.0,1.0,0.0,0.0,1.0,1.0,33.0,5.0,2.0,4.0,16.0,27.0,14.0,17.0,56.0,28.0,139.0,34.0,29.0,15.0,66.0,65.0,30.0,48.0,195.0,130.0,991.0
2021-02-19,10.147500038146973,6.0,3.0,1.0,0.0,2.0,11.0,2.0,0.0,8.0,5.0,3.0,0.0,1.0,0.0,0.0,0.0,0.0,0.0,1.0,2.0,42.0,5.0,6.0,2.0,8.0,14.0,8.0,6.0,19.0,22.0,140.0,20.0,20.0,10.0,20.0,70.0,16.0,18.0,78.0,112.0,681.0
2021-02-20,10.147500038146973,8.0,1.0,2.0,0.0,1.0,6.0,0.0,1.0,4.0,8.0,1.0,0.0,0.0,0.0,0.0,0.0,0.0,0.0,0.0,1.0,11.0,2.0,0.0,3.0,5.0,13.0,1.0,2.0,16.0,17.0,52.0,8.0,11.0,8.0,11.0,39.0,5.0,7.0,63.0,44.0,351.0
2021-02-21,10.147500038146973,5.0,0.0,2.0,2.0,0.0,3.0,1.0,1.0,4.0,2.0,0.0,0.0,1.0,0.0,0.0,0.0,0.0,0.0,0.0,0.0,11.0,3.0,4.0,4.0,5.0,8.0,1.0,3.0,14.0,8.0,43.0,5.0,8.0,2.0,12.0,31.0,14.0,11.0,44.0,35.0,287.0
2021-02-22,11.5,1.0,1.0,0.0,0.0,1.0,5.0,4.0,1.0,6.0,6.0,2.0,1.0,1.0,0.0,0.0,2.0,0.0,0.0,0.0,0.0,16.0,2.0,2.0,5.0,6.0,9.0,5.0,2.0,17.0,23.0,102.0,23.0,10.0,7.0,20.0,45.0,17.0,9.0,60.0,90.0,501.0
2021-02-23,11.242500305175781,8.0,1.0,1.0,0.0,3.0,9.0,4.0,1.0,6.0,3.0,2.0,0.0,1.0,1.0,0.0,0.0,0.0,0.0,0.0,1.0,25.0,6.0,2.0,4.0,3.0,10.0,2.0,3.0,21.0,13.0,104.0,31.0,17.0,16.0,14.0,47.0,17.0,16.0,55.0,80.0,527.0
2021-02-24,22.927499771118164,18.0,2.0,0.0,2.0,5.0,10.0,3.0,3.0,3.0,11.0,4.0,0.0,0.0,0.0,1.0,1.0,1.0,0.0,0.0,4.0,55.0,10.0,2.0,4.0,10.0,25.0,5.0,14.0,17.0,77.0,302.0,58.0,30.0,26.0,27.0,94.0,37.0,54.0,91.0,282.0,1288.0
2021-02-25,27.1825008392334,20.0,8.0,5.0,1.0,1.0,10.0,4.0,0.0,7.0,16.0,10.0,1.0,0.0,1.0,1.0,2.0,0.0,0.0,0.0,6.0,81.0,11.0,8.0,9.0,8.0,28.0,9.0,10.0,33.0,71.0,484.0,87.0,36.0,17.0,34.0,153.0,43.0,66.0,159.0,350.0,1790.0
2021-02-26,25.434999465942383,14.0,7.0,2.0,0.0,2.0,17.0,4.0,1.0,9.0,5.0,2.0,2.0,1.0,1.0,0.0,0.0,2.0,0.0,1.0,3.0,54.0,14.0,7.0,7.0,7.0,20.0,8.0,6.0,33.0,52.0,292.0,51.0,27.0,23.0,14.0,134.0,26.0,33.0,132.0,238.0,1251.0
2021-02-27,25.434999465942383,5.0,1.0,1.0,2.0,0.0,12.0,1.0,0.0,10.0,6.0,3.0,0.0,1.0,0.0,0.0,2.0,0.0,0.0,0.0,1.0,23.0,6.0,4.0,5.0,4.0,15.0,4.0,0.0,34.0,20.0,78.0,13.0,17.0,16.0,11.0,75.0,6.0,9.0,87.0,97.0,569.0
2021-02-28,25.434999465942383,4.0,1.0,2.0,0.0,1.0,10.0,2.0,0.0,11.0,5.0,1.0,0.0,0.0,1.0,0.0,1.0,0.0,0.0,0.0,1.0,26.0,5.0,4.0,5.0,4.0,22.0,3.0,3.0,23.0,20.0,119.0,18.0,28.0,7.0,13.0,92.0,4.0,13.0,90.0,110.0,649.0
2021-03-01,30.100000381469727,9.0,3.0,0.0,0.0,0.0,9.0,0.0,1.0,12.0,4.0,2.0,1.0,1.0,0.0,0.0,1.0,0.0,0.0,1.0,1.0,17.0,8.0,4.0,4.0,5.0,8.0,4.0,6.0,17.0,28.0,161.0,38.0,13.0,10.0,16.0,80.0,20.0,20.0,76.0,154.0,734.0
2021-03-02,29.545000076293945,10.0,5.0,0.0,2.0,0.0,10.0,2.0,2.0,4.0,3.0,2.0,2.0,0.0,0.0,0.0,0.0,2.0,0.0,1.0,2.0,25.0,8.0,8.0,0.0,4.0,14.0,8.0,3.0,24.0,21.0,179.0,39.0,18.0,18.0,16.0,87.0,23.0,23.0,91.0,136.0,792.0
2021-03-03,31.045000076293945,6.0,5.0,1.0,0.0,0.0,8.0,4.0,1.0,5.0,13.0,4.0,1.0,0.0,0.0,0.0,2.0,1.0,0.0,1.0,2.0,29.0,5.0,2.0,8.0,6.0,13.0,7.0,1.0,17.0,47.0,172.0,36.0,16.0,15.0,22.0,74.0,33.0,17.0,75.0,164.0,813.0
2021-03-04,33.087501525878906,11.0,6.0,3.0,1.0,3.0,5.0,4.0,0.0,9.0,6.0,10.0,0.0,1.0,1.0,0.0,2.0,0.0,1.0,1.0,1.0,38.0,9.0,4.0,4.0,2.0,19.0,3.0,6.0,22.0,34.0,201.0,46.0,19.0,14.0,18.0,76.0,18.0,17.0,89.0,172.0,876.0
2021-03-05,34.435001373291016,9.0,6.0,1.0,0.0,2.0,11.0,4.0,2.0,7.0,10.0,3.0,0.0,0.0,1.0,1.0,1.0,0.0,0.0,1.0,8.0,37.0,5.0,8.0,1.0,4.0,19.0,4.0,2.0,29.0,27.0,201.0,37.0,19.0,7.0,17.0,77.0,17.0,30.0,92.0,150.0,850.0
2021-03-06,34.435001373291016,10.0,2.0,4.0,0.0,5.0,4.0,1.0,0.0,6.0,8.0,2.0,0.0,1.0,0.0,0.0,1.0,0.0,0.0,2.0,0.0,12.0,4.0,1.0,1.0,3.0,13.0,0.0,1.0,15.0,22.0,84.0,11.0,14.0,15.0,25.0,52.0,9.0,7.0,77.0,84.0,496.0
2021-03-07,34.435001373291016,3.0,0.0,0.0,0.0,2.0,5.0,1.0,1.0,8.0,7.0,3.0,0.0,0.0,1.0,0.0,0.0,0.0,0.0,1.0,1.0,19.0,1.0,2.0,1.0,0.0,8.0,2.0,1.0,7.0,16.0,89.0,8.0,11.0,4.0,13.0,35.0,2.0,8.0,68.0,65.0,393.0
2021-03-08,48.625,6.0,1.0,2.0,0.0,0.0,9.0,4.0,2.0,4.0,5.0,7.0,0.0,0.0,0.0,0.0,0.0,2.0,0.0,3.0,3.0,27.0,5.0,2.0,2.0,2.0,7.0,5.0,4.0,12.0,20.0,164.0,34.0,8.0,10.0,20.0,33.0,7.0,22.0,57.0,113.0,602.0
2021-03-09,61.724998474121094,6.0,12.0,2.0,0.0,0.0,12.0,2.0,2.0,10.0,15.0,6.0,1.0,1.0,1.0,0.0,1.0,1.0,1.0,6.0,6.0,49.0,9.0,5.0,5.0,6.0,12.0,8.0,2.0,47.0,52.0,319.0,55.0,27.0,23.0,31.0,75.0,38.0,26.0,161.0,249.0,1284.0
2021-03-10,66.25,21.0,6.0,2.0,3.0,3.0,19.0,7.0,2.0,13.0,28.0,24.0,2.0,1.0,2.0,2.0,6.0,3.0,1.0,6.0,19.0,130.0,24.0,8.0,12.0,7.0,48.0,15.0,16.0,46.0,140.0,756.0,116.0,49.0,33.0,31.0,217.0,103.0,84.0,234.0,602.0,2841.0
2021-03-11,65.0,7.0,12.0,6.0,4.0,0.0,16.0,7.0,2.0,13.0,16.0,4.0,4.0,2.0,2.0,1.0,6.0,1.0,0.0,1.0,4.0,55.0,22.0,3.0,1.0,6.0,20.0,17.0,7.0,31.0,57.0,285.0,97.0,38.0,30.0,28.0,138.0,58.0,32.0,168.0,320.0,1521.0
2021-03-12,66.125,10.0,2.0,5.0,0.0,1.0,15.0,5.0,3.0,5.0,15.0,5.0,2.0,1.0,0.0,1.0,0.0,0.0,0.0,4.0,9.0,35.0,7.0,6.0,4.0,4.0,24.0,12.0,8.0,33.0,51.0,229.0,45.0,31.0,25.0,23.0,115.0,45.0,34.0,136.0,255.0,1205.0
2021-03-13,66.125,9.0,0.0,1.0,0.0,1.0,17.0,0.0,2.0,9.0,14.0,4.0,1.0,1.0,1.0,0.0,2.0,0.0,0.0,2.0,5.0,14.0,3.0,5.0,5.0,7.0,21.0,0.0,0.0,23.0,43.0,119.0,18.0,25.0,19.0,25.0,96.0,10.0,24.0,113.0,177.0,816.0
2021-03-14,66.125,9.0,1.0,4.0,3.0,2.0,4.0,1.0,0.0,11.0,11.0,5.0,0.0,0.0,1.0,3.0,2.0,0.0,1.0,2.0,6.0,21.0,6.0,4.0,7.0,3.0,7.0,3.0,2.0,33.0,48.0,176.0,21.0,19.0,7.0,28.0,75.0,11.0,23.0,149.0,194.0,903.0
2021-03-15,55.03499984741211,20.0,5.0,4.0,3.0,2.0,17.0,6.0,3.0,5.0,17.0,11.0,2.0,1.0,1.0,1.0,4.0,0.0,1.0,2.0,7.0,75.0,11.0,3.0,6.0,4.0,11.0,11.0,14.0,30.0,66.0,391.0,82.0,22.0,19.0,27.0,124.0,43.0,64.0,135.0,343.0,1593.0
2021-03-16,52.04249954223633,17.0,6.0,1.0,2.0,7.0,14.0,2.0,2.0,11.0,19.0,5.0,2.0,1.0,0.0,3.0,3.0,2.0,1.0,3.0,11.0,84.0,11.0,2.0,5.0,4.0,26.0,15.0,14.0,43.0,96.0,463.0,67.0,34.0,31.0,31.0,178.0,44.0,66.0,203.0,411.0,1940.0
2021-03-17,52.45249938964844,9.0,4.0,2.0,2.0,6.0,11.0,1.0,8.0,10.0,16.0,6.0,1.0,1.0,0.0,2.0,3.0,1.0,0.0,1.0,6.0,45.0,10.0,1.0,5.0,12.0,25.0,9.0,13.0,41.0,68.0,336.0,45.0,31.0,24.0,70.0,98.0,26.0,82.0,170.0,278.0,1479.0
2021-03-18,50.4375,13.0,5.0,5.0,4.0,9.0,7.0,5.0,0.0,9.0,22.0,5.0,1.0,1.0,0.0,2.0,3.0,1.0,0.0,2.0,9.0,47.0,17.0,6.0,3.0,12.0,15.0,11.0,8.0,32.0,63.0,325.0,54.0,30.0,16.0,65.0,128.0,48.0,58.0,155.0,327.0,1523.0
2021-03-19,50.067501068115234,14.0,4.0,3.0,3.0,2.0,14.0,4.0,8.0,17.0,33.0,12.0,1.0,1.0,2.0,0.0,5.0,1.0,2.0,7.0,19.0,69.0,24.0,8.0,7.0,9.0,40.0,12.0,19.0,58.0,123.0,467.0,86.0,38.0,32.0,50.0,157.0,62.0,103.0,231.0,636.0,2383.0
2021-03-20,50.067501068115234,4.0,1.0,0.0,1.0,4.0,8.0,2.0,1.0,11.0,9.0,3.0,1.0,1.0,1.0,1.0,2.0,0.0,2.0,3.0,3.0,35.0,5.0,3.0,2.0,11.0,11.0,7.0,2.0,41.0,45.0,151.0,10.0,22.0,18.0,51.0,80.0,22.0,15.0,130.0,183.0,902.0
2021-03-21,50.067501068115234,6.0,3.0,3.0,0.0,2.0,5.0,0.0,0.0,9.0,14.0,1.0,0.0,0.0,0.0,0.0,1.0,0.0,1.0,3.0,0.0,23.0,2.0,2.0,1.0,6.0,14.0,3.0,7.0,33.0,53.0,123.0,20.0,21.0,22.0,29.0,78.0,27.0,29.0,163.0,182.0,886.0
2021-03-22,48.622501373291016,8.0,4.0,5.0,3.0,2.0,13.0,5.0,0.0,8.0,15.0,4.0,3.0,1.0,2.0,0.0,1.0,3.0,1.0,1.0,6.0,55.0,11.0,5.0,6.0,14.0,14.0,13.0,9.0,47.0,51.0,239.0,40.0,37.0,27.0,50.0,102.0,64.0,53.0,170.0,305.0,1397.0
2021-03-23,45.4375,14.0,5.0,1.0,10.0,6.0,7.0,8.0,3.0,18.0,17.0,14.0,2.0,4.0,1.0,2.0,3.0,2.0,1.0,7.0,8.0,73.0,19.0,11.0,16.0,10.0,32.0,18.0,21.0,67.0,88.0,380.0,78.0,32.0,77.0,43.0,142.0,61.0,97.0,254.0,481.0,2133.0
2021-03-24,30.084999084472656,26.0,9.0,7.0,5.0,2.0,11.0,12.0,6.0,13.0,28.0,24.0,3.0,0.0,1.0,1.0,13.0,1.0,3.0,3.0,15.0,106.0,18.0,16.0,16.0,9.0,58.0,22.0,24.0,64.0,102.0,666.0,83.0,51.0,67.0,57.0,257.0,90.0,102.0,285.0,548.0,2824.0
2021-03-25,45.9375,12.0,10.0,7.0,2.0,3.0,11.0,14.0,2.0,14.0,20.0,12.0,2.0,0.0,2.0,2.0,8.0,2.0,2.0,10.0,19.0,71.0,14.0,17.0,10.0,12.0,44.0,19.0,18.0,65.0,82.0,392.0,68.0,36.0,51.0,66.0,187.0,91.0,93.0,283.0,465.0,2238.0
2021-03-26,45.25,9.0,8.0,3.0,0.0,5.0,14.0,6.0,3.0,21.0,9.0,6.0,0.0,3.0,0.0,2.0,3.0,5.0,1.0,7.0,6.0,46.0,17.0,7.0,9.0,9.0,15.0,11.0,7.0,50.0,64.0,303.0,63.0,38.0,18.0,47.0,115.0,61.0,48.0,243.0,304.0,1586.0
2021-03-27,45.25,6.0,2.0,3.0,4.0,2.0,5.0,4.0,2.0,9.0,8.0,7.0,1.0,1.0,0.0,3.0,1.0,1.0,0.0,6.0,14.0,24.0,1.0,6.0,5.0,10.0,16.0,5.0,4.0,40.0,31.0,115.0,21.0,19.0,25.0,39.0,78.0,16.0,19.0,184.0,121.0,858.0
2021-03-28,45.25,2.0,3.0,2.0,3.0,1.0,8.0,1.0,1.0,11.0,10.0,5.0,0.0,0.0,0.0,0.0,2.0,0.0,1.0,6.0,8.0,19.0,1.0,7.0,5.0,8.0,8.0,4.0,5.0,19.0,36.0,84.0,16.0,25.0,18.0,24.0,41.0,21.0,11.0,101.0,169.0,686.0
2021-03-29,45.32500076293945,4.0,5.0,4.0,3.0,1.0,7.0,2.0,1.0,3.0,10.0,6.0,4.0,0.0,1.0,0.0,5.0,2.0,1.0,1.0,7.0,19.0,6.0,0.0,8.0,10.0,18.0,11.0,7.0,23.0,47.0,152.0,25.0,30.0,31.0,44.0,79.0,26.0,27.0,107.0,239.0,976.0
2021-03-30,48.6150016784668,3.0,5.0,4.0,3.0,2.0,7.0,6.0,4.0,17.0,22.0,11.0,1.0,1.0,1.0,1.0,6.0,2.0,2.0,10.0,10.0,19.0,8.0,11.0,11.0,7.0,10.0,7.0,12.0,41.0,67.0,119.0,38.0,25.0,30.0,26.0,89.0,30.0,37.0,135.0,259.0,1099.0
2021-03-31,47.45500183105469,3.0,6.0,4.0,3.0,9.0,4.0,4.0,1.0,9.0,10.0,9.0,2.0,3.0,0.0,3.0,0.0,1.0,1.0,5.0,7.0,12.0,11.0,10.0,3.0,11.0,8.0,12.0,2.0,24.0,42.0,117.0,36.0,31.0,29.0,34.0,78.0,34.0,25.0,123.0,149.0,875.0
2021-04-01,47.86249923706055,2.0,9.0,2.0,4.0,3.0,7.0,13.0,5.0,7.0,5.0,3.0,2.0,1.0,1.0,2.0,3.0,5.0,1.0,4.0,6.0,20.0,9.0,5.0,5.0,5.0,10.0,6.0,8.0,23.0,37.0,138.0,30.0,29.0,21.0,19.0,75.0,38.0,38.0,116.0,204.0,921.0
2021-04-02,47.86249923706055,3.0,1.0,4.0,3.0,4.0,6.0,3.0,2.0,8.0,9.0,3.0,1.0,1.0,0.0,0.0,2.0,1.0,0.0,1.0,6.0,12.0,8.0,7.0,0.0,4.0,7.0,7.0,5.0,27.0,34.0,75.0,11.0,12.0,14.0,27.0,46.0,12.0,18.0,138.0,176.0,698.0
2021-04-03,47.86249923706055,2.0,0.0,2.0,1.0,0.0,1.0,1.0,0.0,7.0,13.0,1.0,1.0,1.0,0.0,1.0,1.0,0.0,1.0,6.0,3.0,14.0,0.0,2.0,7.0,1.0,6.0,8.0,4.0,30.0,26.0,69.0,19.0,15.0,14.0,11.0,59.0,8.0,12.0,94.0,120.0,561.0
2021-04-04,47.86249923706055,4.0,0.0,1.0,1.0,2.0,9.0,2.0,1.0,8.0,6.0,1.0,2.0,0.0,0.0,1.0,3.0,0.0,1.0,1.0,7.0,9.0,4.0,2.0,0.0,2.0,6.0,5.0,1.0,18.0,14.0,61.0,8.0,11.0,2.0,19.0,53.0,10.0,9.0,82.0,87.0,453.0
2021-04-05,46.73749923706055,5.0,2.0,6.0,4.0,1.0,11.0,10.0,4.0,5.0,31.0,12.0,0.0,4.0,0.0,1.0,0.0,1.0,4.0,12.0,39.0,22.0,5.0,21.0,5.0,5.0,17.0,3.0,18.0,41.0,161.0,165.0,17.0,54.0,32.0,9.0,66.0,25.0,54.0,148.0,619.0,1639.0
2021-04-06,46.125,1.0,0.0,2.0,0.0,1.0,4.0,0.0,1.0,1.0,5.0,0.0,0.0,0.0,0.0,0.0,0.0,0.0,0.0,1.0,3.0,5.0,2.0,0.0,0.0,2.0,1.0,0.0,1.0,4.0,15.0,20.0,5.0,19.0,4.0,1.0,8.0,4.0,5.0,30.0,75.0,220.0
2021-04-07,44.49250030517578,0.0,2.0,2.0,0.0,0.0,1.0,0.0,0.0,1.0,2.0,0.0,0.0,0.0,0.0,0.0,1.0,0.0,0.0,0.0,1.0,1.0,1.0,0.0,0.0,1.0,0.0,0.0,0.0,3.0,5.0,16.0,5.0,4.0,3.0,3.0,6.0,3.0,9.0,14.0,22.0,106.0
2021-04-08,42.564998626708984,0.0,0.0,2.0,3.0,2.0,5.0,3.0,1.0,1.0,0.0,0.0,0.0,0.0,1.0,1.0,1.0,2.0,1.0,1.0,1.0,7.0,1.0,1.0,5.0,4.0,2.0,4.0,2.0,7.0,1.0,24.0,1.0,2.0,9.0,17.0,12.0,7.0,4.0,16.0,16.0,167.0
2021-04-09,39.59000015258789,1.0,0.0,5.0,1.0,2.0,1.0,2.0,2.0,3.0,0.0,1.0,0.0,1.0,1.0,0.0,0.0,0.0,0.0,1.0,0.0,4.0,2.0,1.0,0.0,2.0,4.0,3.0,1.0,8.0,2.0,35.0,0.0,7.0,6.0,12.0,13.0,7.0,8.0,21.0,30.0,187.0
2021-04-10,39.59000015258789,1.0,1.0,1.0,0.0,0.0,1.0,1.0,0.0,0.0,0.0,0.0,0.0,0.0,0.0,0.0,0.0,0.0,0.0,0.0,1.0,2.0,1.0,1.0,2.0,3.0,2.0,0.0,0.0,1.0,2.0,8.0,2.0,2.0,4.0,2.0,6.0,2.0,4.0,11.0,12.0,73.0
2021-04-11,39.59000015258789,1.0,0.0,0.0,0.0,1.0,2.0,2.0,0.0,2.0,0.0,0.0,0.0,0.0,0.0,0.0,0.0,0.0,0.0,1.0,0.0,2.0,0.0,0.0,0.0,1.0,1.0,0.0,0.0,8.0,3.0,12.0,0.0,1.0,3.0,4.0,8.0,2.0,3.0,11.0,20.0,88.0
2021-04-12,35.272499084472656,1.0,0.0,4.0,0.0,0.0,1.0,0.0,0.0,0.0,1.0,0.0,0.0,0.0,0.0,0.0,0.0,0.0,1.0,0.0,1.0,2.0,1.0,0.0,1.0,5.0,3.0,3.0,1.0,6.0,4.0,31.0,4.0,4.0,3.0,7.0,19.0,8.0,14.0,13.0,39.0,177.0
2021-04-13,35.247501373291016,1.0,0.0,1.0,0.0,0.0,0.0,2.0,0.0,2.0,0.0,1.0,0.0,0.0,0.0,0.0,0.0,0.0,1.0,1.0,0.0,1.0,0.0,0.0,2.0,1.0,4.0,2.0,1.0,5.0,7.0,20.0,0.0,6.0,1.0,8.0,14.0,5.0,5.0,16.0,23.0,130.0
2021-04-14,41.63249969482422,1.0,0.0,1.0,0.0,1.0,3.0,1.0,0.0,1.0,0.0,1.0,0.0,2.0,0.0,1.0,0.0,0.0,0.0,0.0,1.0,5.0,1.0,3.0,1.0,0.0,4.0,1.0,1.0,7.0,6.0,23.0,6.0,5.0,10.0,7.0,11.0,3.0,4.0,27.0,24.0,162.0
2021-04-15,39.11000061035156,1.0,0.0,3.0,0.0,0.0,4.0,1.0,1.0,2.0,1.0,1.0,0.0,0.0,0.0,0.0,0.0,0.0,0.0,2.0,0.0,4.0,1.0,0.0,0.0,0.0,3.0,2.0,0.0,5.0,6.0,16.0,2.0,6.0,4.0,3.0,6.0,4.0,5.0,16.0,26.0,125.0
2021-04-16,38.67250061035156,1.0,0.0,0.0,0.0,1.0,0.0,1.0,0.0,0.0,1.0,1.0,0.0,0.0,0.0,0.0,0.0,0.0,0.0,0.0,2.0,3.0,2.0,0.0,1.0,0.0,3.0,2.0,2.0,6.0,4.0,27.0,3.0,6.0,6.0,2.0,9.0,8.0,3.0,17.0,25.0,136.0
2021-04-17,38.67250061035156,1.0,0.0,1.0,0.0,0.0,0.0,0.0,0.0,1.0,2.0,2.0,0.0,0.0,0.0,0.0,0.0,0.0,0.0,0.0,0.0,6.0,0.0,1.0,2.0,2.0,2.0,2.0,4.0,3.0,5.0,16.0,2.0,4.0,0.0,2.0,4.0,3.0,2.0,17.0,21.0,105.0
2021-04-18,38.67250061035156,0.0,0.0,0.0,0.0,0.0,0.0,0.0,0.0,1.0,1.0,1.0,0.0,0.0,0.0,0.0,0.0,0.0,0.0,0.0,0.0,2.0,0.0,1.0,2.0,0.0,0.0,1.0,1.0,3.0,7.0,16.0,2.0,1.0,1.0,3.0,6.0,1.0,1.0,13.0,10.0,74.0
2021-04-19,41.092498779296875,0.0,0.0,1.0,0.0,0.0,1.0,0.0,0.0,2.0,1.0,3.0,0.0,0.0,0.0,0.0,2.0,0.0,0.0,0.0,0.0,8.0,0.0,0.0,1.0,2.0,0.0,1.0,0.0,4.0,4.0,23.0,6.0,3.0,5.0,2.0,7.0,3.0,2.0,14.0,21.0,116.0
2021-04-20,39.63249969482422,0.0,0.0,1.0,0.0,0.0,0.0,2.0,0.0,1.0,0.0,0.0,0.0,0.0,0.0,0.0,0.0,0.0,0.0,1.0,0.0,1.0,0.0,0.0,1.0,0.0,1.0,0.0,0.0,8.0,12.0,17.0,3.0,6.0,1.0,5.0,5.0,2.0,1.0,15.0,23.0,106.0
2021-04-21,39.627498626708984,0.0,0.0,1.0,0.0,0.0,0.0,0.0,1.0,1.0,1.0,3.0,0.0,0.0,0.0,1.0,0.0,0.0,0.0,1.0,0.0,5.0,0.0,2.0,1.0,1.0,0.0,2.0,1.0,4.0,4.0,23.0,3.0,3.0,0.0,7.0,13.0,7.0,3.0,13.0,21.0,122.0
2021-04-22,37.79249954223633,0.0,0.0,1.0,0.0,0.0,2.0,0.0,1.0,0.0,0.0,0.0,0.0,0.0,0.0,0.0,2.0,1.0,0.0,1.0,1.0,11.0,1.0,1.0,2.0,3.0,1.0,6.0,0.0,3.0,7.0,26.0,1.0,6.0,5.0,7.0,15.0,6.0,3.0,17.0,25.0,155.0
2021-04-23,37.79499816894531,0.0,0.0,1.0,0.0,2.0,1.0,3.0,0.0,2.0,0.0,1.0,0.0,1.0,0.0,2.0,0.0,0.0,0.0,1.0,3.0,4.0,0.0,2.0,3.0,9.0,1.0,6.0,0.0,8.0,10.0,24.0,3.0,6.0,7.0,24.0,8.0,9.0,5.0,26.0,27.0,199.0
2021-04-24,37.79499816894531,0.0,0.0,1.0,0.0,1.0,0.0,0.0,0.0,1.0,0.0,0.0,0.0,0.0,0.0,1.0,0.0,2.0,0.0,0.0,1.0,1.0,0.0,0.0,0.0,6.0,1.0,1.0,0.0,6.0,5.0,9.0,1.0,2.0,3.0,8.0,5.0,1.0,2.0,17.0,22.0,97.0
2021-04-25,37.79499816894531,0.0,0.0,1.0,0.0,0.0,0.0,0.0,0.0,0.0,2.0,0.0,0.0,0.0,0.0,1.0,1.0,0.0,0.0,0.0,1.0,8.0,2.0,0.0,1.0,4.0,2.0,2.0,0.0,5.0,4.0,20.0,2.0,3.0,2.0,5.0,9.0,3.0,0.0,8.0,7.0,93.0
2021-04-26,42.23249816894531,1.0,0.0,1.0,0.0,0.0,0.0,0.0,0.0,1.0,2.0,3.0,0.0,0.0,1.0,2.0,1.0,2.0,0.0,2.0,2.0,8.0,3.0,0.0,3.0,8.0,3.0,7.0,2.0,3.0,9.0,34.0,7.0,5.0,5.0,26.0,12.0,12.0,2.0,15.0,32.0,214.0
2021-04-27,44.442501068115234,0.0,0.0,1.0,0.0,0.0,3.0,2.0,0.0,3.0,2.0,3.0,1.0,0.0,1.0,1.0,0.0,2.0,0.0,0.0,1.0,5.0,1.0,1.0,0.0,3.0,4.0,3.0,2.0,6.0,7.0,33.0,6.0,3.0,5.0,15.0,15.0,5.0,2.0,13.0,33.0,182.0
2021-04-28,44.64500045776367,2.0,0.0,1.0,0.0,0.0,1.0,1.0,0.0,2.0,0.0,2.0,0.0,0.0,0.0,0.0,2.0,1.0,0.0,0.0,0.0,6.0,1.0,5.0,1.0,5.0,6.0,2.0,0.0,8.0,5.0,26.0,6.0,4.0,3.0,15.0,18.0,2.0,2.0,19.0,15.0,161.0
2021-04-29,44.04750061035156,1.0,0.0,1.0,0.0,1.0,0.0,4.0,0.0,1.0,2.0,1.0,0.0,0.0,0.0,0.0,2.0,2.0,0.0,0.0,0.0,6.0,0.0,3.0,1.0,5.0,3.0,4.0,1.0,7.0,10.0,25.0,9.0,2.0,3.0,13.0,13.0,16.0,1.0,26.0,24.0,187.0
2021-04-30,43.397499084472656,0.0,0.0,1.0,1.0,0.0,0.0,1.0,0.0,1.0,0.0,2.0,0.0,0.0,0.0,3.0,0.0,3.0,0.0,2.0,0.0,6.0,1.0,0.0,1.0,4.0,2.0,2.0,2.0,5.0,9.0,25.0,2.0,6.0,3.0,11.0,11.0,8.0,2.0,9.0,36.0,159.0
2021-05-01,43.397499084472656,0.0,0.0,1.0,0.0,0.0,1.0,0.0,0.0,2.0,3.0,0.0,0.0,0.0,0.0,1.0,1.0,0.0,0.0,1.0,0.0,3.0,0.0,1.0,0.0,1.0,2.0,0.0,0.0,7.0,5.0,12.0,3.0,3.0,2.0,10.0,8.0,1.0,5.0,17.0,11.0,101.0
2021-05-02,43.397499084472656,0.0,0.0,0.0,0.0,0.0,1.0,0.0,0.0,0.0,0.0,1.0,0.0,0.0,0.0,0.0,0.0,1.0,0.0,2.0,3.0,2.0,1.0,1.0,1.0,3.0,0.0,0.0,0.0,4.0,2.0,12.0,3.0,2.0,6.0,11.0,5.0,4.0,2.0,14.0,12.0,93.0
2021-05-03,40.54999923706055,0.0,1.0,0.0,0.0,0.0,1.0,0.0,0.0,1.0,0.0,5.0,0.0,0.0,0.0,2.0,2.0,1.0,0.0,0.0,2.0,12.0,1.0,0.0,1.0,4.0,1.0,3.0,1.0,5.0,3.0,28.0,5.0,6.0,2.0,9.0,10.0,15.0,2.0,11.0,21.0,155.0
2021-05-04,40.182498931884766,2.0,0.0,1.0,0.0,1.0,0.0,0.0,0.0,0.0,0.0,4.0,0.0,0.0,0.0,0.0,0.0,1.0,0.0,0.0,2.0,9.0,0.0,1.0,1.0,6.0,1.0,3.0,0.0,7.0,3.0,30.0,1.0,2.0,4.0,13.0,22.0,10.0,4.0,16.0,31.0,175.0
2021-05-05,39.869998931884766,0.0,0.0,1.0,0.0,1.0,2.0,2.0,0.0,1.0,0.0,4.0,2.0,0.0,1.0,3.0,1.0,4.0,0.0,3.0,4.0,9.0,1.0,4.0,4.0,11.0,1.0,2.0,2.0,3.0,9.0,38.0,10.0,4.0,8.0,42.0,11.0,12.0,1.0,22.0,39.0,262.0
2021-05-06,40.252498626708984,0.0,0.0,1.0,0.0,2.0,0.0,1.0,0.0,1.0,1.0,4.0,0.0,0.0,2.0,6.0,1.0,0.0,0.0,4.0,2.0,4.0,1.0,0.0,4.0,6.0,1.0,4.0,2.0,5.0,2.0,28.0,5.0,5.0,7.0,22.0,9.0,15.0,3.0,32.0,16.0,196.0
2021-05-07,40.27750015258789,0.0,0.0,0.0,0.0,1.0,0.0,1.0,0.0,2.0,0.0,0.0,0.0,0.0,0.0,0.0,0.0,0.0,0.0,0.0,2.0,5.0,2.0,0.0,2.0,1.0,1.0,3.0,1.0,5.0,5.0,11.0,0.0,5.0,4.0,14.0,6.0,5.0,5.0,22.0,16.0,119.0
2021-05-08,40.27750015258789,0.0,0.0,2.0,0.0,0.0,0.0,0.0,0.0,0.0,0.0,0.0,0.0,0.0,0.0,1.0,0.0,0.0,0.0,0.0,0.0,1.0,0.0,0.0,1.0,1.0,2.0,2.0,0.0,1.0,1.0,8.0,3.0,3.0,0.0,4.0,2.0,4.0,2.0,7.0,10.0,55.0
2021-05-09,40.27750015258789,0.0,0.0,0.0,0.0,0.0,1.0,0.0,0.0,0.0,1.0,0.0,0.0,0.0,0.0,1.0,0.0,0.0,0.0,0.0,0.0,3.0,0.0,0.0,0.0,2.0,0.0,3.0,0.0,1.0,2.0,5.0,1.0,1.0,1.0,4.0,5.0,4.0,2.0,12.0,6.0,55.0
2021-05-10,35.80500030517578,0.0,0.0,1.0,0.0,0.0,0.0,0.0,0.0,0.0,1.0,1.0,0.0,0.0,0.0,0.0,0.0,1.0,0.0,0.0,2.0,4.0,1.0,1.0,0.0,5.0,1.0,3.0,1.0,5.0,2.0,25.0,4.0,1.0,2.0,8.0,9.0,7.0,0.0,17.0,20.0,122.0
2021-05-11,36.72999954223633,1.0,0.0,0.0,0.0,0.0,0.0,0.0,0.0,0.0,0.0,2.0,1.0,1.0,0.0,0.0,1.0,0.0,0.0,0.0,1.0,2.0,2.0,0.0,0.0,1.0,1.0,3.0,0.0,3.0,3.0,20.0,2.0,7.0,2.0,9.0,9.0,7.0,1.0,7.0,12.0,98.0
2021-05-12,36.1974983215332,0.0,0.0,0.0,0.0,0.0,0.0,2.0,0.0,2.0,0.0,1.0,0.0,0.0,0.0,2.0,0.0,0.0,0.0,0.0,2.0,2.0,0.0,0.0,0.0,4.0,2.0,3.0,1.0,2.0,6.0,16.0,2.0,1.0,2.0,3.0,10.0,10.0,3.0,10.0,25.0,111.0
2021-05-13,41.125,0.0,0.0,1.0,0.0,0.0,1.0,1.0,1.0,0.0,0.0,2.0,0.0,0.0,1.0,0.0,0.0,0.0,0.0,0.0,1.0,3.0,2.0,1.0,1.0,1.0,3.0,5.0,1.0,5.0,1.0,36.0,4.0,0.0,4.0,4.0,4.0,4.0,7.0,16.0,21.0,131.0
2021-05-14,39.97999954223633,1.0,0.0,0.0,0.0,0.0,0.0,1.0,0.0,1.0,0.0,0.0,0.0,0.0,0.0,0.0,0.0,0.0,0.0,1.0,3.0,4.0,0.0,1.0,1.0,2.0,1.0,6.0,0.0,5.0,5.0,18.0,2.0,2.0,3.0,6.0,7.0,7.0,1.0,9.0,10.0,97.0
2021-05-15,39.97999954223633,0.0,0.0,1.0,0.0,0.0,0.0,0.0,0.0,0.0,0.0,0.0,0.0,0.0,0.0,0.0,0.0,0.0,0.0,1.0,1.0,0.0,1.0,0.0,0.0,2.0,2.0,1.0,1.0,2.0,1.0,8.0,2.0,4.0,2.0,4.0,7.0,3.0,1.0,10.0,14.0,68.0
2021-05-16,39.97999954223633,0.0,0.0,1.0,0.0,0.0,0.0,1.0,0.0,0.0,0.0,1.0,0.0,0.0,0.0,0.0,1.0,0.0,0.0,0.0,0.0,2.0,1.0,0.0,0.0,0.0,0.0,0.0,0.0,1.0,0.0,3.0,2.0,2.0,1.0,4.0,4.0,1.0,1.0,7.0,12.0,45.0
2021-05-17,45.150001525878906,0.0,0.0,1.0,0.0,0.0,0.0,0.0,0.0,0.0,0.0,0.0,0.0,1.0,0.0,0.0,0.0,1.0,1.0,0.0,1.0,2.0,0.0,1.0,1.0,2.0,1.0,1.0,0.0,3.0,5.0,12.0,8.0,2.0,4.0,2.0,3.0,8.0,2.0,5.0,15.0,82.0
2021-05-18,45.16749954223633,0.0,0.0,1.0,1.0,0.0,0.0,0.0,0.0,0.0,0.0,0.0,0.0,0.0,0.0,2.0,0.0,0.0,0.0,1.0,1.0,1.0,3.0,3.0,1.0,4.0,0.0,1.0,2.0,1.0,5.0,10.0,5.0,2.0,3.0,4.0,5.0,2.0,4.0,7.0,16.0,85.0
2021-05-19,42.20750045776367,2.0,0.0,1.0,1.0,0.0,1.0,0.0,0.0,0.0,0.0,0.0,0.0,0.0,0.0,2.0,0.0,0.0,0.0,1.0,1.0,1.0,1.0,0.0,0.0,0.0,0.0,1.0,0.0,2.0,3.0,11.0,3.0,1.0,0.0,3.0,8.0,5.0,3.0,11.0,7.0,69.0
2021-05-20,42.622501373291016,0.0,0.0,1.0,0.0,0.0,0.0,0.0,0.0,0.0,0.0,0.0,0.0,0.0,0.0,1.0,0.0,1.0,0.0,0.0,1.0,2.0,0.0,1.0,0.0,2.0,0.0,1.0,0.0,4.0,2.0,8.0,3.0,1.0,1.0,3.0,3.0,2.0,1.0,9.0,10.0,57.0
2021-05-21,44.1974983215332,0.0,0.0,0.0,0.0,1.0,0.0,0.0,0.0,0.0,1.0,3.0,0.0,0.0,0.0,0.0,0.0,0.0,1.0,1.0,0.0,2.0,0.0,0.0,1.0,2.0,0.0,1.0,1.0,4.0,3.0,8.0,0.0,5.0,1.0,4.0,3.0,5.0,0.0,10.0,8.0,65.0
2021-05-22,44.1974983215332,0.0,0.0,0.0,0.0,0.0,0.0,0.0,0.0,0.0,0.0,0.0,0.0,0.0,0.0,0.0,0.0,0.0,0.0,0.0,1.0,0.0,1.0,1.0,0.0,1.0,2.0,0.0,0.0,3.0,1.0,3.0,1.0,2.0,2.0,5.0,2.0,0.0,1.0,9.0,5.0,40.0
2021-05-23,44.1974983215332,0.0,0.0,0.0,0.0,1.0,1.0,0.0,1.0,0.0,1.0,1.0,0.0,0.0,0.0,1.0,0.0,0.0,0.0,0.0,2.0,3.0,0.0,0.0,0.0,0.0,0.0,0.0,0.0,0.0,1.0,9.0,1.0,1.0,0.0,1.0,1.0,0.0,0.0,8.0,10.0,43.0
2021-05-24,45.002498626708984,0.0,0.0,0.0,0.0,0.0,0.0,0.0,0.0,0.0,0.0,1.0,0.0,0.0,0.0,0.0,0.0,0.0,0.0,3.0,2.0,3.0,0.0,0.0,0.0,0.0,2.0,0.0,1.0,3.0,2.0,9.0,2.0,3.0,1.0,1.0,1.0,2.0,4.0,7.0,6.0,53.0
2021-05-25,52.35749816894531,3.0,0.0,0.0,0.0,0.0,0.0,1.0,0.0,0.0,0.0,0.0,0.0,0.0,1.0,0.0,0.0,1.0,0.0,2.0,5.0,2.0,2.0,1.0,1.0,2.0,5.0,0.0,0.0,2.0,9.0,28.0,8.0,4.0,5.0,7.0,8.0,8.0,2.0,14.0,26.0,147.0
2021-05-26,60.63999938964844,1.0,0.0,0.0,0.0,1.0,1.0,0.0,0.0,0.0,1.0,2.0,1.0,0.0,0.0,0.0,1.0,1.0,0.0,3.0,0.0,5.0,1.0,0.0,2.0,1.0,6.0,1.0,0.0,3.0,3.0,25.0,1.0,1.0,4.0,2.0,6.0,11.0,3.0,9.0,21.0,117.0
2021-05-27,63.532501220703125,0.0,0.0,0.0,0.0,0.0,0.0,1.0,0.0,0.0,0.0,1.0,0.0,0.0,0.0,0.0,1.0,0.0,0.0,1.0,2.0,5.0,2.0,0.0,1.0,3.0,1.0,2.0,1.0,2.0,5.0,12.0,4.0,1.0,2.0,4.0,11.0,4.0,0.0,9.0,15.0,90.0
2021-05-28,55.5,0.0,0.0,0.0,0.0,0.0,1.0,1.0,0.0,0.0,0.0,3.0,0.0,0.0,0.0,0.0,0.0,0.0,1.0,1.0,0.0,1.0,0.0,0.0,1.0,0.0,3.0,1.0,0.0,1.0,10.0,19.0,0.0,2.0,0.0,7.0,11.0,6.0,2.0,10.0,19.0,100.0
2021-05-29,55.5,0.0,0.0,0.0,0.0,0.0,0.0,0.0,0.0,0.0,0.0,0.0,0.0,0.0,0.0,0.0,0.0,0.0,0.0,1.0,0.0,0.0,0.0,0.0,0.0,2.0,1.0,0.0,0.0,4.0,3.0,3.0,2.0,1.0,0.0,3.0,5.0,2.0,0.0,6.0,7.0,40.0
2021-05-30,55.5,0.0,0.0,0.0,0.0,0.0,0.0,0.0,0.0,0.0,0.0,2.0,0.0,0.0,0.0,0.0,0.0,0.0,0.0,0.0,0.0,0.0,0.0,0.0,0.0,1.0,1.0,1.0,0.0,2.0,3.0,2.0,1.0,2.0,0.0,3.0,3.0,1.0,0.0,5.0,5.0,32.0
